This file contains any messages produced by compilers while
running configure, to aid debugging if configure makes a mistake.

It was created by MPFR configure 4.2.1, which was
generated by GNU Autoconf 2.71.  Invocation command line was

  $ ./configure --disable-shared --enable-static --host=none --prefix=/home/juli/Matlab/scctools/ports/c_symb/mpfr-4.2.1/install --with-gmp-lib=../gmp-6.2.1/install/lib --with-gmp-include=../gmp-6.2.1/install/include

## --------- ##
## Platform. ##
## --------- ##

hostname = cape-town
uname -m = x86_64
uname -r = 5.15.173-1-MANJARO
uname -s = Linux
uname -v = #1 SMP PREEMPT Sun Nov 17 21:30:08 UTC 2024

/usr/bin/uname -p = unknown
/bin/uname -X     = unknown

/bin/arch              = unknown
/usr/bin/arch -k       = unknown
/usr/convex/getsysinfo = unknown
/usr/bin/hostinfo      = unknown
/bin/machine           = unknown
/usr/bin/oslevel       = unknown
/bin/universe          = unknown

PATH: /usr/lib/emsdk/upstream/emscripten/cache/sysroot/bin/
PATH: /usr/share/pyenv/libexec/
PATH: /home/juli/.pyenv/plugins/pyenv-virtualenv/bin/
PATH: /usr/share/pyenv/plugins/python-build/bin/
PATH: /usr/share/pyenv/plugins/pyenv-virtualenv/bin/
PATH: /usr/lib/emsdk/
PATH: /usr/lib/emsdk/upstream/emscripten/
PATH: /usr/share/pyenv/libexec/
PATH: /home/juli/.pyenv/plugins/pyenv-virtualenv/bin/
PATH: /usr/share/pyenv/plugins/python-build/bin/
PATH: /usr/share/pyenv/plugins/pyenv-virtualenv/bin/
PATH: /home/juli/.pyenv/plugins/pyenv-virtualenv/shims/
PATH: /home/juli/.pyenv/shims/
PATH: /home/juli/.pyenv/bin/
PATH: /opt/jython/bin/
PATH: /opt/google-cloud-cli/bin/
PATH: /home/juli/.sdkman/candidates/java/current/bin/
PATH: /home/juli/.sdkman/candidates/gcn/current/
PATH: /home/juli/.nvm/versions/node/v20.15.0/bin/
PATH: /home/juli/.local/bin/
PATH: /usr/local/sbin/
PATH: /usr/local/bin/
PATH: /usr/bin/
PATH: /opt/cuda/bin/
PATH: /opt/cuda/nsight_compute/
PATH: /opt/cuda/nsight_systems/bin/
PATH: /usr/lib/emscripten/
PATH: /usr/lib/jvm/default/bin/
PATH: /usr/bin/site_perl/
PATH: /usr/bin/vendor_perl/
PATH: /usr/bin/core_perl/
PATH: /opt/rocm/bin/
PATH: /var/lib/snapd/snap/bin/
PATH: /opt/mssql-tools/bin/
PATH: /home/juli/.yarn/bin/
PATH: /home/juli/.bin/
PATH: /home/juli/.fly/bin/


## ----------- ##
## Core tests. ##
## ----------- ##

configure:2865: looking for aux files: ltmain.sh ar-lib compile missing install-sh config.guess config.sub
configure:2878:  trying ./
configure:2907:   ./ltmain.sh found
configure:2907:   ./ar-lib found
configure:2907:   ./compile found
configure:2907:   ./missing found
configure:2889:   ./install-sh found
configure:2907:   ./config.guess found
configure:2907:   ./config.sub found
configure:3026: checking build system type
configure:3041: result: x86_64-pc-linux-gnu
configure:3061: checking host system type
configure:3075: result: none-none-none
configure:3113: checking for a BSD-compatible install
configure:3186: result: /usr/bin/install -c
configure:3197: checking whether build environment is sane
configure:3252: result: yes
configure:3308: checking for none-strip
configure:3343: result: no
configure:3353: checking for strip
configure:3374: found /usr/bin/strip
configure:3385: result: strip
configure:3411: checking for a race-free mkdir -p
configure:3455: result: /usr/bin/mkdir -p
configure:3462: checking for gawk
configure:3483: found /usr/bin/gawk
configure:3494: result: gawk
configure:3505: checking whether make sets $(MAKE)
configure:3528: result: yes
configure:3558: checking whether make supports nested variables
configure:3576: result: yes
configure:3708: checking whether to enable maintainer-specific portions of Makefiles
configure:3718: result: yes
configure:3742: checking for grep that handles long lines and -e
configure:3806: result: /usr/bin/grep
configure:3811: checking for egrep
configure:3879: result: /usr/bin/grep -E
configure:3884: checking for a sed that does not truncate output
configure:3954: result: /usr/bin/sed
configure:4374: checking whether configure options are compatible
configure:4397: result: yes
configure:4484: checking for none-gcc
configure:4516: result: /usr/lib/emsdk/upstream/emscripten/emcc
configure:4914: checking for C compiler version
configure:4923: /usr/lib/emsdk/upstream/emscripten/emcc --version >&5
emcc (Emscripten gcc/clang-like replacement + linker emulating GNU ld) 3.1.65 (7f8a05dd4e37cbd7ffde6d624f91fd545f7b52e3)
Copyright (C) 2014 the Emscripten authors (see AUTHORS.txt)
This is free and open source software under the MIT license.
There is NO warranty; not even for MERCHANTABILITY or FITNESS FOR A PARTICULAR PURPOSE.

configure:4934: $? = 0
configure:4923: /usr/lib/emsdk/upstream/emscripten/emcc -v >&5
emcc (Emscripten gcc/clang-like replacement + linker emulating GNU ld) 3.1.65 (7f8a05dd4e37cbd7ffde6d624f91fd545f7b52e3)
clang version 20.0.0git (https:/github.com/llvm/llvm-project 547917aebd1e79a8929b53f0ddf3b5185ee4df74)
Target: wasm32-unknown-emscripten
Thread model: posix
InstalledDir: /usr/lib/emsdk/upstream/bin
configure:4934: $? = 0
configure:4923: /usr/lib/emsdk/upstream/emscripten/emcc -V >&5
emcc: error: no input files
configure:4934: $? = 1
configure:4923: /usr/lib/emsdk/upstream/emscripten/emcc -qversion >&5
emcc: error: no input files
configure:4934: $? = 1
configure:4923: /usr/lib/emsdk/upstream/emscripten/emcc -version >&5
emcc: error: no input files
configure:4934: $? = 1
configure:4954: checking whether the C compiler works
configure:4976: /usr/lib/emsdk/upstream/emscripten/emcc   -I/home/juli/Matlab/scctools/ports/c_symb/gmp-6.2.1/install/include  -L/home/juli/Matlab/scctools/ports/c_symb/gmp-6.2.1/install/lib conftest.c  >&5
configure:4980: $? = 0
configure:5030: result: yes
configure:5033: checking for C compiler default output file name
configure:5035: result: a.out
configure:5041: checking for suffix of executables
configure:5048: /usr/lib/emsdk/upstream/emscripten/emcc -o conftest   -I/home/juli/Matlab/scctools/ports/c_symb/gmp-6.2.1/install/include  -L/home/juli/Matlab/scctools/ports/c_symb/gmp-6.2.1/install/lib conftest.c  >&5
configure:5052: $? = 0
configure:5075: result: 
configure:5097: checking whether we are cross compiling
configure:5105: /usr/lib/emsdk/upstream/emscripten/emcc -o conftest   -I/home/juli/Matlab/scctools/ports/c_symb/gmp-6.2.1/install/include  -L/home/juli/Matlab/scctools/ports/c_symb/gmp-6.2.1/install/lib conftest.c  >&5
configure:5109: $? = 0
configure:5116: ./conftest
configure:5120: $? = 0
configure:5135: result: no
configure:5140: checking for suffix of object files
configure:5163: /usr/lib/emsdk/upstream/emscripten/emcc -c   -I/home/juli/Matlab/scctools/ports/c_symb/gmp-6.2.1/install/include conftest.c >&5
configure:5167: $? = 0
configure:5189: result: o
configure:5193: checking whether the compiler supports GNU C
configure:5213: /usr/lib/emsdk/upstream/emscripten/emcc -c   -I/home/juli/Matlab/scctools/ports/c_symb/gmp-6.2.1/install/include conftest.c >&5
configure:5213: $? = 0
configure:5223: result: yes
configure:5234: checking whether /usr/lib/emsdk/upstream/emscripten/emcc accepts -g
configure:5255: /usr/lib/emsdk/upstream/emscripten/emcc -c -g  -I/home/juli/Matlab/scctools/ports/c_symb/gmp-6.2.1/install/include conftest.c >&5
configure:5255: $? = 0
configure:5299: result: yes
configure:5319: checking for /usr/lib/emsdk/upstream/emscripten/emcc option to enable C11 features
configure:5334: /usr/lib/emsdk/upstream/emscripten/emcc  -c -g -O2  -I/home/juli/Matlab/scctools/ports/c_symb/gmp-6.2.1/install/include conftest.c >&5
configure:5334: $? = 0
configure:5352: result: none needed
configure:5468: checking whether /usr/lib/emsdk/upstream/emscripten/emcc understands -c and -o together
configure:5491: /usr/lib/emsdk/upstream/emscripten/emcc -c conftest.c -o conftest2.o
configure:5494: $? = 0
configure:5491: /usr/lib/emsdk/upstream/emscripten/emcc -c conftest.c -o conftest2.o
configure:5494: $? = 0
configure:5506: result: yes
configure:5526: checking whether make supports the include directive
configure:5541: make -f confmf.GNU && cat confinc.out
this is the am__doit target
configure:5544: $? = 0
configure:5563: result: yes (GNU style)
configure:5589: checking dependency style of /usr/lib/emsdk/upstream/emscripten/emcc
configure:5701: result: gcc3
configure:5721: checking how to run the C preprocessor
configure:5747: /usr/lib/emsdk/upstream/emscripten/emcc -E  -I/home/juli/Matlab/scctools/ports/c_symb/gmp-6.2.1/install/include conftest.c
configure:5747: $? = 0
configure:5762: /usr/lib/emsdk/upstream/emscripten/emcc -E  -I/home/juli/Matlab/scctools/ports/c_symb/gmp-6.2.1/install/include conftest.c
conftest.c:9:10: fatal error: 'ac_nonexistent.h' file not found
    9 | #include <ac_nonexistent.h>
      |          ^~~~~~~~~~~~~~~~~~
1 error generated.
configure:5762: $? = 1
configure: failed program was:
| /* confdefs.h */
| #define PACKAGE_NAME "MPFR"
| #define PACKAGE_TARNAME "mpfr"
| #define PACKAGE_VERSION "4.2.1"
| #define PACKAGE_STRING "MPFR 4.2.1"
| #define PACKAGE_BUGREPORT ""
| #define PACKAGE_URL ""
| /* end confdefs.h.  */
| #include <ac_nonexistent.h>
configure:5789: result: /usr/lib/emsdk/upstream/emscripten/emcc -E
configure:5803: /usr/lib/emsdk/upstream/emscripten/emcc -E  -I/home/juli/Matlab/scctools/ports/c_symb/gmp-6.2.1/install/include conftest.c
configure:5803: $? = 0
configure:5818: /usr/lib/emsdk/upstream/emscripten/emcc -E  -I/home/juli/Matlab/scctools/ports/c_symb/gmp-6.2.1/install/include conftest.c
conftest.c:9:10: fatal error: 'ac_nonexistent.h' file not found
    9 | #include <ac_nonexistent.h>
      |          ^~~~~~~~~~~~~~~~~~
1 error generated.
configure:5818: $? = 1
configure: failed program was:
| /* confdefs.h */
| #define PACKAGE_NAME "MPFR"
| #define PACKAGE_TARNAME "mpfr"
| #define PACKAGE_VERSION "4.2.1"
| #define PACKAGE_STRING "MPFR 4.2.1"
| #define PACKAGE_BUGREPORT ""
| #define PACKAGE_URL ""
| /* end confdefs.h.  */
| #include <ac_nonexistent.h>
configure:5862: checking for none-ar
configure:5894: result: /usr/lib/emsdk/upstream/emscripten/emar
configure:5969: checking the archiver (/usr/lib/emsdk/upstream/emscripten/emar) interface
configure:5986: /usr/lib/emsdk/upstream/emscripten/emcc -c -g -O2  -I/home/juli/Matlab/scctools/ports/c_symb/gmp-6.2.1/install/include conftest.c >&5
configure:5986: $? = 0
configure:5989: /usr/lib/emsdk/upstream/emscripten/emar cru libconftest.a conftest.o >&5
configure:5992: $? = 0
configure:6020: result: ar
configure:6088: checking how to print strings
configure:6115: result: printf
configure:6136: checking for a sed that does not truncate output
configure:6206: result: /usr/bin/sed
configure:6224: checking for fgrep
configure:6292: result: /usr/bin/grep -F
configure:6328: checking for ld used by /usr/lib/emsdk/upstream/emscripten/emcc
emcc: error: no input files
configure:6396: result: /usr/lib/emsdk/upstream/emscripten/emcc
configure:6403: checking if the linker (/usr/lib/emsdk/upstream/emscripten/emcc) is GNU ld
configure:6419: result: yes
configure:6431: checking for BSD- or MS-compatible name lister (nm)
configure:6486: result: /usr/lib/emsdk/upstream/bin/llvm-nm
configure:6626: checking the name lister (/usr/lib/emsdk/upstream/bin/llvm-nm) interface
configure:6634: /usr/lib/emsdk/upstream/emscripten/emcc -c -g -O2  -I/home/juli/Matlab/scctools/ports/c_symb/gmp-6.2.1/install/include conftest.c >&5
configure:6637: /usr/lib/emsdk/upstream/bin/llvm-nm "conftest.o"
configure:6640: output
00000000 d .debug_abbrev
00000000 d .debug_line
00000000 d .debug_str
00000000 D some_variable
configure:6647: result: BSD nm
configure:6650: checking whether ln -s works
configure:6654: result: yes
configure:6662: checking the maximum length of command line arguments
configure:6794: result: 1572864
configure:6842: checking how to convert x86_64-pc-linux-gnu file names to none-none-none format
configure:6883: result: func_convert_file_noop
configure:6890: checking how to convert x86_64-pc-linux-gnu file names to toolchain format
configure:6911: result: func_convert_file_noop
configure:6918: checking for /usr/lib/emsdk/upstream/emscripten/emcc option to reload object files
configure:6926: result: -r
configure:6960: checking for none-file
configure:6995: result: no
configure:7005: checking for file
configure:7026: found /usr/bin/file
configure:7037: result: file
configure:7068: checking for none-objdump
configure:7103: result: no
configure:7113: checking for objdump
configure:7134: found /usr/bin/objdump
configure:7145: result: objdump
configure:7174: checking how to recognize dependent libraries
configure:7375: result: unknown
configure:7420: checking for none-dlltool
configure:7455: result: no
configure:7465: checking for dlltool
configure:7500: result: no
configure:7527: checking how to associate runtime and link libraries
configure:7555: result: printf %s\n
configure:7571: checking for none-ar
configure:7603: result: /usr/lib/emsdk/upstream/emscripten/emar
configure:7705: checking for archiver @FILE support
configure:7723: /usr/lib/emsdk/upstream/emscripten/emcc -c -g -O2  -I/home/juli/Matlab/scctools/ports/c_symb/gmp-6.2.1/install/include conftest.c >&5
configure:7723: $? = 0
configure:7727: /usr/lib/emsdk/upstream/emscripten/emar cr libconftest.a @conftest.lst >&5
configure:7730: $? = 0
configure:7735: /usr/lib/emsdk/upstream/emscripten/emar cr libconftest.a @conftest.lst >&5
/usr/lib/emsdk/upstream/bin/llvm-ar: error: conftest.o: No such file or directory
configure:7738: $? = 1
configure:7750: result: @
configure:7768: checking for none-strip
configure:7800: result: strip
configure:7877: checking for none-ranlib
configure:7909: result: /usr/lib/emsdk/upstream/emscripten/emranlib
configure:8056: checking command to parse /usr/lib/emsdk/upstream/bin/llvm-nm output from /usr/lib/emsdk/upstream/emscripten/emcc object
configure:8210: /usr/lib/emsdk/upstream/emscripten/emcc -c -g -O2  -I/home/juli/Matlab/scctools/ports/c_symb/gmp-6.2.1/install/include conftest.c >&5
configure:8213: $? = 0
configure:8217: /usr/lib/emsdk/upstream/bin/llvm-nm conftest.o | /usr/bin/sed -n -e 's/^.*[	 ]\([ABCDGIRSTW][ABCDGIRSTW]*\)[	 ][	 ]*\([_A-Za-z][_A-Za-z0-9]*\)$/\1 \2 \2/p' | /usr/bin/sed '/ __gnu_lto/d' > conftest.nm
configure:8283: /usr/lib/emsdk/upstream/emscripten/emcc -o conftest -g -O2  -I/home/juli/Matlab/scctools/ports/c_symb/gmp-6.2.1/install/include  -L/home/juli/Matlab/scctools/ports/c_symb/gmp-6.2.1/install/lib conftest.c conftstm.o >&5
cache:INFO: generating system asset: symbol_lists/ae311f57faf0ed385d83d84b8fb93bfbc37bb54b.json... (this will be cached in "/usr/lib/emsdk/upstream/emscripten/cache/symbol_lists/ae311f57faf0ed385d83d84b8fb93bfbc37bb54b.json" for subsequent builds)
cache:INFO:  - ok
emcc: warning: running limited binaryen optimizations because DWARF info requested (or indirectly required) [-Wlimited-postlink-optimizations]
configure:8286: $? = 0
configure:8324: result: ok
configure:8371: checking for sysroot
configure:8402: result: no
configure:8409: checking for a working dd
configure:8453: result: /usr/bin/dd
configure:8457: checking how to truncate binary pipes
configure:8473: result: /usr/bin/dd bs=4096 count=1
configure:8765: checking for none-mt
configure:8800: result: no
configure:8810: checking for mt
configure:8845: result: no
configure:8865: checking if : is a manifest tool
configure:8872: : '-?'
configure:8880: result: no
configure:9605: checking for stdio.h
configure:9605: /usr/lib/emsdk/upstream/emscripten/emcc -c -g -O2  -I/home/juli/Matlab/scctools/ports/c_symb/gmp-6.2.1/install/include conftest.c >&5
configure:9605: $? = 0
configure:9605: result: yes
configure:9605: checking for stdlib.h
configure:9605: /usr/lib/emsdk/upstream/emscripten/emcc -c -g -O2  -I/home/juli/Matlab/scctools/ports/c_symb/gmp-6.2.1/install/include conftest.c >&5
configure:9605: $? = 0
configure:9605: result: yes
configure:9605: checking for string.h
configure:9605: /usr/lib/emsdk/upstream/emscripten/emcc -c -g -O2  -I/home/juli/Matlab/scctools/ports/c_symb/gmp-6.2.1/install/include conftest.c >&5
configure:9605: $? = 0
configure:9605: result: yes
configure:9605: checking for inttypes.h
configure:9605: /usr/lib/emsdk/upstream/emscripten/emcc -c -g -O2  -I/home/juli/Matlab/scctools/ports/c_symb/gmp-6.2.1/install/include conftest.c >&5
configure:9605: $? = 0
configure:9605: result: yes
configure:9605: checking for stdint.h
configure:9605: /usr/lib/emsdk/upstream/emscripten/emcc -c -g -O2  -I/home/juli/Matlab/scctools/ports/c_symb/gmp-6.2.1/install/include conftest.c >&5
configure:9605: $? = 0
configure:9605: result: yes
configure:9605: checking for strings.h
configure:9605: /usr/lib/emsdk/upstream/emscripten/emcc -c -g -O2  -I/home/juli/Matlab/scctools/ports/c_symb/gmp-6.2.1/install/include conftest.c >&5
configure:9605: $? = 0
configure:9605: result: yes
configure:9605: checking for sys/stat.h
configure:9605: /usr/lib/emsdk/upstream/emscripten/emcc -c -g -O2  -I/home/juli/Matlab/scctools/ports/c_symb/gmp-6.2.1/install/include conftest.c >&5
configure:9605: $? = 0
configure:9605: result: yes
configure:9605: checking for sys/types.h
configure:9605: /usr/lib/emsdk/upstream/emscripten/emcc -c -g -O2  -I/home/juli/Matlab/scctools/ports/c_symb/gmp-6.2.1/install/include conftest.c >&5
configure:9605: $? = 0
configure:9605: result: yes
configure:9605: checking for unistd.h
configure:9605: /usr/lib/emsdk/upstream/emscripten/emcc -c -g -O2  -I/home/juli/Matlab/scctools/ports/c_symb/gmp-6.2.1/install/include conftest.c >&5
configure:9605: $? = 0
configure:9605: result: yes
configure:9630: checking for dlfcn.h
configure:9630: /usr/lib/emsdk/upstream/emscripten/emcc -c -g -O2  -I/home/juli/Matlab/scctools/ports/c_symb/gmp-6.2.1/install/include conftest.c >&5
configure:9630: $? = 0
configure:9630: result: yes
configure:10217: checking for objdir
configure:10233: result: .libs
configure:10497: checking if /usr/lib/emsdk/upstream/emscripten/emcc supports -fno-rtti -fno-exceptions
configure:10516: /usr/lib/emsdk/upstream/emscripten/emcc -c -g -O2  -I/home/juli/Matlab/scctools/ports/c_symb/gmp-6.2.1/install/include -fno-rtti -fno-exceptions conftest.c >&5
configure:10520: $? = 0
configure:10533: result: yes
configure:10897: checking for /usr/lib/emsdk/upstream/emscripten/emcc option to produce PIC
configure:10905: result: -fPIC -DPIC
configure:10913: checking if /usr/lib/emsdk/upstream/emscripten/emcc PIC flag -fPIC -DPIC works
configure:10932: /usr/lib/emsdk/upstream/emscripten/emcc -c -g -O2  -I/home/juli/Matlab/scctools/ports/c_symb/gmp-6.2.1/install/include -fPIC -DPIC -DPIC conftest.c >&5
configure:10936: $? = 0
configure:10949: result: yes
configure:10978: checking if /usr/lib/emsdk/upstream/emscripten/emcc static flag -static works
emcc: warning: running limited binaryen optimizations because DWARF info requested (or indirectly required) [-Wlimited-postlink-optimizations]
configure:11007: result: yes
configure:11022: checking if /usr/lib/emsdk/upstream/emscripten/emcc supports -c -o file.o
configure:11044: /usr/lib/emsdk/upstream/emscripten/emcc -c -g -O2  -I/home/juli/Matlab/scctools/ports/c_symb/gmp-6.2.1/install/include -o out/conftest2.o conftest.c >&5
configure:11048: $? = 0
configure:11070: result: yes
configure:11078: checking if /usr/lib/emsdk/upstream/emscripten/emcc supports -c -o file.o
configure:11126: result: yes
configure:11159: checking whether the /usr/lib/emsdk/upstream/emscripten/emcc linker (/usr/lib/emsdk/upstream/emscripten/emcc) supports shared libraries
configure:12433: result: yes
configure:12674: checking dynamic linker characteristics
configure:13507: result: no
configure:13629: checking how to hardcode library paths into programs
configure:13654: result: immediate
configure:14221: checking whether stripping libraries is possible
configure:14230: result: yes
configure:14272: checking if libtool supports shared libraries
configure:14274: result: no
configure:14277: checking whether to build shared libraries
configure:14302: result: no
configure:14305: checking whether to build static libraries
configure:14309: result: yes
configure:14347: checking for non-MS-Windows ICC
configure:14365: /usr/lib/emsdk/upstream/emscripten/emcc -c -g -O2  -I/home/juli/Matlab/scctools/ports/c_symb/gmp-6.2.1/install/include conftest.c >&5
conftest.c:23:3: error: "Not a non-MS-Windows ICC"
   23 | # error "Not a non-MS-Windows ICC"
      |   ^
conftest.c:24:1: error: unknown type name 'error'
   24 | error
      | ^
2 errors generated.
configure:14365: $? = 1
configure: failed program was:
| /* confdefs.h */
| #define PACKAGE_NAME "MPFR"
| #define PACKAGE_TARNAME "mpfr"
| #define PACKAGE_VERSION "4.2.1"
| #define PACKAGE_STRING "MPFR 4.2.1"
| #define PACKAGE_BUGREPORT ""
| #define PACKAGE_URL ""
| #define HAVE_STDIO_H 1
| #define HAVE_STDLIB_H 1
| #define HAVE_STRING_H 1
| #define HAVE_INTTYPES_H 1
| #define HAVE_STDINT_H 1
| #define HAVE_STRINGS_H 1
| #define HAVE_SYS_STAT_H 1
| #define HAVE_SYS_TYPES_H 1
| #define HAVE_UNISTD_H 1
| #define STDC_HEADERS 1
| #define HAVE_DLFCN_H 1
| #define LT_OBJDIR ".libs/"
| /* end confdefs.h.  */
| 
| #if (!defined(__ICC) && !defined(__INTEL_COMPILER)) || defined(_WIN32)
| # error "Not a non-MS-Windows ICC"
| error
| #endif
| 
| int
| main (void)
| {
| 
|   ;
|   return 0;
| }
configure:14373: result: no
configure:14380: checking whether the selected language is C++
configure:14398: /usr/lib/emsdk/upstream/emscripten/emcc -c -Wpointer-arith -g -O2  -I/home/juli/Matlab/scctools/ports/c_symb/gmp-6.2.1/install/include conftest.c >&5
configure:14398: $? = 0
configure:14401: result: no
configure:14420: using CFLAGS="-Wall -Wmissing-prototypes -Wpointer-arith -g -O2"
configure:14461: checking for an ANSI C-conforming const
configure:14528: /usr/lib/emsdk/upstream/emscripten/emcc -c -Wall -Wmissing-prototypes -Wpointer-arith -g -O2  -I/home/juli/Matlab/scctools/ports/c_symb/gmp-6.2.1/install/include conftest.c >&5
conftest.c:56:16: warning: variable 'foo' set but not used [-Wunused-but-set-variable]
   56 |     const int *foo = &x[0];
      |                ^
conftest.c:61:10: warning: variable 'p' set but not used [-Wunused-but-set-variable]
   61 |     iptr p = 0;
      |          ^
2 warnings generated.
configure:14528: $? = 0
configure:14536: result: yes
configure:14544: checking for working volatile
configure:14564: /usr/lib/emsdk/upstream/emscripten/emcc -c -Wall -Wmissing-prototypes -Wpointer-arith -g -O2  -I/home/juli/Matlab/scctools/ports/c_symb/gmp-6.2.1/install/include conftest.c >&5
conftest.c:28:9: warning: variable 'x' is uninitialized when used here [-Wuninitialized]
   28 | return !x && !y;
      |         ^
conftest.c:26:15: note: initialize the variable 'x' to silence this warning
   26 | volatile int x;
      |               ^
      |                = 0
1 warning generated.
configure:14564: $? = 0
configure:14572: result: yes
configure:14580: checking whether byte ordering is bigendian
configure:14596: /usr/lib/emsdk/upstream/emscripten/emcc -c -Wall -Wmissing-prototypes -Wpointer-arith -g -O2  -I/home/juli/Matlab/scctools/ports/c_symb/gmp-6.2.1/install/include conftest.c >&5
conftest.c:22:9: error: unknown type name 'not'
   22 |                not a universal capable compiler
      |                ^
conftest.c:22:14: error: expected ';' after top level declarator
   22 |                not a universal capable compiler
      |                     ^
      |                     ;
2 errors generated.
configure:14596: $? = 1
configure: failed program was:
| /* confdefs.h */
| #define PACKAGE_NAME "MPFR"
| #define PACKAGE_TARNAME "mpfr"
| #define PACKAGE_VERSION "4.2.1"
| #define PACKAGE_STRING "MPFR 4.2.1"
| #define PACKAGE_BUGREPORT ""
| #define PACKAGE_URL ""
| #define HAVE_STDIO_H 1
| #define HAVE_STDLIB_H 1
| #define HAVE_STRING_H 1
| #define HAVE_INTTYPES_H 1
| #define HAVE_STDINT_H 1
| #define HAVE_STRINGS_H 1
| #define HAVE_SYS_STAT_H 1
| #define HAVE_SYS_TYPES_H 1
| #define HAVE_UNISTD_H 1
| #define STDC_HEADERS 1
| #define HAVE_DLFCN_H 1
| #define LT_OBJDIR ".libs/"
| /* end confdefs.h.  */
| #ifndef __APPLE_CC__
| 	       not a universal capable compiler
| 	     #endif
| 	     typedef int dummy;
| 
configure:14642: /usr/lib/emsdk/upstream/emscripten/emcc -c -Wall -Wmissing-prototypes -Wpointer-arith -g -O2  -I/home/juli/Matlab/scctools/ports/c_symb/gmp-6.2.1/install/include conftest.c >&5
configure:14642: $? = 0
configure:14661: /usr/lib/emsdk/upstream/emscripten/emcc -c -Wall -Wmissing-prototypes -Wpointer-arith -g -O2  -I/home/juli/Matlab/scctools/ports/c_symb/gmp-6.2.1/install/include conftest.c >&5
conftest.c:28:4: error: use of undeclared identifier 'not'
   28 |                  not big endian
      |                  ^
1 error generated.
configure:14661: $? = 1
configure: failed program was:
| /* confdefs.h */
| #define PACKAGE_NAME "MPFR"
| #define PACKAGE_TARNAME "mpfr"
| #define PACKAGE_VERSION "4.2.1"
| #define PACKAGE_STRING "MPFR 4.2.1"
| #define PACKAGE_BUGREPORT ""
| #define PACKAGE_URL ""
| #define HAVE_STDIO_H 1
| #define HAVE_STDLIB_H 1
| #define HAVE_STRING_H 1
| #define HAVE_INTTYPES_H 1
| #define HAVE_STDINT_H 1
| #define HAVE_STRINGS_H 1
| #define HAVE_SYS_STAT_H 1
| #define HAVE_SYS_TYPES_H 1
| #define HAVE_UNISTD_H 1
| #define STDC_HEADERS 1
| #define HAVE_DLFCN_H 1
| #define LT_OBJDIR ".libs/"
| /* end confdefs.h.  */
| #include <sys/types.h>
| 		#include <sys/param.h>
| 
| int
| main (void)
| {
| #if BYTE_ORDER != BIG_ENDIAN
| 		 not big endian
| 		#endif
| 
|   ;
|   return 0;
| }
configure:14795: result: no
configure:14818: checking for library containing clock_gettime
configure:14851: /usr/lib/emsdk/upstream/emscripten/emcc -o conftest -Wall -Wmissing-prototypes -Wpointer-arith -g -O2  -I/home/juli/Matlab/scctools/ports/c_symb/gmp-6.2.1/install/include  -L/home/juli/Matlab/scctools/ports/c_symb/gmp-6.2.1/install/lib conftest.c  >&5
wasm-ld: warning: function signature mismatch: clock_gettime
>>> defined as () -> i32 in /tmp/emscripten_temp_6min0mom/conftest_0.o
>>> defined as (i32, i32) -> i32 in /usr/lib/emsdk/upstream/emscripten/cache/sysroot/lib/wasm32-emscripten/libc.a(emscripten_time.o)
emcc: warning: running limited binaryen optimizations because DWARF info requested (or indirectly required) [-Wlimited-postlink-optimizations]
configure:14851: $? = 0
configure:14871: result: none required
configure:15064: /usr/lib/emsdk/upstream/emscripten/emcc -o conftest -Wall -Wmissing-prototypes -Wpointer-arith -g -O2  -I/home/juli/Matlab/scctools/ports/c_symb/gmp-6.2.1/install/include  -L/home/juli/Matlab/scctools/ports/c_symb/gmp-6.2.1/install/lib conftest.c -lm  >&5
emcc: warning: running limited binaryen optimizations because DWARF info requested (or indirectly required) [-Wlimited-postlink-optimizations]
configure:15064: $? = 0
configure:15094: /usr/lib/emsdk/upstream/emscripten/emcc -o conftest -Wall -Wmissing-prototypes -Wpointer-arith -g -O2  -I/home/juli/Matlab/scctools/ports/c_symb/gmp-6.2.1/install/include  -L/home/juli/Matlab/scctools/ports/c_symb/gmp-6.2.1/install/lib conftest.c -lquadmath  >&5
wasm-ld: error: unable to find library -lquadmath
emcc: error: '/usr/lib/emsdk/upstream/bin/wasm-ld -o conftest.wasm -L/home/juli/Matlab/scctools/ports/c_symb/gmp-6.2.1/install/lib /tmp/emscripten_temp_b9afx6x0/conftest_0.o -lquadmath -L/usr/lib/emsdk/upstream/emscripten/cache/sysroot/lib/wasm32-emscripten -lGL-getprocaddr -lal -lhtml5 -lstubs -lc -ldlmalloc -lcompiler_rt -lc++-noexcept -lc++abi-noexcept -lsockets -mllvm -combiner-global-alias-analysis=false -mllvm -enable-emscripten-sjlj -mllvm -disable-lsr /tmp/tmpvmk4jbmblibemscripten_js_symbols.so --export=_emscripten_stack_alloc --export=__get_temp_ret --export=__set_temp_ret --export=__funcs_on_exit --export=__wasm_call_ctors --export=emscripten_stack_get_current --export=_emscripten_stack_restore --export-if-defined=__start_em_asm --export-if-defined=__stop_em_asm --export-if-defined=__start_em_lib_deps --export-if-defined=__stop_em_lib_deps --export-if-defined=__start_em_js --export-if-defined=__stop_em_js --export-if-defined=main --export-if-defined=__main_argc_argv --export-if-defined=fflush --export-table -z stack-size=65536 --no-growable-memory --initial-heap=16777216 --no-entry --table-base=1 --global-base=1024' failed (returned 1)
configure:15094: $? = 1
configure: failed program was:
| /* confdefs.h */
| #define PACKAGE_NAME "MPFR"
| #define PACKAGE_TARNAME "mpfr"
| #define PACKAGE_VERSION "4.2.1"
| #define PACKAGE_STRING "MPFR 4.2.1"
| #define PACKAGE_BUGREPORT ""
| #define PACKAGE_URL ""
| #define HAVE_STDIO_H 1
| #define HAVE_STDLIB_H 1
| #define HAVE_STRING_H 1
| #define HAVE_INTTYPES_H 1
| #define HAVE_STDINT_H 1
| #define HAVE_STRINGS_H 1
| #define HAVE_SYS_STAT_H 1
| #define HAVE_SYS_TYPES_H 1
| #define HAVE_UNISTD_H 1
| #define STDC_HEADERS 1
| #define HAVE_DLFCN_H 1
| #define LT_OBJDIR ".libs/"
| #define HAVE_LITTLE_ENDIAN 1
| #define HAVE_CLOCK_GETTIME 1
| /* end confdefs.h.  */
| 
| int
| main (void)
| {
| 
|   ;
|   return 0;
| }
configure:15106: checking for size_t
configure:15106: /usr/lib/emsdk/upstream/emscripten/emcc -c -Wall -Wmissing-prototypes -Wpointer-arith -g -O2  -I/home/juli/Matlab/scctools/ports/c_symb/gmp-6.2.1/install/include conftest.c >&5
configure:15106: $? = 0
configure:15106: /usr/lib/emsdk/upstream/emscripten/emcc -c -Wall -Wmissing-prototypes -Wpointer-arith -g -O2  -I/home/juli/Matlab/scctools/ports/c_symb/gmp-6.2.1/install/include conftest.c >&5
conftest.c:54:21: error: expected expression
   54 | if (sizeof ((size_t)))
      |                     ^
1 error generated.
configure:15106: $? = 1
configure: failed program was:
| /* confdefs.h */
| #define PACKAGE_NAME "MPFR"
| #define PACKAGE_TARNAME "mpfr"
| #define PACKAGE_VERSION "4.2.1"
| #define PACKAGE_STRING "MPFR 4.2.1"
| #define PACKAGE_BUGREPORT ""
| #define PACKAGE_URL ""
| #define HAVE_STDIO_H 1
| #define HAVE_STDLIB_H 1
| #define HAVE_STRING_H 1
| #define HAVE_INTTYPES_H 1
| #define HAVE_STDINT_H 1
| #define HAVE_STRINGS_H 1
| #define HAVE_SYS_STAT_H 1
| #define HAVE_SYS_TYPES_H 1
| #define HAVE_UNISTD_H 1
| #define STDC_HEADERS 1
| #define HAVE_DLFCN_H 1
| #define LT_OBJDIR ".libs/"
| #define HAVE_LITTLE_ENDIAN 1
| #define HAVE_CLOCK_GETTIME 1
| /* end confdefs.h.  */
| #include <stddef.h>
| #ifdef HAVE_STDIO_H
| # include <stdio.h>
| #endif
| #ifdef HAVE_STDLIB_H
| # include <stdlib.h>
| #endif
| #ifdef HAVE_STRING_H
| # include <string.h>
| #endif
| #ifdef HAVE_INTTYPES_H
| # include <inttypes.h>
| #endif
| #ifdef HAVE_STDINT_H
| # include <stdint.h>
| #endif
| #ifdef HAVE_STRINGS_H
| # include <strings.h>
| #endif
| #ifdef HAVE_SYS_TYPES_H
| # include <sys/types.h>
| #endif
| #ifdef HAVE_SYS_STAT_H
| # include <sys/stat.h>
| #endif
| #ifdef HAVE_UNISTD_H
| # include <unistd.h>
| #endif
| int
| main (void)
| {
| if (sizeof ((size_t)))
| 	    return 0;
|   ;
|   return 0;
| }
configure:15106: result: yes
configure:16002: checking for limits.h
configure:16002: /usr/lib/emsdk/upstream/emscripten/emcc -c -Wall -Wmissing-prototypes -Wpointer-arith -g -O2  -I/home/juli/Matlab/scctools/ports/c_symb/gmp-6.2.1/install/include conftest.c >&5
configure:16002: $? = 0
configure:16002: result: yes
configure:16010: checking for float.h
configure:16010: /usr/lib/emsdk/upstream/emscripten/emcc -c -Wall -Wmissing-prototypes -Wpointer-arith -g -O2  -I/home/juli/Matlab/scctools/ports/c_symb/gmp-6.2.1/install/include conftest.c >&5
configure:16010: $? = 0
configure:16010: result: yes
configure:16018: checking for string.h
configure:16018: result: yes
configure:16027: checking for locale.h
configure:16027: /usr/lib/emsdk/upstream/emscripten/emcc -c -Wall -Wmissing-prototypes -Wpointer-arith -g -O2  -I/home/juli/Matlab/scctools/ports/c_symb/gmp-6.2.1/install/include conftest.c >&5
configure:16027: $? = 0
configure:16027: result: yes
configure:16035: checking for wchar.h
configure:16035: /usr/lib/emsdk/upstream/emscripten/emcc -c -Wall -Wmissing-prototypes -Wpointer-arith -g -O2  -I/home/juli/Matlab/scctools/ports/c_symb/gmp-6.2.1/install/include conftest.c >&5
configure:16035: $? = 0
configure:16035: result: yes
configure:16043: checking for stdarg.h
configure:16043: /usr/lib/emsdk/upstream/emscripten/emcc -c -Wall -Wmissing-prototypes -Wpointer-arith -g -O2  -I/home/juli/Matlab/scctools/ports/c_symb/gmp-6.2.1/install/include conftest.c >&5
configure:16043: $? = 0
configure:16043: result: yes
configure:16061: checking for sys/fpu.h
configure:16061: /usr/lib/emsdk/upstream/emscripten/emcc -c -Wall -Wmissing-prototypes -Wpointer-arith -g -O2  -I/home/juli/Matlab/scctools/ports/c_symb/gmp-6.2.1/install/include conftest.c >&5
conftest.c:54:10: fatal error: 'sys/fpu.h' file not found
   54 | #include <sys/fpu.h>
      |          ^~~~~~~~~~~
1 error generated.
configure:16061: $? = 1
configure: failed program was:
| /* confdefs.h */
| #define PACKAGE_NAME "MPFR"
| #define PACKAGE_TARNAME "mpfr"
| #define PACKAGE_VERSION "4.2.1"
| #define PACKAGE_STRING "MPFR 4.2.1"
| #define PACKAGE_BUGREPORT ""
| #define PACKAGE_URL ""
| #define HAVE_STDIO_H 1
| #define HAVE_STDLIB_H 1
| #define HAVE_STRING_H 1
| #define HAVE_INTTYPES_H 1
| #define HAVE_STDINT_H 1
| #define HAVE_STRINGS_H 1
| #define HAVE_SYS_STAT_H 1
| #define HAVE_SYS_TYPES_H 1
| #define HAVE_UNISTD_H 1
| #define STDC_HEADERS 1
| #define HAVE_DLFCN_H 1
| #define LT_OBJDIR ".libs/"
| #define HAVE_LITTLE_ENDIAN 1
| #define HAVE_CLOCK_GETTIME 1
| #define HAVE_LOCALE_H 1
| #define HAVE_WCHAR_H 1
| #define HAVE_STDARG 1
| /* end confdefs.h.  */
| #include <stddef.h>
| #ifdef HAVE_STDIO_H
| # include <stdio.h>
| #endif
| #ifdef HAVE_STDLIB_H
| # include <stdlib.h>
| #endif
| #ifdef HAVE_STRING_H
| # include <string.h>
| #endif
| #ifdef HAVE_INTTYPES_H
| # include <inttypes.h>
| #endif
| #ifdef HAVE_STDINT_H
| # include <stdint.h>
| #endif
| #ifdef HAVE_STRINGS_H
| # include <strings.h>
| #endif
| #ifdef HAVE_SYS_TYPES_H
| # include <sys/types.h>
| #endif
| #ifdef HAVE_SYS_STAT_H
| # include <sys/stat.h>
| #endif
| #ifdef HAVE_UNISTD_H
| # include <unistd.h>
| #endif
| #include <sys/fpu.h>
configure:16061: result: no
configure:16069: checking for struct lconv.decimal_point
configure:16069: /usr/lib/emsdk/upstream/emscripten/emcc -c -Wall -Wmissing-prototypes -Wpointer-arith -g -O2  -I/home/juli/Matlab/scctools/ports/c_symb/gmp-6.2.1/install/include conftest.c >&5
configure:16069: $? = 0
configure:16069: result: yes
configure:16078: checking for struct lconv.thousands_sep
configure:16078: /usr/lib/emsdk/upstream/emscripten/emcc -c -Wall -Wmissing-prototypes -Wpointer-arith -g -O2  -I/home/juli/Matlab/scctools/ports/c_symb/gmp-6.2.1/install/include conftest.c >&5
configure:16078: $? = 0
configure:16078: result: yes
configure:16091: checking for working alloca.h
configure:16109: /usr/lib/emsdk/upstream/emscripten/emcc -o conftest -Wall -Wmissing-prototypes -Wpointer-arith -g -O2  -I/home/juli/Matlab/scctools/ports/c_symb/gmp-6.2.1/install/include  -L/home/juli/Matlab/scctools/ports/c_symb/gmp-6.2.1/install/lib conftest.c  >&5
emcc: warning: running limited binaryen optimizations because DWARF info requested (or indirectly required) [-Wlimited-postlink-optimizations]
configure:16109: $? = 0
configure:16118: result: yes
configure:16126: checking for alloca
configure:16171: result: yes
configure:16240: checking for uintptr_t
configure:16240: /usr/lib/emsdk/upstream/emscripten/emcc -c -Wall -Wmissing-prototypes -Wpointer-arith -g -O2  -I/home/juli/Matlab/scctools/ports/c_symb/gmp-6.2.1/install/include conftest.c >&5
configure:16240: $? = 0
configure:16240: /usr/lib/emsdk/upstream/emscripten/emcc -c -Wall -Wmissing-prototypes -Wpointer-arith -g -O2  -I/home/juli/Matlab/scctools/ports/c_symb/gmp-6.2.1/install/include conftest.c >&5
conftest.c:61:24: error: expected expression
   61 | if (sizeof ((uintptr_t)))
      |                        ^
1 error generated.
configure:16240: $? = 1
configure: failed program was:
| /* confdefs.h */
| #define PACKAGE_NAME "MPFR"
| #define PACKAGE_TARNAME "mpfr"
| #define PACKAGE_VERSION "4.2.1"
| #define PACKAGE_STRING "MPFR 4.2.1"
| #define PACKAGE_BUGREPORT ""
| #define PACKAGE_URL ""
| #define HAVE_STDIO_H 1
| #define HAVE_STDLIB_H 1
| #define HAVE_STRING_H 1
| #define HAVE_INTTYPES_H 1
| #define HAVE_STDINT_H 1
| #define HAVE_STRINGS_H 1
| #define HAVE_SYS_STAT_H 1
| #define HAVE_SYS_TYPES_H 1
| #define HAVE_UNISTD_H 1
| #define STDC_HEADERS 1
| #define HAVE_DLFCN_H 1
| #define LT_OBJDIR ".libs/"
| #define HAVE_LITTLE_ENDIAN 1
| #define HAVE_CLOCK_GETTIME 1
| #define HAVE_LOCALE_H 1
| #define HAVE_WCHAR_H 1
| #define HAVE_STDARG 1
| #define HAVE_STRUCT_LCONV_DECIMAL_POINT 1
| #define HAVE_STRUCT_LCONV_THOUSANDS_SEP 1
| #define HAVE_ALLOCA_H 1
| #define HAVE_ALLOCA 1
| /* end confdefs.h.  */
| #include <stddef.h>
| #ifdef HAVE_STDIO_H
| # include <stdio.h>
| #endif
| #ifdef HAVE_STDLIB_H
| # include <stdlib.h>
| #endif
| #ifdef HAVE_STRING_H
| # include <string.h>
| #endif
| #ifdef HAVE_INTTYPES_H
| # include <inttypes.h>
| #endif
| #ifdef HAVE_STDINT_H
| # include <stdint.h>
| #endif
| #ifdef HAVE_STRINGS_H
| # include <strings.h>
| #endif
| #ifdef HAVE_SYS_TYPES_H
| # include <sys/types.h>
| #endif
| #ifdef HAVE_SYS_STAT_H
| # include <sys/stat.h>
| #endif
| #ifdef HAVE_UNISTD_H
| # include <unistd.h>
| #endif
| int
| main (void)
| {
| if (sizeof ((uintptr_t)))
| 	    return 0;
|   ;
|   return 0;
| }
configure:16240: result: yes
configure:16277: checking how to copy va_list
configure:16295: /usr/lib/emsdk/upstream/emscripten/emcc -o conftest -Wall -Wmissing-prototypes -Wpointer-arith -g -O2  -I/home/juli/Matlab/scctools/ports/c_symb/gmp-6.2.1/install/include  -L/home/juli/Matlab/scctools/ports/c_symb/gmp-6.2.1/install/lib conftest.c  >&5
emcc: warning: running limited binaryen optimizations because DWARF info requested (or indirectly required) [-Wlimited-postlink-optimizations]
configure:16295: $? = 0
configure:16298: result: va_copy
configure:16337: checking for setlocale
configure:16337: /usr/lib/emsdk/upstream/emscripten/emcc -o conftest  -Wall -Wmissing-prototypes -Wpointer-arith -g -O2  -I/home/juli/Matlab/scctools/ports/c_symb/gmp-6.2.1/install/include  -L/home/juli/Matlab/scctools/ports/c_symb/gmp-6.2.1/install/lib conftest.c  >&5
wasm-ld: warning: function signature mismatch: setlocale
>>> defined as () -> i32 in /tmp/emscripten_temp_8wws2bji/conftest_0.o
>>> defined as (i32, i32) -> i32 in /usr/lib/emsdk/upstream/emscripten/cache/sysroot/lib/wasm32-emscripten/libc.a(setlocale.o)
emcc: warning: running limited binaryen optimizations because DWARF info requested (or indirectly required) [-Wlimited-postlink-optimizations]
configure:16337: $? = 0
configure:16337: result: yes
configure:16343: checking for gettimeofday
configure:16343: /usr/lib/emsdk/upstream/emscripten/emcc -o conftest  -Wall -Wmissing-prototypes -Wpointer-arith -g -O2  -I/home/juli/Matlab/scctools/ports/c_symb/gmp-6.2.1/install/include  -L/home/juli/Matlab/scctools/ports/c_symb/gmp-6.2.1/install/lib conftest.c  >&5
wasm-ld: warning: function signature mismatch: gettimeofday
>>> defined as () -> i32 in /tmp/emscripten_temp_5lczwsct/conftest_0.o
>>> defined as (i32, i32) -> i32 in /usr/lib/emsdk/upstream/emscripten/cache/sysroot/lib/wasm32-emscripten/libc.a(emscripten_time.o)
emcc: warning: running limited binaryen optimizations because DWARF info requested (or indirectly required) [-Wlimited-postlink-optimizations]
configure:16343: $? = 0
configure:16343: result: yes
configure:16349: checking for signal
configure:16349: /usr/lib/emsdk/upstream/emscripten/emcc -o conftest  -Wall -Wmissing-prototypes -Wpointer-arith -g -O2  -I/home/juli/Matlab/scctools/ports/c_symb/gmp-6.2.1/install/include  -L/home/juli/Matlab/scctools/ports/c_symb/gmp-6.2.1/install/lib conftest.c  >&5
wasm-ld: warning: function signature mismatch: signal
>>> defined as () -> i32 in /tmp/emscripten_temp_n4oi9kd2/conftest_0.o
>>> defined as (i32, i32) -> i32 in /usr/lib/emsdk/upstream/emscripten/cache/sysroot/lib/wasm32-emscripten/libc.a(signal.o)
emcc: warning: running limited binaryen optimizations because DWARF info requested (or indirectly required) [-Wlimited-postlink-optimizations]
configure:16349: $? = 0
configure:16349: result: yes
configure:16358: checking for sigaction and its associated structure
configure:16377: /usr/lib/emsdk/upstream/emscripten/emcc -o conftest -Wall -Wmissing-prototypes -Wpointer-arith -g -O2  -I/home/juli/Matlab/scctools/ports/c_symb/gmp-6.2.1/install/include  -L/home/juli/Matlab/scctools/ports/c_symb/gmp-6.2.1/install/lib conftest.c  >&5
emcc: warning: running limited binaryen optimizations because DWARF info requested (or indirectly required) [-Wlimited-postlink-optimizations]
configure:16377: $? = 0
configure:16380: result: yes
configure:16393: checking for long long int
configure:16393: /usr/lib/emsdk/upstream/emscripten/emcc -c -Wall -Wmissing-prototypes -Wpointer-arith -g -O2  -I/home/juli/Matlab/scctools/ports/c_symb/gmp-6.2.1/install/include conftest.c >&5
configure:16393: $? = 0
configure:16393: /usr/lib/emsdk/upstream/emscripten/emcc -c -Wall -Wmissing-prototypes -Wpointer-arith -g -O2  -I/home/juli/Matlab/scctools/ports/c_symb/gmp-6.2.1/install/include conftest.c >&5
conftest.c:67:28: error: expected expression
   67 | if (sizeof ((long long int)))
      |                            ^
1 error generated.
configure:16393: $? = 1
configure: failed program was:
| /* confdefs.h */
| #define PACKAGE_NAME "MPFR"
| #define PACKAGE_TARNAME "mpfr"
| #define PACKAGE_VERSION "4.2.1"
| #define PACKAGE_STRING "MPFR 4.2.1"
| #define PACKAGE_BUGREPORT ""
| #define PACKAGE_URL ""
| #define HAVE_STDIO_H 1
| #define HAVE_STDLIB_H 1
| #define HAVE_STRING_H 1
| #define HAVE_INTTYPES_H 1
| #define HAVE_STDINT_H 1
| #define HAVE_STRINGS_H 1
| #define HAVE_SYS_STAT_H 1
| #define HAVE_SYS_TYPES_H 1
| #define HAVE_UNISTD_H 1
| #define STDC_HEADERS 1
| #define HAVE_DLFCN_H 1
| #define LT_OBJDIR ".libs/"
| #define HAVE_LITTLE_ENDIAN 1
| #define HAVE_CLOCK_GETTIME 1
| #define HAVE_LOCALE_H 1
| #define HAVE_WCHAR_H 1
| #define HAVE_STDARG 1
| #define HAVE_STRUCT_LCONV_DECIMAL_POINT 1
| #define HAVE_STRUCT_LCONV_THOUSANDS_SEP 1
| #define HAVE_ALLOCA_H 1
| #define HAVE_ALLOCA 1
| #define HAVE_UINTPTR_T 1
| #define HAVE_VA_COPY 1
| #define HAVE_SETLOCALE 1
| #define HAVE_GETTIMEOFDAY 1
| #define HAVE_SIGNAL 1
| #define HAVE_SIGACTION 1
| /* end confdefs.h.  */
| #include <stddef.h>
| #ifdef HAVE_STDIO_H
| # include <stdio.h>
| #endif
| #ifdef HAVE_STDLIB_H
| # include <stdlib.h>
| #endif
| #ifdef HAVE_STRING_H
| # include <string.h>
| #endif
| #ifdef HAVE_INTTYPES_H
| # include <inttypes.h>
| #endif
| #ifdef HAVE_STDINT_H
| # include <stdint.h>
| #endif
| #ifdef HAVE_STRINGS_H
| # include <strings.h>
| #endif
| #ifdef HAVE_SYS_TYPES_H
| # include <sys/types.h>
| #endif
| #ifdef HAVE_SYS_STAT_H
| # include <sys/stat.h>
| #endif
| #ifdef HAVE_UNISTD_H
| # include <unistd.h>
| #endif
| int
| main (void)
| {
| if (sizeof ((long long int)))
| 	    return 0;
|   ;
|   return 0;
| }
configure:16393: result: yes
configure:16402: checking for intmax_t
configure:16402: /usr/lib/emsdk/upstream/emscripten/emcc -c -Wall -Wmissing-prototypes -Wpointer-arith -g -O2  -I/home/juli/Matlab/scctools/ports/c_symb/gmp-6.2.1/install/include conftest.c >&5
configure:16402: $? = 0
configure:16402: /usr/lib/emsdk/upstream/emscripten/emcc -c -Wall -Wmissing-prototypes -Wpointer-arith -g -O2  -I/home/juli/Matlab/scctools/ports/c_symb/gmp-6.2.1/install/include conftest.c >&5
conftest.c:68:23: error: expected expression
   68 | if (sizeof ((intmax_t)))
      |                       ^
1 error generated.
configure:16402: $? = 1
configure: failed program was:
| /* confdefs.h */
| #define PACKAGE_NAME "MPFR"
| #define PACKAGE_TARNAME "mpfr"
| #define PACKAGE_VERSION "4.2.1"
| #define PACKAGE_STRING "MPFR 4.2.1"
| #define PACKAGE_BUGREPORT ""
| #define PACKAGE_URL ""
| #define HAVE_STDIO_H 1
| #define HAVE_STDLIB_H 1
| #define HAVE_STRING_H 1
| #define HAVE_INTTYPES_H 1
| #define HAVE_STDINT_H 1
| #define HAVE_STRINGS_H 1
| #define HAVE_SYS_STAT_H 1
| #define HAVE_SYS_TYPES_H 1
| #define HAVE_UNISTD_H 1
| #define STDC_HEADERS 1
| #define HAVE_DLFCN_H 1
| #define LT_OBJDIR ".libs/"
| #define HAVE_LITTLE_ENDIAN 1
| #define HAVE_CLOCK_GETTIME 1
| #define HAVE_LOCALE_H 1
| #define HAVE_WCHAR_H 1
| #define HAVE_STDARG 1
| #define HAVE_STRUCT_LCONV_DECIMAL_POINT 1
| #define HAVE_STRUCT_LCONV_THOUSANDS_SEP 1
| #define HAVE_ALLOCA_H 1
| #define HAVE_ALLOCA 1
| #define HAVE_UINTPTR_T 1
| #define HAVE_VA_COPY 1
| #define HAVE_SETLOCALE 1
| #define HAVE_GETTIMEOFDAY 1
| #define HAVE_SIGNAL 1
| #define HAVE_SIGACTION 1
| #define HAVE_LONG_LONG 1
| /* end confdefs.h.  */
| #include <stddef.h>
| #ifdef HAVE_STDIO_H
| # include <stdio.h>
| #endif
| #ifdef HAVE_STDLIB_H
| # include <stdlib.h>
| #endif
| #ifdef HAVE_STRING_H
| # include <string.h>
| #endif
| #ifdef HAVE_INTTYPES_H
| # include <inttypes.h>
| #endif
| #ifdef HAVE_STDINT_H
| # include <stdint.h>
| #endif
| #ifdef HAVE_STRINGS_H
| # include <strings.h>
| #endif
| #ifdef HAVE_SYS_TYPES_H
| # include <sys/types.h>
| #endif
| #ifdef HAVE_SYS_STAT_H
| # include <sys/stat.h>
| #endif
| #ifdef HAVE_UNISTD_H
| # include <unistd.h>
| #endif
| int
| main (void)
| {
| if (sizeof ((intmax_t)))
| 	    return 0;
|   ;
|   return 0;
| }
configure:16402: result: yes
configure:16412: checking for working INTMAX_MAX
configure:16433: /usr/lib/emsdk/upstream/emscripten/emcc -c -Wall -Wmissing-prototypes -Wpointer-arith -g -O2  -I/home/juli/Matlab/scctools/ports/c_symb/gmp-6.2.1/install/include -I./src -DMPFR_NEED_INTMAX_H conftest.c >&5
configure:16433: $? = 0
configure:16443: result: yes
configure:16452: checking for union fpc_csr
configure:16452: /usr/lib/emsdk/upstream/emscripten/emcc -c -Wall -Wmissing-prototypes -Wpointer-arith -g -O2  -I/home/juli/Matlab/scctools/ports/c_symb/gmp-6.2.1/install/include conftest.c >&5
conftest.c:48:5: error: invalid application of 'sizeof' to an incomplete type 'union fpc_csr'
   48 | if (sizeof (union fpc_csr))
      |     ^      ~~~~~~~~~~~~~~~
conftest.c:48:19: note: forward declaration of 'union fpc_csr'
   48 | if (sizeof (union fpc_csr))
      |                   ^
1 error generated.
configure:16452: $? = 1
configure: failed program was:
| /* confdefs.h */
| #define PACKAGE_NAME "MPFR"
| #define PACKAGE_TARNAME "mpfr"
| #define PACKAGE_VERSION "4.2.1"
| #define PACKAGE_STRING "MPFR 4.2.1"
| #define PACKAGE_BUGREPORT ""
| #define PACKAGE_URL ""
| #define HAVE_STDIO_H 1
| #define HAVE_STDLIB_H 1
| #define HAVE_STRING_H 1
| #define HAVE_INTTYPES_H 1
| #define HAVE_STDINT_H 1
| #define HAVE_STRINGS_H 1
| #define HAVE_SYS_STAT_H 1
| #define HAVE_SYS_TYPES_H 1
| #define HAVE_UNISTD_H 1
| #define STDC_HEADERS 1
| #define HAVE_DLFCN_H 1
| #define LT_OBJDIR ".libs/"
| #define HAVE_LITTLE_ENDIAN 1
| #define HAVE_CLOCK_GETTIME 1
| #define HAVE_LOCALE_H 1
| #define HAVE_WCHAR_H 1
| #define HAVE_STDARG 1
| #define HAVE_STRUCT_LCONV_DECIMAL_POINT 1
| #define HAVE_STRUCT_LCONV_THOUSANDS_SEP 1
| #define HAVE_ALLOCA_H 1
| #define HAVE_ALLOCA 1
| #define HAVE_UINTPTR_T 1
| #define HAVE_VA_COPY 1
| #define HAVE_SETLOCALE 1
| #define HAVE_GETTIMEOFDAY 1
| #define HAVE_SIGNAL 1
| #define HAVE_SIGACTION 1
| #define HAVE_LONG_LONG 1
| #define HAVE_INTMAX_T 1
| #define MPFR_HAVE_INTMAX_MAX 1
| /* end confdefs.h.  */
| 
| #if HAVE_SYS_FPU_H
| #  include <sys/fpu.h>
| #endif
| 
| 
| int
| main (void)
| {
| if (sizeof (union fpc_csr))
| 	 return 0;
|   ;
|   return 0;
| }
configure:16452: result: no
configure:16466: checking for _Noreturn
configure:16477: /usr/lib/emsdk/upstream/emscripten/emcc -c -Wall -Wmissing-prototypes -Wpointer-arith -g -O2  -I/home/juli/Matlab/scctools/ports/c_symb/gmp-6.2.1/install/include conftest.c >&5
configure:16477: $? = 0
configure:16486: result: yes
configure:16494: checking for __builtin_unreachable
configure:16513: /usr/lib/emsdk/upstream/emscripten/emcc -o conftest -Wall -Wmissing-prototypes -Wpointer-arith -g -O2  -I/home/juli/Matlab/scctools/ports/c_symb/gmp-6.2.1/install/include  -L/home/juli/Matlab/scctools/ports/c_symb/gmp-6.2.1/install/lib conftest.c  >&5
emcc: warning: running limited binaryen optimizations because DWARF info requested (or indirectly required) [-Wlimited-postlink-optimizations]
configure:16513: $? = 0
configure:16523: result: yes
configure:16532: checking for constructor and destructor attributes
configure:16554: /usr/lib/emsdk/upstream/emscripten/emcc -o conftest -Wall -Wmissing-prototypes -Wpointer-arith -g -O2  -I/home/juli/Matlab/scctools/ports/c_symb/gmp-6.2.1/install/include  -L/home/juli/Matlab/scctools/ports/c_symb/gmp-6.2.1/install/lib conftest.c  >&5
emcc: warning: running limited binaryen optimizations because DWARF info requested (or indirectly required) [-Wlimited-postlink-optimizations]
configure:16554: $? = 0
configure:16556: result: yes
configure:16574: checking for fesetround
configure:16594: /usr/lib/emsdk/upstream/emscripten/emcc -o conftest -Wall -Wmissing-prototypes -Wpointer-arith -g -O2  -I/home/juli/Matlab/scctools/ports/c_symb/gmp-6.2.1/install/include  -L/home/juli/Matlab/scctools/ports/c_symb/gmp-6.2.1/install/lib conftest.c  -lm >&5
emcc: warning: running limited binaryen optimizations because DWARF info requested (or indirectly required) [-Wlimited-postlink-optimizations]
configure:16594: $? = 0
configure:16605: result: yes
configure:16614: checking for gcc float-conversion bug
configure:16656: /usr/lib/emsdk/upstream/emscripten/emcc -o conftest -Wall -Wmissing-prototypes -Wpointer-arith -g -O2  -I/home/juli/Matlab/scctools/ports/c_symb/gmp-6.2.1/install/include  -L/home/juli/Matlab/scctools/ports/c_symb/gmp-6.2.1/install/lib conftest.c  -lm >&5
emcc: warning: running limited binaryen optimizations because DWARF info requested (or indirectly required) [-Wlimited-postlink-optimizations]
configure:16656: $? = 0
configure:16656: ./conftest
configure:16656: $? = 1
configure: program exited with status 1
configure: failed program was:
| /* confdefs.h */
| #define PACKAGE_NAME "MPFR"
| #define PACKAGE_TARNAME "mpfr"
| #define PACKAGE_VERSION "4.2.1"
| #define PACKAGE_STRING "MPFR 4.2.1"
| #define PACKAGE_BUGREPORT ""
| #define PACKAGE_URL ""
| #define HAVE_STDIO_H 1
| #define HAVE_STDLIB_H 1
| #define HAVE_STRING_H 1
| #define HAVE_INTTYPES_H 1
| #define HAVE_STDINT_H 1
| #define HAVE_STRINGS_H 1
| #define HAVE_SYS_STAT_H 1
| #define HAVE_SYS_TYPES_H 1
| #define HAVE_UNISTD_H 1
| #define STDC_HEADERS 1
| #define HAVE_DLFCN_H 1
| #define LT_OBJDIR ".libs/"
| #define HAVE_LITTLE_ENDIAN 1
| #define HAVE_CLOCK_GETTIME 1
| #define HAVE_LOCALE_H 1
| #define HAVE_WCHAR_H 1
| #define HAVE_STDARG 1
| #define HAVE_STRUCT_LCONV_DECIMAL_POINT 1
| #define HAVE_STRUCT_LCONV_THOUSANDS_SEP 1
| #define HAVE_ALLOCA_H 1
| #define HAVE_ALLOCA 1
| #define HAVE_UINTPTR_T 1
| #define HAVE_VA_COPY 1
| #define HAVE_SETLOCALE 1
| #define HAVE_GETTIMEOFDAY 1
| #define HAVE_SIGNAL 1
| #define HAVE_SIGACTION 1
| #define HAVE_LONG_LONG 1
| #define HAVE_INTMAX_T 1
| #define MPFR_HAVE_INTMAX_MAX 1
| #define MPFR_HAVE_NORETURN 1
| #define MPFR_HAVE_BUILTIN_UNREACHABLE 1
| #define MPFR_HAVE_CONSTRUCTOR_ATTR 1
| #define MPFR_HAVE_FESETROUND 1
| /* end confdefs.h.  */
| 
| #include <float.h>
| #ifdef MPFR_HAVE_FESETROUND
| #include <fenv.h>
| #endif
| static double get_max (void);
| int main (void) {
|   double x = 0.5;
|   double y;
|   int i;
|   for (i = 1; i <= 11; i++)
|     x *= x;
|   if (x != 0)
|     return 1;
| #ifdef MPFR_HAVE_FESETROUND
|   /* Useful test for the G4 PowerPC */
|   fesetround(FE_TOWARDZERO);
|   x = y = get_max ();
|   x *= 2.0;
|   if (x != y)
|     return 1;
| #endif
|   return 0;
| }
| static double get_max (void) { static volatile double d = DBL_MAX; return d; }
| 
configure:16669: result: yes, use -ffloat-store
configure:16676: checking for subnormal double-precision numbers
configure:16699: /usr/lib/emsdk/upstream/emscripten/emcc -o conftest -Wall -Wmissing-prototypes -Wpointer-arith -g -O2 -ffloat-store  -I/home/juli/Matlab/scctools/ports/c_symb/gmp-6.2.1/install/include  -L/home/juli/Matlab/scctools/ports/c_symb/gmp-6.2.1/install/lib conftest.c  >&5
clang: warning: optimization flag '-ffloat-store' is not supported [-Wignored-optimization-argument]
emcc: warning: running limited binaryen optimizations because DWARF info requested (or indirectly required) [-Wlimited-postlink-optimizations]
configure:16699: $? = 0
configure:16699: ./conftest
1.112537e-308
configure:16699: $? = 0
configure:16711: result: yes
configure:16718: checking for subnormal single-precision numbers
configure:16741: /usr/lib/emsdk/upstream/emscripten/emcc -o conftest -Wall -Wmissing-prototypes -Wpointer-arith -g -O2 -ffloat-store  -I/home/juli/Matlab/scctools/ports/c_symb/gmp-6.2.1/install/include  -L/home/juli/Matlab/scctools/ports/c_symb/gmp-6.2.1/install/lib conftest.c  >&5
clang: warning: optimization flag '-ffloat-store' is not supported [-Wignored-optimization-argument]
emcc: warning: running limited binaryen optimizations because DWARF info requested (or indirectly required) [-Wlimited-postlink-optimizations]
configure:16741: $? = 0
configure:16741: ./conftest
5.877472e-39
configure:16741: $? = 0
configure:16753: result: yes
configure:16761: checking for signed zeros
configure:16780: /usr/lib/emsdk/upstream/emscripten/emcc -o conftest -Wall -Wmissing-prototypes -Wpointer-arith -g -O2 -ffloat-store  -I/home/juli/Matlab/scctools/ports/c_symb/gmp-6.2.1/install/include  -L/home/juli/Matlab/scctools/ports/c_symb/gmp-6.2.1/install/lib conftest.c  >&5
clang: warning: optimization flag '-ffloat-store' is not supported [-Wignored-optimization-argument]
emcc: warning: running limited binaryen optimizations because DWARF info requested (or indirectly required) [-Wlimited-postlink-optimizations]
configure:16780: $? = 0
configure:16780: ./conftest
configure:16780: $? = 0
configure:16792: result: yes
configure:16800: checking if the FP division by 0 fails
configure:16823: /usr/lib/emsdk/upstream/emscripten/emcc -o conftest -Wall -Wmissing-prototypes -Wpointer-arith -g -O2 -ffloat-store  -I/home/juli/Matlab/scctools/ports/c_symb/gmp-6.2.1/install/include  -L/home/juli/Matlab/scctools/ports/c_symb/gmp-6.2.1/install/lib conftest.c  >&5
clang: warning: optimization flag '-ffloat-store' is not supported [-Wignored-optimization-argument]
emcc: warning: running limited binaryen optimizations because DWARF info requested (or indirectly required) [-Wlimited-postlink-optimizations]
configure:16823: $? = 0
configure:16823: ./conftest
configure:16823: $? = 0
configure:16835: result: no
configure:16849: checking if NAN == NAN
configure:16875: /usr/lib/emsdk/upstream/emscripten/emcc -o conftest -Wall -Wmissing-prototypes -Wpointer-arith -g -O2 -ffloat-store  -I/home/juli/Matlab/scctools/ports/c_symb/gmp-6.2.1/install/include  -L/home/juli/Matlab/scctools/ports/c_symb/gmp-6.2.1/install/lib conftest.c  >&5
clang: warning: optimization flag '-ffloat-store' is not supported [-Wignored-optimization-argument]
emcc: warning: running limited binaryen optimizations because DWARF info requested (or indirectly required) [-Wlimited-postlink-optimizations]
configure:16875: $? = 0
configure:16875: ./conftest
configure:16875: $? = 1
configure: program exited with status 1
configure: failed program was:
| /* confdefs.h */
| #define PACKAGE_NAME "MPFR"
| #define PACKAGE_TARNAME "mpfr"
| #define PACKAGE_VERSION "4.2.1"
| #define PACKAGE_STRING "MPFR 4.2.1"
| #define PACKAGE_BUGREPORT ""
| #define PACKAGE_URL ""
| #define HAVE_STDIO_H 1
| #define HAVE_STDLIB_H 1
| #define HAVE_STRING_H 1
| #define HAVE_INTTYPES_H 1
| #define HAVE_STDINT_H 1
| #define HAVE_STRINGS_H 1
| #define HAVE_SYS_STAT_H 1
| #define HAVE_SYS_TYPES_H 1
| #define HAVE_UNISTD_H 1
| #define STDC_HEADERS 1
| #define HAVE_DLFCN_H 1
| #define LT_OBJDIR ".libs/"
| #define HAVE_LITTLE_ENDIAN 1
| #define HAVE_CLOCK_GETTIME 1
| #define HAVE_LOCALE_H 1
| #define HAVE_WCHAR_H 1
| #define HAVE_STDARG 1
| #define HAVE_STRUCT_LCONV_DECIMAL_POINT 1
| #define HAVE_STRUCT_LCONV_THOUSANDS_SEP 1
| #define HAVE_ALLOCA_H 1
| #define HAVE_ALLOCA 1
| #define HAVE_UINTPTR_T 1
| #define HAVE_VA_COPY 1
| #define HAVE_SETLOCALE 1
| #define HAVE_GETTIMEOFDAY 1
| #define HAVE_SIGNAL 1
| #define HAVE_SIGACTION 1
| #define HAVE_LONG_LONG 1
| #define HAVE_INTMAX_T 1
| #define MPFR_HAVE_INTMAX_MAX 1
| #define MPFR_HAVE_NORETURN 1
| #define MPFR_HAVE_BUILTIN_UNREACHABLE 1
| #define MPFR_HAVE_CONSTRUCTOR_ATTR 1
| #define MPFR_HAVE_FESETROUND 1
| #define HAVE_SUBNORM_DBL 1
| #define HAVE_SUBNORM_FLT 1
| #define HAVE_SIGNEDZ 1
| /* end confdefs.h.  */
| 
| #include <stdio.h>
| #include <math.h>
| #ifndef NAN
| # define NAN (0.0/0.0)
| #endif
| int main (void) {
|   double d;
|   d = NAN;
|   return d != d;
| }
| 
configure:16887: result: no
configure:16915: checking if charset has consecutive values
configure:16946: /usr/lib/emsdk/upstream/emscripten/emcc -o conftest -Wall -Wmissing-prototypes -Wpointer-arith -g -O2 -ffloat-store  -I/home/juli/Matlab/scctools/ports/c_symb/gmp-6.2.1/install/include  -L/home/juli/Matlab/scctools/ports/c_symb/gmp-6.2.1/install/lib conftest.c  >&5
clang: warning: optimization flag '-ffloat-store' is not supported [-Wignored-optimization-argument]
emcc: warning: running limited binaryen optimizations because DWARF info requested (or indirectly required) [-Wlimited-postlink-optimizations]
configure:16946: $? = 0
configure:16946: ./conftest
configure:16946: $? = 0
configure:16948: result: yes
configure:16966: checking for math/round
configure:16984: /usr/lib/emsdk/upstream/emscripten/emcc -o conftest -Wall -Wmissing-prototypes -Wpointer-arith -g -O2 -ffloat-store  -I/home/juli/Matlab/scctools/ports/c_symb/gmp-6.2.1/install/include  -L/home/juli/Matlab/scctools/ports/c_symb/gmp-6.2.1/install/lib conftest.c  -lm >&5
clang: warning: optimization flag '-ffloat-store' is not supported [-Wignored-optimization-argument]
emcc: warning: running limited binaryen optimizations because DWARF info requested (or indirectly required) [-Wlimited-postlink-optimizations]
configure:16984: $? = 0
configure:16987: result: yes
configure:17000: checking for math/trunc
configure:17018: /usr/lib/emsdk/upstream/emscripten/emcc -o conftest -Wall -Wmissing-prototypes -Wpointer-arith -g -O2 -ffloat-store  -I/home/juli/Matlab/scctools/ports/c_symb/gmp-6.2.1/install/include  -L/home/juli/Matlab/scctools/ports/c_symb/gmp-6.2.1/install/lib conftest.c  -lm >&5
clang: warning: optimization flag '-ffloat-store' is not supported [-Wignored-optimization-argument]
emcc: warning: running limited binaryen optimizations because DWARF info requested (or indirectly required) [-Wlimited-postlink-optimizations]
configure:17018: $? = 0
configure:17021: result: yes
configure:17034: checking for math/floor
configure:17052: /usr/lib/emsdk/upstream/emscripten/emcc -o conftest -Wall -Wmissing-prototypes -Wpointer-arith -g -O2 -ffloat-store  -I/home/juli/Matlab/scctools/ports/c_symb/gmp-6.2.1/install/include  -L/home/juli/Matlab/scctools/ports/c_symb/gmp-6.2.1/install/lib conftest.c  -lm >&5
clang: warning: optimization flag '-ffloat-store' is not supported [-Wignored-optimization-argument]
emcc: warning: running limited binaryen optimizations because DWARF info requested (or indirectly required) [-Wlimited-postlink-optimizations]
configure:17052: $? = 0
configure:17055: result: yes
configure:17068: checking for math/ceil
configure:17086: /usr/lib/emsdk/upstream/emscripten/emcc -o conftest -Wall -Wmissing-prototypes -Wpointer-arith -g -O2 -ffloat-store  -I/home/juli/Matlab/scctools/ports/c_symb/gmp-6.2.1/install/include  -L/home/juli/Matlab/scctools/ports/c_symb/gmp-6.2.1/install/lib conftest.c  -lm >&5
clang: warning: optimization flag '-ffloat-store' is not supported [-Wignored-optimization-argument]
emcc: warning: running limited binaryen optimizations because DWARF info requested (or indirectly required) [-Wlimited-postlink-optimizations]
configure:17086: $? = 0
configure:17089: result: yes
configure:17102: checking for math/nearbyint
configure:17120: /usr/lib/emsdk/upstream/emscripten/emcc -o conftest -Wall -Wmissing-prototypes -Wpointer-arith -g -O2 -ffloat-store  -I/home/juli/Matlab/scctools/ports/c_symb/gmp-6.2.1/install/include  -L/home/juli/Matlab/scctools/ports/c_symb/gmp-6.2.1/install/lib conftest.c  -lm >&5
clang: warning: optimization flag '-ffloat-store' is not supported [-Wignored-optimization-argument]
emcc: warning: running limited binaryen optimizations because DWARF info requested (or indirectly required) [-Wlimited-postlink-optimizations]
configure:17120: $? = 0
configure:17123: result: yes
configure:17141: checking format of floating-point type `double'
configure:17176: /usr/lib/emsdk/upstream/emscripten/emcc -Wall -Wmissing-prototypes -Wpointer-arith -g -O2 -ffloat-store  -I/home/juli/Matlab/scctools/ports/c_symb/gmp-6.2.1/install/include  -L/home/juli/Matlab/scctools/ports/c_symb/gmp-6.2.1/install/lib conftest.c -o conftest >&5 2>&1
clang: warning: optimization flag '-ffloat-store' is not supported [-Wignored-optimization-argument]
emcc: warning: running limited binaryen optimizations because DWARF info requested (or indirectly required) [-Wlimited-postlink-optimizations]
configure:17179: $? = 0
cannot match anything, conftest contains
0000000 043 041 057 165 163 162 057 154 151 142 057 145 155 163 144 153
0000020 057 156 157 144 145 057 061 070 056 062 060 056 063 137 066 064
0000040 142 151 164 057 142 151 156 057 156 157 144 145 012 057 057 040
0000060 151 156 143 154 165 144 145 072 040 163 150 145 154 154 056 152
0000100 163 012 057 057 040 124 150 145 040 115 157 144 165 154 145 040
0000120 157 142 152 145 143 164 072 040 117 165 162 040 151 156 164 145
0000140 162 146 141 143 145 040 164 157 040 164 150 145 040 157 165 164
0000160 163 151 144 145 040 167 157 162 154 144 056 040 127 145 040 151
0000200 155 160 157 162 164 012 057 057 040 141 156 144 040 145 170 160
0000220 157 162 164 040 166 141 154 165 145 163 040 157 156 040 151 164
0000240 056 040 124 150 145 162 145 040 141 162 145 040 166 141 162 151
0000260 157 165 163 040 167 141 171 163 040 115 157 144 165 154 145 040
0000300 143 141 156 040 142 145 040 165 163 145 144 072 012 057 057 040
0000320 061 056 040 116 157 164 040 144 145 146 151 156 145 144 056 040
0000340 127 145 040 143 162 145 141 164 145 040 151 164 040 150 145 162
0000360 145 012 057 057 040 062 056 040 101 040 146 165 156 143 164 151
0000400 157 156 040 160 141 162 141 155 145 164 145 162 054 040 146 165
0000420 156 143 164 151 157 156 050 155 157 144 165 154 145 101 162 147
0000440 051 040 075 076 040 120 162 157 155 151 163 145 074 115 157 144
0000460 165 154 145 076 012 057 057 040 063 056 040 160 162 145 055 162
0000500 165 156 040 141 160 160 145 156 144 145 144 040 151 164 054 040
0000520 166 141 162 040 115 157 144 165 154 145 040 075 040 173 175 073
0000540 040 056 056 147 145 156 145 162 141 164 145 144 040 143 157 144
0000560 145 056 056 012 057 057 040 064 056 040 105 170 164 145 162 156
0000600 141 154 040 163 143 162 151 160 164 040 164 141 147 040 144 145
0000620 146 151 156 145 163 040 166 141 162 040 115 157 144 165 154 145
0000640 056 012 057 057 040 127 145 040 156 145 145 144 040 164 157 040
0000660 143 150 145 143 153 040 151 146 040 115 157 144 165 154 145 040
0000700 141 154 162 145 141 144 171 040 145 170 151 163 164 163 040 050
0000720 145 056 147 056 040 143 141 163 145 040 063 040 141 142 157 166
0000740 145 051 056 012 057 057 040 123 165 142 163 164 151 164 165 164
0000760 151 157 156 040 167 151 154 154 040 142 145 040 162 145 160 154
0001000 141 143 145 144 040 167 151 164 150 040 141 143 164 165 141 154
0001020 040 143 157 144 145 040 157 156 040 154 141 164 145 162 040 163
0001040 164 141 147 145 040 157 146 040 164 150 145 040 142 165 151 154
0001060 144 054 012 057 057 040 164 150 151 163 040 167 141 171 040 103
0001100 154 157 163 165 162 145 040 103 157 155 160 151 154 145 162 040
0001120 167 151 154 154 040 156 157 164 040 155 141 156 147 154 145 040
0001140 151 164 040 050 145 056 147 056 040 143 141 163 145 040 064 056
0001160 040 141 142 157 166 145 051 056 012 057 057 040 116 157 164 145
0001200 040 164 150 141 164 040 151 146 040 171 157 165 040 167 141 156
0001220 164 040 164 157 040 162 165 156 040 143 154 157 163 165 162 145
0001240 054 040 141 156 144 040 141 154 163 157 040 164 157 040 165 163
0001260 145 040 115 157 144 165 154 145 012 057 057 040 141 146 164 145
0001300 162 040 164 150 145 040 147 145 156 145 162 141 164 145 144 040
0001320 143 157 144 145 054 040 171 157 165 040 167 151 154 154 040 156
0001340 145 145 144 040 164 157 040 144 145 146 151 156 145 040 040 040
0001360 166 141 162 040 115 157 144 165 154 145 040 075 040 173 175 073
0001400 012 057 057 040 142 145 146 157 162 145 040 164 150 145 040 143
0001420 157 144 145 056 040 124 150 145 156 040 164 150 141 164 040 157
0001440 142 152 145 143 164 040 167 151 154 154 040 142 145 040 165 163
0001460 145 144 040 151 156 040 164 150 145 040 143 157 144 145 054 040
0001500 141 156 144 040 171 157 165 012 057 057 040 143 141 156 040 143
0001520 157 156 164 151 156 165 145 040 164 157 040 165 163 145 040 115
0001540 157 144 165 154 145 040 141 146 164 145 162 167 141 162 144 163
0001560 040 141 163 040 167 145 154 154 056 012 166 141 162 040 115 157
0001600 144 165 154 145 040 075 040 164 171 160 145 157 146 040 115 157
0001620 144 165 154 145 040 041 075 040 047 165 156 144 145 146 151 156
0001640 145 144 047 040 077 040 115 157 144 165 154 145 040 072 040 173
0001660 175 073 012 012 057 057 040 104 145 164 145 162 155 151 156 145
0001700 040 164 150 145 040 162 165 156 164 151 155 145 040 145 156 166
0001720 151 162 157 156 155 145 156 164 040 167 145 040 141 162 145 040
0001740 151 156 056 040 131 157 165 040 143 141 156 040 143 165 163 164
0001760 157 155 151 172 145 040 164 150 151 163 040 142 171 012 057 057
0002000 040 163 145 164 164 151 156 147 040 164 150 145 040 105 116 126
0002020 111 122 117 116 115 105 116 124 040 163 145 164 164 151 156 147
0002040 040 141 164 040 143 157 155 160 151 154 145 040 164 151 155 145
0002060 040 050 163 145 145 040 163 145 164 164 151 156 147 163 056 152
0002100 163 051 056 012 012 057 057 040 101 164 164 145 155 160 164 040
0002120 164 157 040 141 165 164 157 055 144 145 164 145 143 164 040 164
0002140 150 145 040 145 156 166 151 162 157 156 155 145 156 164 012 166
0002160 141 162 040 105 116 126 111 122 117 116 115 105 116 124 137 111
0002200 123 137 127 105 102 040 075 040 164 171 160 145 157 146 040 167
0002220 151 156 144 157 167 040 075 075 040 047 157 142 152 145 143 164
0002240 047 073 012 166 141 162 040 105 116 126 111 122 117 116 115 105
0002260 116 124 137 111 123 137 127 117 122 113 105 122 040 075 040 164
0002300 171 160 145 157 146 040 151 155 160 157 162 164 123 143 162 151
0002320 160 164 163 040 075 075 040 047 146 165 156 143 164 151 157 156
0002340 047 073 012 057 057 040 116 056 142 056 040 105 154 145 143 164
0002360 162 157 156 056 152 163 040 145 156 166 151 162 157 156 155 145
0002400 156 164 040 151 163 040 163 151 155 165 154 164 141 156 145 157
0002420 165 163 154 171 040 141 040 116 117 104 105 055 145 156 166 151
0002440 162 157 156 155 145 156 164 054 040 142 165 164 012 057 057 040
0002460 141 154 163 157 040 141 040 167 145 142 040 145 156 166 151 162
0002500 157 156 155 145 156 164 056 012 166 141 162 040 105 116 126 111
0002520 122 117 116 115 105 116 124 137 111 123 137 116 117 104 105 040
0002540 075 040 164 171 160 145 157 146 040 160 162 157 143 145 163 163
0002560 040 075 075 040 047 157 142 152 145 143 164 047 040 046 046 040
0002600 164 171 160 145 157 146 040 160 162 157 143 145 163 163 056 166
0002620 145 162 163 151 157 156 163 040 075 075 040 047 157 142 152 145
0002640 143 164 047 040 046 046 040 164 171 160 145 157 146 040 160 162
0002660 157 143 145 163 163 056 166 145 162 163 151 157 156 163 056 156
0002700 157 144 145 040 075 075 040 047 163 164 162 151 156 147 047 073
0002720 012 166 141 162 040 105 116 126 111 122 117 116 115 105 116 124
0002740 137 111 123 137 123 110 105 114 114 040 075 040 041 105 116 126
0002760 111 122 117 116 115 105 116 124 137 111 123 137 127 105 102 040
0003000 046 046 040 041 105 116 126 111 122 117 116 115 105 116 124 137
0003020 111 123 137 116 117 104 105 040 046 046 040 041 105 116 126 111
0003040 122 117 116 115 105 116 124 137 111 123 137 127 117 122 113 105
0003060 122 073 012 012 151 146 040 050 105 116 126 111 122 117 116 115
0003100 105 116 124 137 111 123 137 116 117 104 105 051 040 173 012 040
0003120 040 057 057 040 140 162 145 161 165 151 162 145 050 051 140 040
0003140 151 163 040 156 157 055 157 160 040 151 156 040 141 156 040 105
0003160 123 115 040 155 157 144 165 154 145 054 040 165 163 145 040 140
0003200 143 162 145 141 164 145 122 145 161 165 151 162 145 050 051 140
0003220 040 164 157 040 143 157 156 163 164 162 165 143 164 012 040 040
0003240 057 057 040 164 150 145 040 162 145 161 165 151 162 145 050 051
0003260 140 040 146 165 156 143 164 151 157 156 056 040 040 124 150 151
0003300 163 040 151 163 040 157 156 154 171 040 156 145 143 145 163 163
0003320 141 162 171 040 146 157 162 040 155 165 154 164 151 055 145 156
0003340 166 151 162 157 156 155 145 156 164 012 040 040 057 057 040 142
0003360 165 151 154 144 163 054 040 140 055 163 105 116 126 111 122 117
0003400 116 115 105 116 124 075 156 157 144 145 140 040 145 155 151 164
0003420 163 040 141 040 163 164 141 164 151 143 040 151 155 160 157 162
0003440 164 040 144 145 143 154 141 162 141 164 151 157 156 040 151 156
0003460 163 164 145 141 144 056 012 040 040 057 057 040 124 117 104 117
0003500 072 040 123 167 141 160 040 141 154 154 040 140 162 145 161 165
0003520 151 162 145 050 051 140 047 163 040 167 151 164 150 040 140 151
0003540 155 160 157 162 164 050 051 140 047 163 077 012 012 175 012 012
0003560 057 057 040 055 055 160 162 145 055 152 163 145 163 040 141 162
0003600 145 040 145 155 151 164 164 145 144 040 141 146 164 145 162 040
0003620 164 150 145 040 115 157 144 165 154 145 040 151 156 164 145 147
0003640 162 141 164 151 157 156 040 143 157 144 145 054 040 163 157 040
0003660 164 150 141 164 040 164 150 145 171 040 143 141 156 012 057 057
0003700 040 162 145 146 145 162 040 164 157 040 115 157 144 165 154 145
0003720 040 050 151 146 040 164 150 145 171 040 143 150 157 157 163 145
0003740 073 040 164 150 145 171 040 143 141 156 040 141 154 163 157 040
0003760 144 145 146 151 156 145 040 115 157 144 165 154 145 051 012 012
0004000 012 057 057 040 123 157 155 145 164 151 155 145 163 040 141 156
0004020 040 145 170 151 163 164 151 156 147 040 115 157 144 165 154 145
0004040 040 157 142 152 145 143 164 040 145 170 151 163 164 163 040 167
0004060 151 164 150 040 160 162 157 160 145 162 164 151 145 163 012 057
0004100 057 040 155 145 141 156 164 040 164 157 040 157 166 145 162 167
0004120 162 151 164 145 040 164 150 145 040 144 145 146 141 165 154 164
0004140 040 155 157 144 165 154 145 040 146 165 156 143 164 151 157 156
0004160 141 154 151 164 171 056 040 110 145 162 145 012 057 057 040 167
0004200 145 040 143 157 154 154 145 143 164 040 164 150 157 163 145 040
0004220 160 162 157 160 145 162 164 151 145 163 040 141 156 144 040 162
0004240 145 141 160 160 154 171 040 137 141 146 164 145 162 137 040 167
0004260 145 040 143 157 156 146 151 147 165 162 145 012 057 057 040 164
0004300 150 145 040 143 165 162 162 145 156 164 040 145 156 166 151 162
0004320 157 156 155 145 156 164 047 163 040 144 145 146 141 165 154 164
0004340 163 040 164 157 040 141 166 157 151 144 040 150 141 166 151 156
0004360 147 040 164 157 040 142 145 040 163 157 012 057 057 040 144 145
0004400 146 145 156 163 151 166 145 040 144 165 162 151 156 147 040 151
0004420 156 151 164 151 141 154 151 172 141 164 151 157 156 056 012 166
0004440 141 162 040 155 157 144 165 154 145 117 166 145 162 162 151 144
0004460 145 163 040 075 040 117 142 152 145 143 164 056 141 163 163 151
0004500 147 156 050 173 175 054 040 115 157 144 165 154 145 051 073 012
0004520 012 166 141 162 040 141 162 147 165 155 145 156 164 163 137 040
0004540 075 040 133 135 073 012 166 141 162 040 164 150 151 163 120 162
0004560 157 147 162 141 155 040 075 040 047 056 057 164 150 151 163 056
0004600 160 162 157 147 162 141 155 047 073 012 166 141 162 040 161 165
0004620 151 164 137 040 075 040 050 163 164 141 164 165 163 054 040 164
0004640 157 124 150 162 157 167 051 040 075 076 040 173 012 040 040 164
0004660 150 162 157 167 040 164 157 124 150 162 157 167 073 012 175 073
0004700 012 012 057 057 040 140 057 140 040 163 150 157 165 154 144 040
0004720 142 145 040 160 162 145 163 145 156 164 040 141 164 040 164 150
0004740 145 040 145 156 144 040 151 146 040 140 163 143 162 151 160 164
0004760 104 151 162 145 143 164 157 162 171 140 040 151 163 040 156 157
0005000 164 040 145 155 160 164 171 012 166 141 162 040 163 143 162 151
0005020 160 164 104 151 162 145 143 164 157 162 171 040 075 040 047 047
0005040 073 012 146 165 156 143 164 151 157 156 040 154 157 143 141 164
0005060 145 106 151 154 145 050 160 141 164 150 051 040 173 012 040 040
0005100 151 146 040 050 115 157 144 165 154 145 133 047 154 157 143 141
0005120 164 145 106 151 154 145 047 135 051 040 173 012 040 040 040 040
0005140 162 145 164 165 162 156 040 115 157 144 165 154 145 133 047 154
0005160 157 143 141 164 145 106 151 154 145 047 135 050 160 141 164 150
0005200 054 040 163 143 162 151 160 164 104 151 162 145 143 164 157 162
0005220 171 051 073 012 040 040 175 012 040 040 162 145 164 165 162 156
0005240 040 163 143 162 151 160 164 104 151 162 145 143 164 157 162 171
0005260 040 053 040 160 141 164 150 073 012 175 012 012 057 057 040 110
0005300 157 157 153 163 040 164 150 141 164 040 141 162 145 040 151 155
0005320 160 154 145 155 145 156 164 145 144 040 144 151 146 146 145 162
0005340 145 156 164 154 171 040 151 156 040 144 151 146 146 145 162 145
0005360 156 164 040 162 165 156 164 151 155 145 040 145 156 166 151 162
0005400 157 156 155 145 156 164 163 056 012 166 141 162 040 162 145 141
0005420 144 101 163 171 156 143 054 040 162 145 141 144 102 151 156 141
0005440 162 171 073 012 012 151 146 040 050 105 116 126 111 122 117 116
0005460 115 105 116 124 137 111 123 137 116 117 104 105 051 040 173 012
0005500 012 040 040 057 057 040 124 150 145 163 145 040 155 157 144 165
0005520 154 145 163 040 167 151 154 154 040 165 163 165 141 154 154 171
0005540 040 142 145 040 165 163 145 144 040 157 156 040 116 157 144 145
0005560 056 152 163 056 040 114 157 141 144 040 164 150 145 155 040 145
0005600 141 147 145 162 154 171 040 164 157 040 141 166 157 151 144 012
0005620 040 040 057 057 040 164 150 145 040 143 157 155 160 154 145 170
0005640 151 164 171 040 157 146 040 154 141 172 171 055 154 157 141 144
0005660 151 156 147 056 012 040 040 166 141 162 040 146 163 040 075 040
0005700 162 145 161 165 151 162 145 050 047 146 163 047 051 073 012 040
0005720 040 166 141 162 040 156 157 144 145 120 141 164 150 040 075 040
0005740 162 145 161 165 151 162 145 050 047 160 141 164 150 047 051 073
0005760 012 012 040 040 163 143 162 151 160 164 104 151 162 145 143 164
0006000 157 162 171 040 075 040 137 137 144 151 162 156 141 155 145 040
0006020 053 040 047 057 047 073 012 012 057 057 040 151 156 143 154 165
0006040 144 145 072 040 156 157 144 145 137 163 150 145 154 154 137 162
0006060 145 141 144 056 152 163 012 162 145 141 144 102 151 156 141 162
0006100 171 040 075 040 050 146 151 154 145 156 141 155 145 051 040 075
0006120 076 040 173 012 040 040 057 057 040 127 145 040 156 145 145 144
0006140 040 164 157 040 162 145 055 167 162 141 160 040 140 146 151 154
0006160 145 072 057 057 140 040 163 164 162 151 156 147 163 040 164 157
0006200 040 125 122 114 163 056 040 116 157 162 155 141 154 151 172 151
0006220 156 147 040 151 163 156 047 164 012 040 040 057 057 040 156 145
0006240 143 145 163 163 141 162 171 040 151 156 040 164 150 141 164 040
0006260 143 141 163 145 054 040 164 150 145 040 160 141 164 150 040 163
0006300 150 157 165 154 144 040 141 154 162 145 141 144 171 040 142 145
0006320 040 141 142 163 157 154 165 164 145 056 012 040 040 146 151 154
0006340 145 156 141 155 145 040 075 040 151 163 106 151 154 145 125 122
0006360 111 050 146 151 154 145 156 141 155 145 051 040 077 040 156 145
0006400 167 040 125 122 114 050 146 151 154 145 156 141 155 145 051 040
0006420 072 040 156 157 144 145 120 141 164 150 056 156 157 162 155 141
0006440 154 151 172 145 050 146 151 154 145 156 141 155 145 051 073 012
0006460 040 040 166 141 162 040 162 145 164 040 075 040 146 163 056 162
0006500 145 141 144 106 151 154 145 123 171 156 143 050 146 151 154 145
0006520 156 141 155 145 051 073 012 040 040 162 145 164 165 162 156 040
0006540 162 145 164 073 012 175 073 012 012 162 145 141 144 101 163 171
0006560 156 143 040 075 040 050 146 151 154 145 156 141 155 145 054 040
0006600 142 151 156 141 162 171 040 075 040 164 162 165 145 051 040 075
0006620 076 040 173 012 040 040 057 057 040 123 145 145 040 164 150 145
0006640 040 143 157 155 155 145 156 164 040 151 156 040 164 150 145 040
0006660 140 162 145 141 144 102 151 156 141 162 171 140 040 146 165 156
0006700 143 164 151 157 156 056 012 040 040 146 151 154 145 156 141 155
0006720 145 040 075 040 151 163 106 151 154 145 125 122 111 050 146 151
0006740 154 145 156 141 155 145 051 040 077 040 156 145 167 040 125 122
0006760 114 050 146 151 154 145 156 141 155 145 051 040 072 040 156 157
0007000 144 145 120 141 164 150 056 156 157 162 155 141 154 151 172 145
0007020 050 146 151 154 145 156 141 155 145 051 073 012 040 040 162 145
0007040 164 165 162 156 040 156 145 167 040 120 162 157 155 151 163 145
0007060 050 050 162 145 163 157 154 166 145 054 040 162 145 152 145 143
0007100 164 051 040 075 076 040 173 012 040 040 040 040 146 163 056 162
0007120 145 141 144 106 151 154 145 050 146 151 154 145 156 141 155 145
0007140 054 040 142 151 156 141 162 171 040 077 040 165 156 144 145 146
0007160 151 156 145 144 040 072 040 047 165 164 146 070 047 054 040 050
0007200 145 162 162 054 040 144 141 164 141 051 040 075 076 040 173 012
0007220 040 040 040 040 040 040 151 146 040 050 145 162 162 051 040 162
0007240 145 152 145 143 164 050 145 162 162 051 073 012 040 040 040 040
0007260 040 040 145 154 163 145 040 162 145 163 157 154 166 145 050 142
0007300 151 156 141 162 171 040 077 040 144 141 164 141 056 142 165 146
0007320 146 145 162 040 072 040 144 141 164 141 051 073 012 040 040 040
0007340 040 175 051 073 012 040 040 175 051 073 012 175 073 012 057 057
0007360 040 145 156 144 040 151 156 143 154 165 144 145 072 040 156 157
0007400 144 145 137 163 150 145 154 154 137 162 145 141 144 056 152 163
0007420 012 040 040 151 146 040 050 041 115 157 144 165 154 145 133 047
0007440 164 150 151 163 120 162 157 147 162 141 155 047 135 040 046 046
0007460 040 160 162 157 143 145 163 163 056 141 162 147 166 056 154 145
0007500 156 147 164 150 040 076 040 061 051 040 173 012 040 040 040 040
0007520 164 150 151 163 120 162 157 147 162 141 155 040 075 040 160 162
0007540 157 143 145 163 163 056 141 162 147 166 133 061 135 056 162 145
0007560 160 154 141 143 145 050 057 134 134 057 147 054 040 047 057 047
0007600 051 073 012 040 040 175 012 012 040 040 141 162 147 165 155 145
0007620 156 164 163 137 040 075 040 160 162 157 143 145 163 163 056 141
0007640 162 147 166 056 163 154 151 143 145 050 062 051 073 012 012 040
0007660 040 151 146 040 050 164 171 160 145 157 146 040 155 157 144 165
0007700 154 145 040 041 075 040 047 165 156 144 145 146 151 156 145 144
0007720 047 051 040 173 012 040 040 040 040 155 157 144 165 154 145 133
0007740 047 145 170 160 157 162 164 163 047 135 040 075 040 115 157 144
0007760 165 154 145 073 012 040 040 175 012 012 040 040 161 165 151 164
0010000 137 040 075 040 050 163 164 141 164 165 163 054 040 164 157 124
0010020 150 162 157 167 051 040 075 076 040 173 012 040 040 040 040 160
0010040 162 157 143 145 163 163 056 145 170 151 164 103 157 144 145 040
0010060 075 040 163 164 141 164 165 163 073 012 040 040 040 040 164 150
0010100 162 157 167 040 164 157 124 150 162 157 167 073 012 040 040 175
0010120 073 012 012 175 040 145 154 163 145 012 012 057 057 040 116 157
0010140 164 145 040 164 150 141 164 040 164 150 151 163 040 151 156 143
0010160 154 165 144 145 163 040 116 157 144 145 056 152 163 040 167 157
0010200 162 153 145 162 163 040 167 150 145 156 040 162 145 154 145 166
0010220 141 156 164 040 050 160 164 150 162 145 141 144 163 040 151 163
0010240 040 145 156 141 142 154 145 144 051 056 012 057 057 040 116 157
0010260 144 145 056 152 163 040 167 157 162 153 145 162 163 040 141 162
0010300 145 040 144 145 164 145 143 164 145 144 040 141 163 040 141 040
0010320 143 157 155 142 151 156 141 164 151 157 156 040 157 146 040 105
0010340 116 126 111 122 117 116 115 105 116 124 137 111 123 137 127 117
0010360 122 113 105 122 040 141 156 144 012 057 057 040 105 116 126 111
0010400 122 117 116 115 105 116 124 137 111 123 137 116 117 104 105 056
0010420 012 151 146 040 050 105 116 126 111 122 117 116 115 105 116 124
0010440 137 111 123 137 127 105 102 040 174 174 040 105 116 126 111 122
0010460 117 116 115 105 116 124 137 111 123 137 127 117 122 113 105 122
0010500 051 040 173 012 040 040 151 146 040 050 105 116 126 111 122 117
0010520 116 115 105 116 124 137 111 123 137 127 117 122 113 105 122 051
0010540 040 173 040 057 057 040 103 150 145 143 153 040 167 157 162 153
0010560 145 162 054 040 156 157 164 040 167 145 142 054 040 163 151 156
0010600 143 145 040 167 151 156 144 157 167 040 143 157 165 154 144 040
0010620 142 145 040 160 157 154 171 146 151 154 154 145 144 012 040 040
0010640 040 040 163 143 162 151 160 164 104 151 162 145 143 164 157 162
0010660 171 040 075 040 163 145 154 146 056 154 157 143 141 164 151 157
0010700 156 056 150 162 145 146 073 012 040 040 175 040 145 154 163 145
0010720 040 151 146 040 050 164 171 160 145 157 146 040 144 157 143 165
0010740 155 145 156 164 040 041 075 040 047 165 156 144 145 146 151 156
0010760 145 144 047 040 046 046 040 144 157 143 165 155 145 156 164 056
0011000 143 165 162 162 145 156 164 123 143 162 151 160 164 051 040 173
0011020 040 057 057 040 167 145 142 012 040 040 040 040 163 143 162 151
0011040 160 164 104 151 162 145 143 164 157 162 171 040 075 040 144 157
0011060 143 165 155 145 156 164 056 143 165 162 162 145 156 164 123 143
0011100 162 151 160 164 056 163 162 143 073 012 040 040 175 012 040 040
0011120 057 057 040 142 154 157 142 040 165 162 154 163 040 154 157 157
0011140 153 040 154 151 153 145 040 142 154 157 142 072 150 164 164 160
0011160 072 057 057 163 151 164 145 056 143 157 155 057 145 164 143 057
0011200 145 164 143 040 141 156 144 040 167 145 040 143 141 156 156 157
0011220 164 040 151 156 146 145 162 040 141 156 171 164 150 151 156 147
0011240 040 146 162 157 155 040 164 150 145 155 056 012 040 040 057 057
0011260 040 157 164 150 145 162 167 151 163 145 054 040 163 154 151 143
0011300 145 040 157 146 146 040 164 150 145 040 146 151 156 141 154 040
0011320 160 141 162 164 040 157 146 040 164 150 145 040 165 162 154 040
0011340 164 157 040 146 151 156 144 040 164 150 145 040 163 143 162 151
0011360 160 164 040 144 151 162 145 143 164 157 162 171 056 012 040 040
0011400 057 057 040 151 146 040 163 143 162 151 160 164 104 151 162 145
0011420 143 164 157 162 171 040 144 157 145 163 040 156 157 164 040 143
0011440 157 156 164 141 151 156 040 141 040 163 154 141 163 150 054 040
0011460 154 141 163 164 111 156 144 145 170 117 146 040 167 151 154 154
0011500 040 162 145 164 165 162 156 040 055 061 054 012 040 040 057 057
0011520 040 141 156 144 040 163 143 162 151 160 164 104 151 162 145 143
0011540 164 157 162 171 040 167 151 154 154 040 143 157 162 162 145 143
0011560 164 154 171 040 142 145 040 162 145 160 154 141 143 145 144 040
0011600 167 151 164 150 040 141 156 040 145 155 160 164 171 040 163 164
0011620 162 151 156 147 056 012 040 040 057 057 040 111 146 040 163 143
0011640 162 151 160 164 104 151 162 145 143 164 157 162 171 040 143 157
0011660 156 164 141 151 156 163 040 141 040 161 165 145 162 171 040 050
0011700 163 164 141 162 164 151 156 147 040 167 151 164 150 040 077 051
0011720 040 157 162 040 141 040 146 162 141 147 155 145 156 164 040 050
0011740 163 164 141 162 164 151 156 147 040 167 151 164 150 040 043 051
0011760 054 012 040 040 057 057 040 164 150 145 171 040 141 162 145 040
0012000 162 145 155 157 166 145 144 040 142 145 143 141 165 163 145 040
0012020 164 150 145 171 040 143 157 165 154 144 040 143 157 156 164 141
0012040 151 156 040 141 040 163 154 141 163 150 056 012 040 040 151 146
0012060 040 050 163 143 162 151 160 164 104 151 162 145 143 164 157 162
0012100 171 056 163 164 141 162 164 163 127 151 164 150 050 047 142 154
0012120 157 142 072 047 051 051 040 173 012 040 040 040 040 163 143 162
0012140 151 160 164 104 151 162 145 143 164 157 162 171 040 075 040 047
0012160 047 073 012 040 040 175 040 145 154 163 145 040 173 012 040 040
0012200 040 040 163 143 162 151 160 164 104 151 162 145 143 164 157 162
0012220 171 040 075 040 163 143 162 151 160 164 104 151 162 145 143 164
0012240 157 162 171 056 163 165 142 163 164 162 050 060 054 040 163 143
0012260 162 151 160 164 104 151 162 145 143 164 157 162 171 056 162 145
0012300 160 154 141 143 145 050 057 133 077 043 135 056 052 057 054 040
0012320 047 047 051 056 154 141 163 164 111 156 144 145 170 117 146 050
0012340 047 057 047 051 053 061 051 073 012 040 040 175 012 012 040 040
0012360 173 012 057 057 040 151 156 143 154 165 144 145 072 040 167 145
0012400 142 137 157 162 137 167 157 162 153 145 162 137 163 150 145 154
0012420 154 137 162 145 141 144 056 152 163 012 151 146 040 050 105 116
0012440 126 111 122 117 116 115 105 116 124 137 111 123 137 127 117 122
0012460 113 105 122 051 040 173 012 040 040 040 040 162 145 141 144 102
0012500 151 156 141 162 171 040 075 040 050 165 162 154 051 040 075 076
0012520 040 173 012 040 040 040 040 040 040 166 141 162 040 170 150 162
0012540 040 075 040 156 145 167 040 130 115 114 110 164 164 160 122 145
0012560 161 165 145 163 164 050 051 073 012 040 040 040 040 040 040 170
0012600 150 162 056 157 160 145 156 050 047 107 105 124 047 054 040 165
0012620 162 154 054 040 146 141 154 163 145 051 073 012 040 040 040 040
0012640 040 040 170 150 162 056 162 145 163 160 157 156 163 145 124 171
0012660 160 145 040 075 040 047 141 162 162 141 171 142 165 146 146 145
0012700 162 047 073 012 040 040 040 040 040 040 170 150 162 056 163 145
0012720 156 144 050 156 165 154 154 051 073 012 040 040 040 040 040 040
0012740 162 145 164 165 162 156 040 156 145 167 040 125 151 156 164 070
0012760 101 162 162 141 171 050 057 052 052 040 100 164 171 160 145 173
0013000 041 101 162 162 141 171 102 165 146 146 145 162 175 040 052 057
0013020 050 170 150 162 056 162 145 163 160 157 156 163 145 051 051 073
0013040 012 040 040 040 040 175 073 012 040 040 175 012 012 040 040 162
0013060 145 141 144 101 163 171 156 143 040 075 040 050 165 162 154 051
0013100 040 075 076 040 173 012 040 040 040 040 057 057 040 106 145 164
0013120 143 150 040 150 141 163 040 163 157 155 145 040 141 144 144 151
0013140 164 151 157 156 141 154 040 162 145 163 164 162 151 143 164 151
0013160 157 156 163 040 157 166 145 162 040 130 110 122 054 040 154 151
0013200 153 145 040 151 164 040 143 141 156 047 164 040 142 145 040 165
0013220 163 145 144 040 157 156 040 141 040 146 151 154 145 072 057 057
0013240 040 165 162 154 056 012 040 040 040 040 057 057 040 123 145 145
0013260 040 150 164 164 160 163 072 057 057 147 151 164 150 165 142 056
0013300 143 157 155 057 147 151 164 150 165 142 057 146 145 164 143 150
0013320 057 160 165 154 154 057 071 062 043 151 163 163 165 145 143 157
0013340 155 155 145 156 164 055 061 064 060 066 066 065 071 063 062 012
0013360 040 040 040 040 057 057 040 103 157 162 144 157 166 141 040 157
0013400 162 040 105 154 145 143 164 162 157 156 040 141 160 160 163 040
0013420 141 162 145 040 164 171 160 151 143 141 154 154 171 040 154 157
0013440 141 144 145 144 040 146 162 157 155 040 141 040 146 151 154 145
0013460 072 057 057 040 165 162 154 056 012 040 040 040 040 057 057 040
0013500 123 157 040 165 163 145 040 130 110 122 040 157 156 040 167 145
0013520 142 166 151 145 167 040 151 146 040 125 122 114 040 151 163 040
0013540 141 040 146 151 154 145 040 125 122 114 056 012 040 040 040 040
0013560 151 146 040 050 151 163 106 151 154 145 125 122 111 050 165 162
0013600 154 051 051 040 173 012 040 040 040 040 040 040 162 145 164 165
0013620 162 156 040 156 145 167 040 120 162 157 155 151 163 145 050 050
0013640 162 145 163 157 154 166 145 054 040 162 145 152 145 143 164 051
0013660 040 075 076 040 173 012 040 040 040 040 040 040 040 040 166 141
0013700 162 040 170 150 162 040 075 040 156 145 167 040 130 115 114 110
0013720 164 164 160 122 145 161 165 145 163 164 050 051 073 012 040 040
0013740 040 040 040 040 040 040 170 150 162 056 157 160 145 156 050 047
0013760 107 105 124 047 054 040 165 162 154 054 040 164 162 165 145 051
0014000 073 012 040 040 040 040 040 040 040 040 170 150 162 056 162 145
0014020 163 160 157 156 163 145 124 171 160 145 040 075 040 047 141 162
0014040 162 141 171 142 165 146 146 145 162 047 073 012 040 040 040 040
0014060 040 040 040 040 170 150 162 056 157 156 154 157 141 144 040 075
0014100 040 050 051 040 075 076 040 173 012 040 040 040 040 040 040 040
0014120 040 040 040 151 146 040 050 170 150 162 056 163 164 141 164 165
0014140 163 040 075 075 040 062 060 060 040 174 174 040 050 170 150 162
0014160 056 163 164 141 164 165 163 040 075 075 040 060 040 046 046 040
0014200 170 150 162 056 162 145 163 160 157 156 163 145 051 051 040 173
0014220 040 057 057 040 146 151 154 145 040 125 122 114 163 040 143 141
0014240 156 040 162 145 164 165 162 156 040 060 012 040 040 040 040 040
0014260 040 040 040 040 040 040 040 162 145 163 157 154 166 145 050 170
0014300 150 162 056 162 145 163 160 157 156 163 145 051 073 012 040 040
0014320 040 040 040 040 040 040 040 040 040 040 162 145 164 165 162 156
0014340 073 012 040 040 040 040 040 040 040 040 040 040 175 012 040 040
0014360 040 040 040 040 040 040 040 040 162 145 152 145 143 164 050 170
0014400 150 162 056 163 164 141 164 165 163 051 073 012 040 040 040 040
0014420 040 040 040 040 175 073 012 040 040 040 040 040 040 040 040 170
0014440 150 162 056 157 156 145 162 162 157 162 040 075 040 162 145 152
0014460 145 143 164 073 012 040 040 040 040 040 040 040 040 170 150 162
0014500 056 163 145 156 144 050 156 165 154 154 051 073 012 040 040 040
0014520 040 040 040 175 051 073 012 040 040 040 040 175 012 040 040 040
0014540 040 162 145 164 165 162 156 040 146 145 164 143 150 050 165 162
0014560 154 054 040 173 040 143 162 145 144 145 156 164 151 141 154 163
0014600 072 040 047 163 141 155 145 055 157 162 151 147 151 156 047 040
0014620 175 051 012 040 040 040 040 040 040 056 164 150 145 156 050 050
0014640 162 145 163 160 157 156 163 145 051 040 075 076 040 173 012 040
0014660 040 040 040 040 040 040 040 151 146 040 050 162 145 163 160 157
0014700 156 163 145 056 157 153 051 040 173 012 040 040 040 040 040 040
0014720 040 040 040 040 162 145 164 165 162 156 040 162 145 163 160 157
0014740 156 163 145 056 141 162 162 141 171 102 165 146 146 145 162 050
0014760 051 073 012 040 040 040 040 040 040 040 040 175 012 040 040 040
0015000 040 040 040 040 040 162 145 164 165 162 156 040 120 162 157 155
0015020 151 163 145 056 162 145 152 145 143 164 050 156 145 167 040 105
0015040 162 162 157 162 050 162 145 163 160 157 156 163 145 056 163 164
0015060 141 164 165 163 040 053 040 047 040 072 040 047 040 053 040 162
0015100 145 163 160 157 156 163 145 056 165 162 154 051 051 073 012 040
0015120 040 040 040 040 040 175 051 012 040 040 175 073 012 057 057 040
0015140 145 156 144 040 151 156 143 154 165 144 145 072 040 167 145 142
0015160 137 157 162 137 167 157 162 153 145 162 137 163 150 145 154 154
0015200 137 162 145 141 144 056 152 163 012 040 040 175 012 175 040 145
0015220 154 163 145 012 173 012 175 012 012 166 141 162 040 157 165 164
0015240 040 075 040 115 157 144 165 154 145 133 047 160 162 151 156 164
0015260 047 135 040 174 174 040 143 157 156 163 157 154 145 056 154 157
0015300 147 056 142 151 156 144 050 143 157 156 163 157 154 145 051 073
0015320 012 166 141 162 040 145 162 162 040 075 040 115 157 144 165 154
0015340 145 133 047 160 162 151 156 164 105 162 162 047 135 040 174 174
0015360 040 143 157 156 163 157 154 145 056 145 162 162 157 162 056 142
0015400 151 156 144 050 143 157 156 163 157 154 145 051 073 012 012 057
0015420 057 040 115 145 162 147 145 040 142 141 143 153 040 151 156 040
0015440 164 150 145 040 157 166 145 162 162 151 144 145 163 012 117 142
0015460 152 145 143 164 056 141 163 163 151 147 156 050 115 157 144 165
0015500 154 145 054 040 155 157 144 165 154 145 117 166 145 162 162 151
0015520 144 145 163 051 073 012 057 057 040 106 162 145 145 040 164 150
0015540 145 040 157 142 152 145 143 164 040 150 151 145 162 141 162 143
0015560 150 171 040 143 157 156 164 141 151 156 145 144 040 151 156 040
0015600 164 150 145 040 157 166 145 162 162 151 144 145 163 054 040 164
0015620 150 151 163 040 154 145 164 163 040 164 150 145 040 107 103 012
0015640 057 057 040 162 145 143 154 141 151 155 040 144 141 164 141 040
0015660 165 163 145 144 056 012 155 157 144 165 154 145 117 166 145 162
0015700 162 151 144 145 163 040 075 040 156 165 154 154 073 012 012 057
0015720 057 040 105 155 151 164 040 143 157 144 145 040 164 157 040 150
0015740 141 156 144 154 145 040 145 170 160 145 143 164 145 144 040 166
0015760 141 154 165 145 163 040 157 156 040 164 150 145 040 115 157 144
0016000 165 154 145 040 157 142 152 145 143 164 056 040 124 150 151 163
0016020 040 141 160 160 154 151 145 163 040 115 157 144 165 154 145 056
0016040 170 012 057 057 040 164 157 040 164 150 145 040 160 162 157 160
0016060 145 162 040 154 157 143 141 154 040 170 056 040 124 150 151 163
0016100 040 150 141 163 040 164 167 157 040 142 145 156 145 146 151 164
0016120 163 072 040 146 151 162 163 164 054 040 167 145 040 157 156 154
0016140 171 040 145 155 151 164 040 151 164 040 151 146 040 151 164 040
0016160 151 163 012 057 057 040 145 170 160 145 143 164 145 144 040 164
0016200 157 040 141 162 162 151 166 145 054 040 141 156 144 040 163 145
0016220 143 157 156 144 054 040 142 171 040 165 163 151 156 147 040 141
0016240 040 154 157 143 141 154 040 145 166 145 162 171 167 150 145 162
0016260 145 040 145 154 163 145 040 164 150 141 164 040 143 141 156 040
0016300 142 145 012 057 057 040 155 151 156 151 146 151 145 144 056 012
0016320 012 151 146 040 050 115 157 144 165 154 145 133 047 141 162 147
0016340 165 155 145 156 164 163 047 135 051 040 141 162 147 165 155 145
0016360 156 164 163 137 040 075 040 115 157 144 165 154 145 133 047 141
0016400 162 147 165 155 145 156 164 163 047 135 073 012 012 151 146 040
0016420 050 115 157 144 165 154 145 133 047 164 150 151 163 120 162 157
0016440 147 162 141 155 047 135 051 040 164 150 151 163 120 162 157 147
0016460 162 141 155 040 075 040 115 157 144 165 154 145 133 047 164 150
0016500 151 163 120 162 157 147 162 141 155 047 135 073 012 012 057 057
0016520 040 160 145 162 146 157 162 155 040 141 163 163 145 162 164 151
0016540 157 156 163 040 151 156 040 163 150 145 154 154 056 152 163 040
0016560 141 146 164 145 162 040 167 145 040 163 145 164 040 165 160 040
0016600 157 165 164 050 051 040 141 156 144 040 145 162 162 050 051 054
0016620 040 141 163 040 157 164 150 145 162 167 151 163 145 040 151 146
0016640 040 141 156 040 141 163 163 145 162 164 151 157 156 040 146 141
0016660 151 154 163 040 151 164 040 143 141 156 156 157 164 040 160 162
0016700 151 156 164 040 164 150 145 040 155 145 163 163 141 147 145 012
0016720 057 057 040 145 156 144 040 151 156 143 154 165 144 145 072 040
0016740 163 150 145 154 154 056 152 163 012 012 057 057 040 151 156 143
0016760 154 165 144 145 072 040 160 162 145 141 155 142 154 145 056 152
0017000 163 012 057 057 040 075 075 075 040 120 162 145 141 155 142 154
0017020 145 040 154 151 142 162 141 162 171 040 163 164 165 146 146 040
0017040 075 075 075 012 012 057 057 040 104 157 143 165 155 145 156 164
0017060 141 164 151 157 156 040 146 157 162 040 164 150 145 040 160 165
0017100 142 154 151 143 040 101 120 111 163 040 144 145 146 151 156 145
0017120 144 040 151 156 040 164 150 151 163 040 146 151 154 145 040 155
0017140 165 163 164 040 142 145 040 165 160 144 141 164 145 144 040 151
0017160 156 072 012 057 057 040 040 040 040 163 151 164 145 057 163 157
0017200 165 162 143 145 057 144 157 143 163 057 141 160 151 137 162 145
0017220 146 145 162 145 156 143 145 057 160 162 145 141 155 142 154 145
0017240 056 152 163 056 162 163 164 012 057 057 040 101 040 160 162 145
0017260 142 165 151 154 164 040 154 157 143 141 154 040 166 145 162 163
0017300 151 157 156 040 157 146 040 164 150 145 040 144 157 143 165 155
0017320 145 156 164 141 164 151 157 156 040 151 163 040 141 166 141 151
0017340 154 141 142 154 145 040 141 164 072 012 057 057 040 040 040 040
0017360 163 151 164 145 057 142 165 151 154 144 057 164 145 170 164 057
0017400 144 157 143 163 057 141 160 151 137 162 145 146 145 162 145 156
0017420 143 145 057 160 162 145 141 155 142 154 145 056 152 163 056 164
0017440 170 164 012 057 057 040 131 157 165 040 143 141 156 040 141 154
0017460 163 157 040 142 165 151 154 144 040 144 157 143 163 040 154 157
0017500 143 141 154 154 171 040 141 163 040 110 124 115 114 040 157 162
0017520 040 157 164 150 145 162 040 146 157 162 155 141 164 163 040 151
0017540 156 040 163 151 164 145 057 012 057 057 040 101 156 040 157 156
0017560 154 151 156 145 040 110 124 115 114 040 166 145 162 163 151 157
0017600 156 040 050 167 150 151 143 150 040 155 141 171 040 142 145 040
0017620 157 146 040 141 040 144 151 146 146 145 162 145 156 164 040 166
0017640 145 162 163 151 157 156 040 157 146 040 105 155 163 143 162 151
0017660 160 164 145 156 051 012 057 057 040 040 040 040 151 163 040 165
0017700 160 040 141 164 040 150 164 164 160 072 057 057 153 162 151 160
0017720 153 145 156 056 147 151 164 150 165 142 056 151 157 057 145 155
0017740 163 143 162 151 160 164 145 156 055 163 151 164 145 057 144 157
0017760 143 163 057 141 160 151 137 162 145 146 145 162 145 156 143 145
0020000 057 160 162 145 141 155 142 154 145 056 152 163 056 150 164 155
0020020 154 012 012 166 141 162 040 167 141 163 155 102 151 156 141 162
0020040 171 040 075 040 115 157 144 165 154 145 133 047 167 141 163 155
0020060 102 151 156 141 162 171 047 135 073 012 012 057 057 040 127 141
0020100 163 155 040 147 154 157 142 141 154 163 012 012 166 141 162 040
0020120 167 141 163 155 115 145 155 157 162 171 073 012 012 057 057 075
0020140 075 075 075 075 075 075 075 075 075 075 075 075 075 075 075 075
*
0020200 075 075 075 075 075 075 075 012 057 057 040 122 165 156 164 151
0020220 155 145 040 145 163 163 145 156 164 151 141 154 163 012 057 057
0020240 075 075 075 075 075 075 075 075 075 075 075 075 075 075 075 075
*
0020300 075 075 075 075 075 075 075 075 012 012 057 057 040 167 150 145
0020320 164 150 145 162 040 167 145 040 141 162 145 040 161 165 151 164
0020340 164 151 156 147 040 164 150 145 040 141 160 160 154 151 143 141
0020360 164 151 157 156 056 040 156 157 040 143 157 144 145 040 163 150
0020400 157 165 154 144 040 162 165 156 040 141 146 164 145 162 040 164
0020420 150 151 163 056 012 057 057 040 163 145 164 040 151 156 040 145
0020440 170 151 164 050 051 040 141 156 144 040 141 142 157 162 164 050
0020460 051 012 166 141 162 040 101 102 117 122 124 040 075 040 146 141
0020500 154 163 145 073 012 012 057 057 040 163 145 164 040 142 171 040
0020520 145 170 151 164 050 051 040 141 156 144 040 141 142 157 162 164
0020540 050 051 056 040 040 120 141 163 163 145 144 040 164 157 040 047
0020560 157 156 105 170 151 164 047 040 150 141 156 144 154 145 162 056
0020600 012 057 057 040 116 117 124 105 072 040 124 150 151 163 040 151
0020620 163 040 141 154 163 157 040 165 163 145 144 040 141 163 040 164
0020640 150 145 040 160 162 157 143 145 163 163 040 162 145 164 165 162
0020660 156 040 143 157 144 145 040 143 157 144 145 040 151 156 040 163
0020700 150 145 154 154 040 145 156 166 151 162 157 156 155 145 156 164
0020720 163 012 057 057 040 142 165 164 040 157 156 154 171 040 167 150
0020740 145 156 040 156 157 105 170 151 164 122 165 156 164 151 155 145
0020760 040 151 163 040 146 141 154 163 145 056 012 166 141 162 040 105
0021000 130 111 124 123 124 101 124 125 123 073 012 012 057 057 040 111
0021020 156 040 123 124 122 111 103 124 040 155 157 144 145 054 040 167
0021040 145 040 157 156 154 171 040 144 145 146 151 156 145 040 141 163
0021060 163 145 162 164 050 051 040 167 150 145 156 040 101 123 123 105
0021100 122 124 111 117 116 123 040 151 163 040 163 145 164 056 040 040
0021120 151 056 145 056 040 167 145 012 057 057 040 144 157 156 047 164
0021140 040 144 145 146 151 156 145 040 151 164 040 141 164 040 141 154
0021160 154 040 151 156 040 162 145 154 145 141 163 145 040 155 157 144
0021200 145 163 056 040 040 124 150 151 163 040 155 141 164 143 150 145
0021220 163 040 164 150 145 040 142 145 150 141 166 151 157 165 162 040
0021240 157 146 012 057 057 040 115 111 116 111 115 101 114 137 122 125
0021260 116 124 111 115 105 056 012 057 057 040 124 117 104 117 050 163
0021300 142 143 051 072 040 115 141 153 145 040 164 150 151 163 040 164
0021320 150 145 040 144 145 146 141 165 154 164 040 145 166 145 156 040
0021340 167 151 164 150 157 165 164 040 123 124 122 111 103 124 040 145
0021360 156 141 142 154 145 144 056 012 057 052 052 040 100 164 171 160
0021400 145 040 173 146 165 156 143 164 151 157 156 050 052 054 040 163
0021420 164 162 151 156 147 075 051 175 040 052 057 012 146 165 156 143
0021440 164 151 157 156 040 141 163 163 145 162 164 050 143 157 156 144
0021460 151 164 151 157 156 054 040 164 145 170 164 051 040 173 012 040
0021500 040 151 146 040 050 041 143 157 156 144 151 164 151 157 156 051
0021520 040 173 012 040 040 040 040 057 057 040 124 150 151 163 040 142
0021540 165 151 154 144 040 167 141 163 040 143 162 145 141 164 145 144
0021560 040 167 151 164 150 157 165 164 040 101 123 123 105 122 124 111
0021600 117 116 123 040 144 145 146 151 156 145 144 056 040 040 140 141
0021620 163 163 145 162 164 050 051 140 040 163 150 157 165 154 144 040
0021640 156 157 164 012 040 040 040 040 057 057 040 145 166 145 162 040
0021660 142 145 040 143 141 154 154 145 144 040 151 156 040 164 150 151
0021700 163 040 143 157 156 146 151 147 165 162 141 164 151 157 156 040
0021720 142 165 164 040 151 156 040 143 141 163 145 040 164 150 145 162
0021740 145 040 141 162 145 040 143 141 154 154 145 162 163 040 151 156
0021760 012 040 040 040 040 057 057 040 164 150 145 040 167 151 154 144
0022000 040 154 145 141 166 145 040 164 150 151 163 040 163 151 155 160
0022020 154 145 040 141 142 157 162 164 050 051 040 151 155 160 154 145
0022040 155 145 156 164 141 164 151 157 156 040 150 145 162 145 040 146
0022060 157 162 040 156 157 167 056 012 040 040 040 040 141 142 157 162
0022100 164 050 164 145 170 164 051 073 012 040 040 175 012 175 012 012
0022120 057 057 040 115 145 155 157 162 171 040 155 141 156 141 147 145
0022140 155 145 156 164 012 012 166 141 162 040 110 105 101 120 054 012
0022160 057 052 052 040 100 164 171 160 145 040 173 041 111 156 164 070
0022200 101 162 162 141 171 175 040 052 057 012 040 040 110 105 101 120
0022220 070 054 012 057 052 052 040 100 164 171 160 145 040 173 041 125
0022240 151 156 164 070 101 162 162 141 171 175 040 052 057 012 040 040
0022260 110 105 101 120 125 070 054 012 057 052 052 040 100 164 171 160
0022300 145 040 173 041 111 156 164 061 066 101 162 162 141 171 175 040
0022320 052 057 012 040 040 110 105 101 120 061 066 054 012 057 052 052
0022340 040 100 164 171 160 145 040 173 041 125 151 156 164 061 066 101
0022360 162 162 141 171 175 040 052 057 012 040 040 110 105 101 120 125
0022400 061 066 054 012 057 052 052 040 100 164 171 160 145 040 173 041
0022420 111 156 164 063 062 101 162 162 141 171 175 040 052 057 012 040
0022440 040 110 105 101 120 063 062 054 012 057 052 052 040 100 164 171
0022460 160 145 040 173 041 125 151 156 164 063 062 101 162 162 141 171
0022500 175 040 052 057 012 040 040 110 105 101 120 125 063 062 054 012
0022520 057 052 052 040 100 164 171 160 145 040 173 041 106 154 157 141
0022540 164 063 062 101 162 162 141 171 175 040 052 057 012 040 040 110
0022560 105 101 120 106 063 062 054 012 057 052 052 040 100 164 171 160
0022600 145 040 173 041 106 154 157 141 164 066 064 101 162 162 141 171
0022620 175 040 052 057 012 040 040 110 105 101 120 106 066 064 073 012
0022640 012 057 057 040 151 156 143 154 165 144 145 072 040 162 165 156
0022660 164 151 155 145 137 163 150 141 162 145 144 056 152 163 012 146
0022700 165 156 143 164 151 157 156 040 165 160 144 141 164 145 115 145
0022720 155 157 162 171 126 151 145 167 163 050 051 040 173 012 040 040
0022740 166 141 162 040 142 040 075 040 167 141 163 155 115 145 155 157
0022760 162 171 056 142 165 146 146 145 162 073 012 040 040 115 157 144
0023000 165 154 145 133 047 110 105 101 120 070 047 135 040 075 040 110
0023020 105 101 120 070 040 075 040 156 145 167 040 111 156 164 070 101
0023040 162 162 141 171 050 142 051 073 012 040 040 115 157 144 165 154
0023060 145 133 047 110 105 101 120 061 066 047 135 040 075 040 110 105
0023100 101 120 061 066 040 075 040 156 145 167 040 111 156 164 061 066
0023120 101 162 162 141 171 050 142 051 073 012 040 040 115 157 144 165
0023140 154 145 133 047 110 105 101 120 125 070 047 135 040 075 040 110
0023160 105 101 120 125 070 040 075 040 156 145 167 040 125 151 156 164
0023200 070 101 162 162 141 171 050 142 051 073 012 040 040 115 157 144
0023220 165 154 145 133 047 110 105 101 120 125 061 066 047 135 040 075
0023240 040 110 105 101 120 125 061 066 040 075 040 156 145 167 040 125
0023260 151 156 164 061 066 101 162 162 141 171 050 142 051 073 012 040
0023300 040 115 157 144 165 154 145 133 047 110 105 101 120 063 062 047
0023320 135 040 075 040 110 105 101 120 063 062 040 075 040 156 145 167
0023340 040 111 156 164 063 062 101 162 162 141 171 050 142 051 073 012
0023360 040 040 115 157 144 165 154 145 133 047 110 105 101 120 125 063
0023400 062 047 135 040 075 040 110 105 101 120 125 063 062 040 075 040
0023420 156 145 167 040 125 151 156 164 063 062 101 162 162 141 171 050
0023440 142 051 073 012 040 040 115 157 144 165 154 145 133 047 110 105
0023460 101 120 106 063 062 047 135 040 075 040 110 105 101 120 106 063
0023500 062 040 075 040 156 145 167 040 106 154 157 141 164 063 062 101
0023520 162 162 141 171 050 142 051 073 012 040 040 115 157 144 165 154
0023540 145 133 047 110 105 101 120 106 066 064 047 135 040 075 040 110
0023560 105 101 120 106 066 064 040 075 040 156 145 167 040 106 154 157
0023600 141 164 066 064 101 162 162 141 171 050 142 051 073 012 175 012
0023620 057 057 040 145 156 144 040 151 156 143 154 165 144 145 072 040
0023640 162 165 156 164 151 155 145 137 163 150 141 162 145 144 056 152
0023660 163 012 057 057 040 151 156 143 154 165 144 145 072 040 162 165
0023700 156 164 151 155 145 137 163 164 141 143 153 137 143 150 145 143
0023720 153 056 152 163 012 057 057 040 145 156 144 040 151 156 143 154
0023740 165 144 145 072 040 162 165 156 164 151 155 145 137 163 164 141
0023760 143 153 137 143 150 145 143 153 056 152 163 012 166 141 162 040
0024000 137 137 101 124 120 122 105 122 125 116 137 137 040 040 075 040
0024020 133 135 073 040 057 057 040 146 165 156 143 164 151 157 156 163
0024040 040 143 141 154 154 145 144 040 142 145 146 157 162 145 040 164
0024060 150 145 040 162 165 156 164 151 155 145 040 151 163 040 151 156
0024100 151 164 151 141 154 151 172 145 144 012 166 141 162 040 137 137
0024120 101 124 111 116 111 124 137 137 040 040 040 040 075 040 133 135
0024140 073 040 057 057 040 146 165 156 143 164 151 157 156 163 040 143
0024160 141 154 154 145 144 040 144 165 162 151 156 147 040 163 164 141
0024200 162 164 165 160 012 166 141 162 040 137 137 101 124 115 101 111
0024220 116 137 137 040 040 040 040 075 040 133 135 073 040 057 057 040
0024240 146 165 156 143 164 151 157 156 163 040 143 141 154 154 145 144
0024260 040 167 150 145 156 040 155 141 151 156 050 051 040 151 163 040
0024300 164 157 040 142 145 040 162 165 156 012 166 141 162 040 137 137
0024320 101 124 105 130 111 124 137 137 040 040 040 040 075 040 133 135
0024340 073 040 057 057 040 146 165 156 143 164 151 157 156 163 040 143
0024360 141 154 154 145 144 040 144 165 162 151 156 147 040 163 150 165
0024400 164 144 157 167 156 012 166 141 162 040 137 137 101 124 120 117
0024420 123 124 122 125 116 137 137 040 075 040 133 135 073 040 057 057
0024440 040 146 165 156 143 164 151 157 156 163 040 143 141 154 154 145
0024460 144 040 141 146 164 145 162 040 164 150 145 040 155 141 151 156
0024500 050 051 040 151 163 040 143 141 154 154 145 144 012 012 166 141
0024520 162 040 162 165 156 164 151 155 145 111 156 151 164 151 141 154
0024540 151 172 145 144 040 075 040 146 141 154 163 145 073 012 012 166
0024560 141 162 040 162 165 156 164 151 155 145 105 170 151 164 145 144
0024600 040 075 040 146 141 154 163 145 073 012 012 146 165 156 143 164
0024620 151 157 156 040 160 162 145 122 165 156 050 051 040 173 012 040
0024640 040 151 146 040 050 115 157 144 165 154 145 133 047 160 162 145
0024660 122 165 156 047 135 051 040 173 012 040 040 040 040 151 146 040
0024700 050 164 171 160 145 157 146 040 115 157 144 165 154 145 133 047
0024720 160 162 145 122 165 156 047 135 040 075 075 040 047 146 165 156
0024740 143 164 151 157 156 047 051 040 115 157 144 165 154 145 133 047
0024760 160 162 145 122 165 156 047 135 040 075 040 133 115 157 144 165
0025000 154 145 133 047 160 162 145 122 165 156 047 135 135 073 012 040
0025020 040 040 040 167 150 151 154 145 040 050 115 157 144 165 154 145
0025040 133 047 160 162 145 122 165 156 047 135 056 154 145 156 147 164
0025060 150 051 040 173 012 040 040 040 040 040 040 141 144 144 117 156
0025100 120 162 145 122 165 156 050 115 157 144 165 154 145 133 047 160
0025120 162 145 122 165 156 047 135 056 163 150 151 146 164 050 051 051
0025140 073 012 040 040 040 040 175 012 040 040 175 012 040 040 143 141
0025160 154 154 122 165 156 164 151 155 145 103 141 154 154 142 141 143
0025200 153 163 050 137 137 101 124 120 122 105 122 125 116 137 137 051
0025220 073 012 175 012 012 146 165 156 143 164 151 157 156 040 151 156
0025240 151 164 122 165 156 164 151 155 145 050 051 040 173 012 040 040
0025260 162 165 156 164 151 155 145 111 156 151 164 151 141 154 151 172
0025300 145 144 040 075 040 164 162 165 145 073 012 012 040 040 012 040
0025320 040 143 141 154 154 122 165 156 164 151 155 145 103 141 154 154
0025340 142 141 143 153 163 050 137 137 101 124 111 116 111 124 137 137
0025360 051 073 012 175 012 012 146 165 156 143 164 151 157 156 040 160
0025400 162 145 115 141 151 156 050 051 040 173 012 040 040 012 040 040
0025420 143 141 154 154 122 165 156 164 151 155 145 103 141 154 154 142
0025440 141 143 153 163 050 137 137 101 124 115 101 111 116 137 137 051
0025460 073 012 175 012 012 146 165 156 143 164 151 157 156 040 145 170
0025500 151 164 122 165 156 164 151 155 145 050 051 040 173 012 040 040
0025520 137 137 137 146 165 156 143 163 137 157 156 137 145 170 151 164
0025540 050 051 073 040 057 057 040 116 141 164 151 166 145 040 141 164
0025560 145 170 151 164 050 051 040 146 165 156 143 164 151 157 156 163
0025600 012 040 040 143 141 154 154 122 165 156 164 151 155 145 103 141
0025620 154 154 142 141 143 153 163 050 137 137 101 124 105 130 111 124
0025640 137 137 051 073 012 040 040 146 154 165 163 150 137 116 117 137
0025660 106 111 114 105 123 131 123 124 105 115 050 051 012 040 040 162
0025700 165 156 164 151 155 145 105 170 151 164 145 144 040 075 040 164
0025720 162 165 145 073 012 175 012 012 146 165 156 143 164 151 157 156
0025740 040 160 157 163 164 122 165 156 050 051 040 173 012 012 040 040
0025760 151 146 040 050 115 157 144 165 154 145 133 047 160 157 163 164
0026000 122 165 156 047 135 051 040 173 012 040 040 040 040 151 146 040
0026020 050 164 171 160 145 157 146 040 115 157 144 165 154 145 133 047
0026040 160 157 163 164 122 165 156 047 135 040 075 075 040 047 146 165
0026060 156 143 164 151 157 156 047 051 040 115 157 144 165 154 145 133
0026100 047 160 157 163 164 122 165 156 047 135 040 075 040 133 115 157
0026120 144 165 154 145 133 047 160 157 163 164 122 165 156 047 135 135
0026140 073 012 040 040 040 040 167 150 151 154 145 040 050 115 157 144
0026160 165 154 145 133 047 160 157 163 164 122 165 156 047 135 056 154
0026200 145 156 147 164 150 051 040 173 012 040 040 040 040 040 040 141
0026220 144 144 117 156 120 157 163 164 122 165 156 050 115 157 144 165
0026240 154 145 133 047 160 157 163 164 122 165 156 047 135 056 163 150
0026260 151 146 164 050 051 051 073 012 040 040 040 040 175 012 040 040
0026300 175 012 012 040 040 143 141 154 154 122 165 156 164 151 155 145
0026320 103 141 154 154 142 141 143 153 163 050 137 137 101 124 120 117
0026340 123 124 122 125 116 137 137 051 073 012 175 012 012 146 165 156
0026360 143 164 151 157 156 040 141 144 144 117 156 120 162 145 122 165
0026400 156 050 143 142 051 040 173 012 040 040 137 137 101 124 120 122
0026420 105 122 125 116 137 137 056 165 156 163 150 151 146 164 050 143
0026440 142 051 073 012 175 012 012 146 165 156 143 164 151 157 156 040
0026460 141 144 144 117 156 111 156 151 164 050 143 142 051 040 173 012
0026500 040 040 137 137 101 124 111 116 111 124 137 137 056 165 156 163
0026520 150 151 146 164 050 143 142 051 073 012 175 012 012 146 165 156
0026540 143 164 151 157 156 040 141 144 144 117 156 120 162 145 115 141
0026560 151 156 050 143 142 051 040 173 012 040 040 137 137 101 124 115
0026600 101 111 116 137 137 056 165 156 163 150 151 146 164 050 143 142
0026620 051 073 012 175 012 012 146 165 156 143 164 151 157 156 040 141
0026640 144 144 117 156 105 170 151 164 050 143 142 051 040 173 012 040
0026660 040 137 137 101 124 105 130 111 124 137 137 056 165 156 163 150
0026700 151 146 164 050 143 142 051 073 012 175 012 012 146 165 156 143
0026720 164 151 157 156 040 141 144 144 117 156 120 157 163 164 122 165
0026740 156 050 143 142 051 040 173 012 040 040 137 137 101 124 120 117
0026760 123 124 122 125 116 137 137 056 165 156 163 150 151 146 164 050
0027000 143 142 051 073 012 175 012 012 057 057 040 151 156 143 154 165
0027020 144 145 072 040 162 165 156 164 151 155 145 137 155 141 164 150
0027040 056 152 163 012 057 057 040 150 164 164 160 163 072 057 057 144
0027060 145 166 145 154 157 160 145 162 056 155 157 172 151 154 154 141
0027100 056 157 162 147 057 145 156 055 125 123 057 144 157 143 163 057
0027120 127 145 142 057 112 141 166 141 123 143 162 151 160 164 057 122
0027140 145 146 145 162 145 156 143 145 057 107 154 157 142 141 154 137
0027160 117 142 152 145 143 164 163 057 115 141 164 150 057 151 155 165
0027200 154 012 012 057 057 040 150 164 164 160 163 072 057 057 144 145
0027220 166 145 154 157 160 145 162 056 155 157 172 151 154 154 141 056
0027240 157 162 147 057 145 156 055 125 123 057 144 157 143 163 057 127
0027260 145 142 057 112 141 166 141 123 143 162 151 160 164 057 122 145
0027300 146 145 162 145 156 143 145 057 107 154 157 142 141 154 137 117
0027320 142 152 145 143 164 163 057 115 141 164 150 057 146 162 157 165
0027340 156 144 012 012 057 057 040 150 164 164 160 163 072 057 057 144
0027360 145 166 145 154 157 160 145 162 056 155 157 172 151 154 154 141
0027400 056 157 162 147 057 145 156 055 125 123 057 144 157 143 163 057
0027420 127 145 142 057 112 141 166 141 123 143 162 151 160 164 057 122
0027440 145 146 145 162 145 156 143 145 057 107 154 157 142 141 154 137
0027460 117 142 152 145 143 164 163 057 115 141 164 150 057 143 154 172
0027500 063 062 012 012 057 057 040 150 164 164 160 163 072 057 057 144
0027520 145 166 145 154 157 160 145 162 056 155 157 172 151 154 154 141
0027540 056 157 162 147 057 145 156 055 125 123 057 144 157 143 163 057
0027560 127 145 142 057 112 141 166 141 123 143 162 151 160 164 057 122
0027600 145 146 145 162 145 156 143 145 057 107 154 157 142 141 154 137
0027620 117 142 152 145 143 164 163 057 115 141 164 150 057 164 162 165
0027640 156 143 012 012 057 057 040 145 156 144 040 151 156 143 154 165
0027660 144 145 072 040 162 165 156 164 151 155 145 137 155 141 164 150
0027700 056 152 163 012 057 057 040 101 040 143 157 165 156 164 145 162
0027720 040 157 146 040 144 145 160 145 156 144 145 156 143 151 145 163
0027740 040 146 157 162 040 143 141 154 154 151 156 147 040 162 165 156
0027760 050 051 056 040 111 146 040 167 145 040 156 145 145 144 040 164
0030000 157 012 057 057 040 144 157 040 141 163 171 156 143 150 162 157
0030020 156 157 165 163 040 167 157 162 153 040 142 145 146 157 162 145
0030040 040 162 165 156 156 151 156 147 054 040 151 156 143 162 145 155
0030060 145 156 164 040 164 150 151 163 040 141 156 144 012 057 057 040
0030100 144 145 143 162 145 155 145 156 164 040 151 164 056 040 111 156
0030120 143 162 145 155 145 156 164 151 156 147 040 155 165 163 164 040
0030140 150 141 160 160 145 156 040 151 156 040 141 040 160 154 141 143
0030160 145 040 154 151 153 145 012 057 057 040 115 157 144 165 154 145
0030200 056 160 162 145 122 165 156 040 050 165 163 145 144 040 142 171
0030220 040 145 155 143 143 040 164 157 040 141 144 144 040 146 151 154
0030240 145 040 160 162 145 154 157 141 144 151 156 147 051 056 012 057
0030260 057 040 116 157 164 145 040 164 150 141 164 040 171 157 165 040
0030300 143 141 156 040 141 144 144 040 144 145 160 145 156 144 145 156
0030320 143 151 145 163 040 151 156 040 160 162 145 122 165 156 054 040
0030340 145 166 145 156 040 164 150 157 165 147 150 012 057 057 040 151
0030360 164 040 150 141 160 160 145 156 163 040 162 151 147 150 164 040
0030400 142 145 146 157 162 145 040 162 165 156 040 055 040 162 165 156
0030420 040 167 151 154 154 040 142 145 040 160 157 163 164 160 157 156
0030440 145 144 040 165 156 164 151 154 012 057 057 040 164 150 145 040
0030460 144 145 160 145 156 144 145 156 143 151 145 163 040 141 162 145
0030500 040 155 145 164 056 012 166 141 162 040 162 165 156 104 145 160
0030520 145 156 144 145 156 143 151 145 163 040 075 040 060 073 012 166
0030540 141 162 040 162 165 156 104 145 160 145 156 144 145 156 143 171
0030560 127 141 164 143 150 145 162 040 075 040 156 165 154 154 073 012
0030600 166 141 162 040 144 145 160 145 156 144 145 156 143 151 145 163
0030620 106 165 154 146 151 154 154 145 144 040 075 040 156 165 154 154
0030640 073 040 057 057 040 157 166 145 162 162 151 144 144 145 156 040
0030660 164 157 040 164 141 153 145 040 144 151 146 146 145 162 145 156
0030700 164 040 141 143 164 151 157 156 163 040 167 150 145 156 040 141
0030720 154 154 040 162 165 156 040 144 145 160 145 156 144 145 156 143
0030740 151 145 163 040 141 162 145 040 146 165 154 146 151 154 154 145
0030760 144 012 012 146 165 156 143 164 151 157 156 040 147 145 164 125
0031000 156 151 161 165 145 122 165 156 104 145 160 145 156 144 145 156
0031020 143 171 050 151 144 051 040 173 012 040 040 162 145 164 165 162
0031040 156 040 151 144 073 012 175 012 012 146 165 156 143 164 151 157
0031060 156 040 141 144 144 122 165 156 104 145 160 145 156 144 145 156
0031100 143 171 050 151 144 051 040 173 012 040 040 162 165 156 104 145
0031120 160 145 156 144 145 156 143 151 145 163 053 053 073 012 012 040
0031140 040 115 157 144 165 154 145 133 047 155 157 156 151 164 157 162
0031160 122 165 156 104 145 160 145 156 144 145 156 143 151 145 163 047
0031200 135 077 056 050 162 165 156 104 145 160 145 156 144 145 156 143
0031220 151 145 163 051 073 012 012 175 012 012 146 165 156 143 164 151
0031240 157 156 040 162 145 155 157 166 145 122 165 156 104 145 160 145
0031260 156 144 145 156 143 171 050 151 144 051 040 173 012 040 040 162
0031300 165 156 104 145 160 145 156 144 145 156 143 151 145 163 055 055
0031320 073 012 012 040 040 115 157 144 165 154 145 133 047 155 157 156
0031340 151 164 157 162 122 165 156 104 145 160 145 156 144 145 156 143
0031360 151 145 163 047 135 077 056 050 162 165 156 104 145 160 145 156
0031400 144 145 156 143 151 145 163 051 073 012 012 040 040 151 146 040
0031420 050 162 165 156 104 145 160 145 156 144 145 156 143 151 145 163
0031440 040 075 075 040 060 051 040 173 012 040 040 040 040 151 146 040
0031460 050 162 165 156 104 145 160 145 156 144 145 156 143 171 127 141
0031500 164 143 150 145 162 040 041 075 075 040 156 165 154 154 051 040
0031520 173 012 040 040 040 040 040 040 143 154 145 141 162 111 156 164
0031540 145 162 166 141 154 050 162 165 156 104 145 160 145 156 144 145
0031560 156 143 171 127 141 164 143 150 145 162 051 073 012 040 040 040
0031600 040 040 040 162 165 156 104 145 160 145 156 144 145 156 143 171
0031620 127 141 164 143 150 145 162 040 075 040 156 165 154 154 073 012
0031640 040 040 040 040 175 012 040 040 040 040 151 146 040 050 144 145
0031660 160 145 156 144 145 156 143 151 145 163 106 165 154 146 151 154
0031700 154 145 144 051 040 173 012 040 040 040 040 040 040 166 141 162
0031720 040 143 141 154 154 142 141 143 153 040 075 040 144 145 160 145
0031740 156 144 145 156 143 151 145 163 106 165 154 146 151 154 154 145
0031760 144 073 012 040 040 040 040 040 040 144 145 160 145 156 144 145
0032000 156 143 151 145 163 106 165 154 146 151 154 154 145 144 040 075
0032020 040 156 165 154 154 073 012 040 040 040 040 040 040 143 141 154
0032040 154 142 141 143 153 050 051 073 040 057 057 040 143 141 156 040
0032060 141 144 144 040 141 156 157 164 150 145 162 040 144 145 160 145
0032100 156 144 145 156 143 151 145 163 106 165 154 146 151 154 154 145
0032120 144 012 040 040 040 040 175 012 040 040 175 012 175 012 012 057
0032140 052 052 040 100 160 141 162 141 155 040 173 163 164 162 151 156
0032160 147 174 156 165 155 142 145 162 075 175 040 167 150 141 164 040
0032200 052 057 012 146 165 156 143 164 151 157 156 040 141 142 157 162
0032220 164 050 167 150 141 164 051 040 173 012 040 040 115 157 144 165
0032240 154 145 133 047 157 156 101 142 157 162 164 047 135 077 056 050
0032260 167 150 141 164 051 073 012 012 040 040 167 150 141 164 040 075
0032300 040 047 101 142 157 162 164 145 144 050 047 040 053 040 167 150
0032320 141 164 040 053 040 047 051 047 073 012 040 040 057 057 040 124
0032340 117 104 117 050 163 142 143 051 072 040 123 150 157 165 154 144
0032360 040 167 145 040 162 145 155 157 166 145 040 160 162 151 156 164
0032400 151 156 147 040 141 156 144 040 154 145 141 166 145 040 151 164
0032420 040 165 160 040 164 157 040 167 150 157 145 166 145 162 012 040
0032440 040 057 057 040 143 141 164 143 150 145 163 040 164 150 145 040
0032460 145 170 143 145 160 164 151 157 156 077 012 040 040 145 162 162
0032500 050 167 150 141 164 051 073 012 012 040 040 101 102 117 122 124
0032520 040 075 040 164 162 165 145 073 012 040 040 105 130 111 124 123
0032540 124 101 124 125 123 040 075 040 061 073 012 012 040 040 167 150
0032560 141 164 040 053 075 040 047 056 040 102 165 151 154 144 040 167
0032600 151 164 150 040 055 163 101 123 123 105 122 124 111 117 116 123
0032620 040 146 157 162 040 155 157 162 145 040 151 156 146 157 056 047
0032640 073 012 012 040 040 057 057 040 125 163 145 040 141 040 167 141
0032660 163 155 040 162 165 156 164 151 155 145 040 145 162 162 157 162
0032700 054 040 142 145 143 141 165 163 145 040 141 040 112 123 040 145
0032720 162 162 157 162 040 155 151 147 150 164 040 142 145 040 163 145
0032740 145 156 040 141 163 040 141 040 146 157 162 145 151 147 156 012
0032760 040 040 057 057 040 145 170 143 145 160 164 151 157 156 054 040
0033000 167 150 151 143 150 040 155 145 141 156 163 040 167 145 047 144
0033020 040 162 165 156 040 144 145 163 164 162 165 143 164 157 162 163
0033040 040 157 156 040 151 164 056 040 127 145 040 156 145 145 144 040
0033060 164 150 145 040 145 162 162 157 162 040 164 157 012 040 040 057
0033100 057 040 163 151 155 160 154 171 040 155 141 153 145 040 164 150
0033120 145 040 160 162 157 147 162 141 155 040 163 164 157 160 056 012
0033140 040 040 057 057 040 106 111 130 115 105 040 124 150 151 163 040
0033160 141 160 160 162 157 141 143 150 040 144 157 145 163 040 156 157
0033200 164 040 167 157 162 153 040 151 156 040 127 141 163 155 040 105
0033220 110 040 142 145 143 141 165 163 145 040 151 164 040 143 165 162
0033240 162 145 156 164 154 171 040 144 157 145 163 040 156 157 164 040
0033260 141 163 163 165 155 145 012 040 040 057 057 040 141 154 154 040
0033300 122 165 156 164 151 155 145 105 162 162 157 162 163 040 141 162
0033320 145 040 146 162 157 155 040 164 162 141 160 163 073 040 151 164
0033340 040 144 145 143 151 144 145 163 040 167 150 145 164 150 145 162
0033360 040 141 040 122 165 156 164 151 155 145 105 162 162 157 162 040
0033400 151 163 040 146 162 157 155 012 040 040 057 057 040 141 040 164
0033420 162 141 160 040 157 162 040 156 157 164 040 142 141 163 145 144
0033440 040 157 156 040 141 040 150 151 144 144 145 156 040 146 151 145
0033460 154 144 040 167 151 164 150 151 156 040 164 150 145 040 157 142
0033500 152 145 143 164 056 040 123 157 040 141 164 040 164 150 145 040
0033520 155 157 155 145 156 164 012 040 040 057 057 040 167 145 040 144
0033540 157 156 047 164 040 150 141 166 145 040 141 040 167 141 171 040
0033560 157 146 040 164 150 162 157 167 151 156 147 040 141 040 167 141
0033600 163 155 040 164 162 141 160 040 146 162 157 155 040 112 123 056
0033620 040 124 117 104 117 040 115 141 153 145 040 141 040 112 123 040
0033640 101 120 111 040 164 150 141 164 012 040 040 057 057 040 141 154
0033660 154 157 167 163 040 164 150 151 163 040 151 156 040 164 150 145
0033700 040 167 141 163 155 040 163 160 145 143 056 012 012 040 040 057
0033720 057 040 123 165 160 160 162 145 163 163 040 143 154 157 163 165
0033740 162 145 040 143 157 155 160 151 154 145 162 040 167 141 162 156
0033760 151 156 147 040 150 145 162 145 056 040 103 154 157 163 165 162
0034000 145 040 143 157 155 160 151 154 145 162 047 163 040 142 165 151
0034020 154 164 151 156 040 145 170 164 145 162 156 012 040 040 057 057
0034040 040 144 145 146 151 156 151 164 151 157 156 040 146 157 162 040
0034060 127 145 142 101 163 163 145 155 142 154 171 056 122 165 156 164
0034100 151 155 145 105 162 162 157 162 040 143 154 141 151 155 163 040
0034120 151 164 040 164 141 153 145 163 040 156 157 040 141 162 147 165
0034140 155 145 156 164 163 040 145 166 145 156 012 040 040 057 057 040
0034160 164 150 157 165 147 150 040 151 164 040 143 141 156 056 012 040
0034200 040 057 057 040 124 117 104 117 050 150 164 164 160 163 072 057
0034220 057 147 151 164 150 165 142 056 143 157 155 057 147 157 157 147
0034240 154 145 057 143 154 157 163 165 162 145 055 143 157 155 160 151
0034260 154 145 162 057 160 165 154 154 057 063 071 061 063 051 072 040
0034300 122 145 155 157 166 145 040 151 146 057 167 150 145 156 040 165
0034320 160 163 164 162 145 141 155 040 143 154 157 163 165 162 145 040
0034340 147 145 164 163 040 146 151 170 145 144 056 012 040 040 057 052
0034360 052 040 100 163 165 160 160 162 145 163 163 040 173 143 150 145
0034400 143 153 124 171 160 145 163 175 040 052 057 012 040 040 166 141
0034420 162 040 145 040 075 040 156 145 167 040 127 145 142 101 163 163
0034440 145 155 142 154 171 056 122 165 156 164 151 155 145 105 162 162
0034460 157 162 050 167 150 141 164 051 073 012 012 040 040 057 057 040
0034500 124 150 162 157 167 040 164 150 145 040 145 162 162 157 162 040
0034520 167 150 145 164 150 145 162 040 157 162 040 156 157 164 040 115
0034540 117 104 125 114 101 122 111 132 105 040 151 163 040 163 145 164
0034560 040 142 145 143 141 165 163 145 040 141 142 157 162 164 040 151
0034600 163 040 165 163 145 144 012 040 040 057 057 040 151 156 040 143
0034620 157 144 145 040 160 141 164 150 163 040 141 160 141 162 164 040
0034640 146 162 157 155 040 151 156 163 164 141 156 164 151 141 164 151
0034660 157 156 040 167 150 145 162 145 040 141 156 040 145 170 143 145
0034700 160 164 151 157 156 040 151 163 040 145 170 160 145 143 164 145
0034720 144 012 040 040 057 057 040 164 157 040 142 145 040 164 150 162
0034740 157 167 156 040 167 150 145 156 040 141 142 157 162 164 040 151
0034760 163 040 143 141 154 154 145 144 056 012 040 040 164 150 162 157
0035000 167 040 145 073 012 175 012 012 057 057 040 151 156 143 154 165
0035020 144 145 072 040 155 145 155 157 162 171 160 162 157 146 151 154
0035040 145 162 056 152 163 012 057 057 040 145 156 144 040 151 156 143
0035060 154 165 144 145 072 040 155 145 155 157 162 171 160 162 157 146
0035100 151 154 145 162 056 152 163 012 057 057 040 151 156 143 154 165
0035120 144 145 072 040 125 122 111 125 164 151 154 163 056 152 163 012
0035140 057 057 040 120 162 145 146 151 170 040 157 146 040 144 141 164
0035160 141 040 125 122 111 163 040 145 155 151 164 164 145 144 040 142
0035200 171 040 123 111 116 107 114 105 137 106 111 114 105 040 141 156
0035220 144 040 162 145 154 141 164 145 144 040 157 160 164 151 157 156
0035240 163 056 012 166 141 162 040 144 141 164 141 125 122 111 120 162
0035260 145 146 151 170 040 075 040 047 144 141 164 141 072 141 160 160
0035300 154 151 143 141 164 151 157 156 057 157 143 164 145 164 055 163
0035320 164 162 145 141 155 073 142 141 163 145 066 064 054 047 073 012
0035340 012 057 052 052 012 040 052 040 111 156 144 151 143 141 164 145
0035360 163 040 167 150 145 164 150 145 162 040 146 151 154 145 156 141
0035400 155 145 040 151 163 040 141 040 142 141 163 145 066 064 040 144
0035420 141 164 141 040 125 122 111 056 012 040 052 040 100 156 157 151
0035440 156 154 151 156 145 012 040 052 057 012 166 141 162 040 151 163
0035460 104 141 164 141 125 122 111 040 075 040 050 146 151 154 145 156
0035500 141 155 145 051 040 075 076 040 146 151 154 145 156 141 155 145
0035520 056 163 164 141 162 164 163 127 151 164 150 050 144 141 164 141
0035540 125 122 111 120 162 145 146 151 170 051 073 012 012 057 052 052
0035560 012 040 052 040 111 156 144 151 143 141 164 145 163 040 167 150
0035600 145 164 150 145 162 040 146 151 154 145 156 141 155 145 040 151
0035620 163 040 144 145 154 151 166 145 162 145 144 040 166 151 141 040
0035640 146 151 154 145 040 160 162 157 164 157 143 157 154 040 050 141
0035660 163 040 157 160 160 157 163 145 144 040 164 157 040 150 164 164
0035700 160 057 150 164 164 160 163 051 012 040 052 040 100 156 157 151
0035720 156 154 151 156 145 012 040 052 057 012 166 141 162 040 151 163
0035740 106 151 154 145 125 122 111 040 075 040 050 146 151 154 145 156
0035760 141 155 145 051 040 075 076 040 146 151 154 145 156 141 155 145
0036000 056 163 164 141 162 164 163 127 151 164 150 050 047 146 151 154
0036020 145 072 057 057 047 051 073 012 057 057 040 145 156 144 040 151
0036040 156 143 154 165 144 145 072 040 125 122 111 125 164 151 154 163
0036060 056 152 163 012 057 057 040 151 156 143 154 165 144 145 072 040
0036100 162 165 156 164 151 155 145 137 145 170 143 145 160 164 151 157
0036120 156 163 056 152 163 012 057 057 040 145 156 144 040 151 156 143
0036140 154 165 144 145 072 040 162 165 156 164 151 155 145 137 145 170
0036160 143 145 160 164 151 157 156 163 056 152 163 012 146 165 156 143
0036200 164 151 157 156 040 146 151 156 144 127 141 163 155 102 151 156
0036220 141 162 171 050 051 040 173 012 040 040 040 040 166 141 162 040
0036240 146 040 075 040 047 143 157 156 146 164 145 163 164 056 167 141
0036260 163 155 047 073 012 040 040 040 040 151 146 040 050 041 151 163
0036300 104 141 164 141 125 122 111 050 146 051 051 040 173 012 040 040
0036320 040 040 040 040 162 145 164 165 162 156 040 154 157 143 141 164
0036340 145 106 151 154 145 050 146 051 073 012 040 040 040 040 175 012
0036360 040 040 040 040 162 145 164 165 162 156 040 146 073 012 175 012
0036400 012 166 141 162 040 167 141 163 155 102 151 156 141 162 171 106
0036420 151 154 145 073 012 012 146 165 156 143 164 151 157 156 040 147
0036440 145 164 102 151 156 141 162 171 123 171 156 143 050 146 151 154
0036460 145 051 040 173 012 040 040 151 146 040 050 146 151 154 145 040
0036500 075 075 040 167 141 163 155 102 151 156 141 162 171 106 151 154
0036520 145 040 046 046 040 167 141 163 155 102 151 156 141 162 171 051
0036540 040 173 012 040 040 040 040 162 145 164 165 162 156 040 156 145
0036560 167 040 125 151 156 164 070 101 162 162 141 171 050 167 141 163
0036600 155 102 151 156 141 162 171 051 073 012 040 040 175 012 040 040
0036620 151 146 040 050 162 145 141 144 102 151 156 141 162 171 051 040
0036640 173 012 040 040 040 040 162 145 164 165 162 156 040 162 145 141
0036660 144 102 151 156 141 162 171 050 146 151 154 145 051 073 012 040
0036700 040 175 012 040 040 164 150 162 157 167 040 047 142 157 164 150
0036720 040 141 163 171 156 143 040 141 156 144 040 163 171 156 143 040
0036740 146 145 164 143 150 151 156 147 040 157 146 040 164 150 145 040
0036760 167 141 163 155 040 146 141 151 154 145 144 047 073 012 175 012
0037000 012 146 165 156 143 164 151 157 156 040 147 145 164 102 151 156
0037020 141 162 171 120 162 157 155 151 163 145 050 142 151 156 141 162
0037040 171 106 151 154 145 051 040 173 012 040 040 057 057 040 111 146
0037060 040 167 145 040 144 157 156 047 164 040 150 141 166 145 040 164
0037100 150 145 040 142 151 156 141 162 171 040 171 145 164 054 040 154
0037120 157 141 144 040 151 164 040 141 163 171 156 143 150 162 157 156
0037140 157 165 163 154 171 040 165 163 151 156 147 040 162 145 141 144
0037160 101 163 171 156 143 056 012 040 040 151 146 040 050 041 167 141
0037200 163 155 102 151 156 141 162 171 012 040 040 040 040 040 040 051
0037220 040 173 012 040 040 040 040 057 057 040 106 145 164 143 150 040
0037240 164 150 145 040 142 151 156 141 162 171 040 165 163 151 156 147
0037260 040 162 145 141 144 101 163 171 156 143 012 040 040 040 040 162
0037300 145 164 165 162 156 040 162 145 141 144 101 163 171 156 143 050
0037320 142 151 156 141 162 171 106 151 154 145 051 056 164 150 145 156
0037340 050 012 040 040 040 040 040 040 050 162 145 163 160 157 156 163
0037360 145 051 040 075 076 040 156 145 167 040 125 151 156 164 070 101
0037400 162 162 141 171 050 057 052 052 040 100 164 171 160 145 173 041
0037420 101 162 162 141 171 102 165 146 146 145 162 175 040 052 057 050
0037440 162 145 163 160 157 156 163 145 051 051 054 012 040 040 040 040
0037460 040 040 057 057 040 106 141 154 154 040 142 141 143 153 040 164
0037500 157 040 147 145 164 102 151 156 141 162 171 123 171 156 143 040
0037520 151 146 040 162 145 141 144 101 163 171 156 143 040 146 141 151
0037540 154 163 012 040 040 040 040 040 040 050 051 040 075 076 040 147
0037560 145 164 102 151 156 141 162 171 123 171 156 143 050 142 151 156
0037600 141 162 171 106 151 154 145 051 012 040 040 040 040 051 073 012
0037620 040 040 175 012 012 040 040 057 057 040 117 164 150 145 162 167
0037640 151 163 145 054 040 147 145 164 102 151 156 141 162 171 123 171
0037660 156 143 040 163 150 157 165 154 144 040 142 145 040 141 142 154
0037700 145 040 164 157 040 147 145 164 040 151 164 040 163 171 156 143
0037720 150 162 157 156 157 165 163 154 171 012 040 040 162 145 164 165
0037740 162 156 040 120 162 157 155 151 163 145 056 162 145 163 157 154
0037760 166 145 050 051 056 164 150 145 156 050 050 051 040 075 076 040
0040000 147 145 164 102 151 156 141 162 171 123 171 156 143 050 142 151
0040020 156 141 162 171 106 151 154 145 051 051 073 012 175 012 012 146
0040040 165 156 143 164 151 157 156 040 151 156 163 164 141 156 164 151
0040060 141 164 145 101 162 162 141 171 102 165 146 146 145 162 050 142
0040100 151 156 141 162 171 106 151 154 145 054 040 151 155 160 157 162
0040120 164 163 054 040 162 145 143 145 151 166 145 162 051 040 173 012
0040140 040 040 162 145 164 165 162 156 040 147 145 164 102 151 156 141
0040160 162 171 120 162 157 155 151 163 145 050 142 151 156 141 162 171
0040200 106 151 154 145 051 056 164 150 145 156 050 050 142 151 156 141
0040220 162 171 051 040 075 076 040 173 012 040 040 040 040 162 145 164
0040240 165 162 156 040 127 145 142 101 163 163 145 155 142 154 171 056
0040260 151 156 163 164 141 156 164 151 141 164 145 050 142 151 156 141
0040300 162 171 054 040 151 155 160 157 162 164 163 051 073 012 040 040
0040320 175 051 056 164 150 145 156 050 162 145 143 145 151 166 145 162
0040340 054 040 050 162 145 141 163 157 156 051 040 075 076 040 173 012
0040360 040 040 040 040 145 162 162 050 140 146 141 151 154 145 144 040
0040400 164 157 040 141 163 171 156 143 150 162 157 156 157 165 163 154
0040420 171 040 160 162 145 160 141 162 145 040 167 141 163 155 072 040
0040440 044 173 162 145 141 163 157 156 175 140 051 073 012 012 040 040
0040460 040 040 141 142 157 162 164 050 162 145 141 163 157 156 051 073
0040500 012 040 040 175 051 073 012 175 012 012 146 165 156 143 164 151
0040520 157 156 040 151 156 163 164 141 156 164 151 141 164 145 101 163
0040540 171 156 143 050 142 151 156 141 162 171 054 040 142 151 156 141
0040560 162 171 106 151 154 145 054 040 151 155 160 157 162 164 163 054
0040600 040 143 141 154 154 142 141 143 153 051 040 173 012 040 040 151
0040620 146 040 050 041 142 151 156 141 162 171 040 046 046 012 040 040
0040640 040 040 040 040 164 171 160 145 157 146 040 127 145 142 101 163
0040660 163 145 155 142 154 171 056 151 156 163 164 141 156 164 151 141
0040700 164 145 123 164 162 145 141 155 151 156 147 040 075 075 040 047
0040720 146 165 156 143 164 151 157 156 047 040 046 046 012 040 040 040
0040740 040 040 040 041 151 163 104 141 164 141 125 122 111 050 142 151
0040760 156 141 162 171 106 151 154 145 051 040 046 046 012 040 040 040
0041000 040 040 040 057 057 040 104 157 156 047 164 040 165 163 145 040
0041020 163 164 162 145 141 155 151 156 147 040 146 157 162 040 146 151
0041040 154 145 072 057 057 040 144 145 154 151 166 145 162 145 144 040
0041060 157 142 152 145 143 164 163 040 151 156 040 141 040 167 145 142
0041100 166 151 145 167 054 040 146 145 164 143 150 040 164 150 145 155
0041120 040 163 171 156 143 150 162 157 156 157 165 163 154 171 056 012
0041140 040 040 040 040 040 040 041 151 163 106 151 154 145 125 122 111
0041160 050 142 151 156 141 162 171 106 151 154 145 051 040 046 046 012
0041200 040 040 040 040 040 040 057 057 040 101 166 157 151 144 040 151
0041220 156 163 164 141 156 164 151 141 164 145 123 164 162 145 141 155
0041240 151 156 147 050 051 040 157 156 040 116 157 144 145 056 152 163
0041260 040 145 156 166 151 162 157 156 155 145 156 164 040 146 157 162
0041300 040 156 157 167 054 040 141 163 040 167 150 151 154 145 012 040
0041320 040 040 040 040 040 057 057 040 116 157 144 145 056 152 163 040
0041340 166 061 070 056 061 056 060 040 151 155 160 154 145 155 145 156
0041360 164 163 040 151 164 054 040 151 164 040 144 157 145 163 040 156
0041400 157 164 040 150 141 166 145 040 141 040 146 165 154 154 040 146
0041420 145 164 143 150 050 051 012 040 040 040 040 040 040 057 057 040
0041440 151 155 160 154 145 155 145 156 164 141 164 151 157 156 040 171
0041460 145 164 056 012 040 040 040 040 040 040 057 057 012 040 040 040
0041500 040 040 040 057 057 040 122 145 146 145 162 145 156 143 145 072
0041520 012 040 040 040 040 040 040 057 057 040 040 040 150 164 164 160
0041540 163 072 057 057 147 151 164 150 165 142 056 143 157 155 057 145
0041560 155 163 143 162 151 160 164 145 156 055 143 157 162 145 057 145
0041600 155 163 143 162 151 160 164 145 156 057 160 165 154 154 057 061
0041620 066 071 061 067 012 040 040 040 040 040 040 041 105 116 126 111
0041640 122 117 116 115 105 116 124 137 111 123 137 116 117 104 105 040
0041660 046 046 012 040 040 040 040 040 040 164 171 160 145 157 146 040
0041700 146 145 164 143 150 040 075 075 040 047 146 165 156 143 164 151
0041720 157 156 047 051 040 173 012 040 040 040 040 162 145 164 165 162
0041740 156 040 146 145 164 143 150 050 142 151 156 141 162 171 106 151
0041760 154 145 054 040 173 040 143 162 145 144 145 156 164 151 141 154
0042000 163 072 040 047 163 141 155 145 055 157 162 151 147 151 156 047
0042020 040 175 051 056 164 150 145 156 050 050 162 145 163 160 157 156
0042040 163 145 051 040 075 076 040 173 012 040 040 040 040 040 040 057
0042060 057 040 123 165 160 160 162 145 163 163 040 143 154 157 163 165
0042100 162 145 040 167 141 162 156 151 156 147 040 150 145 162 145 040
0042120 163 151 156 143 145 040 164 150 145 040 165 160 163 164 162 145
0042140 141 155 040 144 145 146 151 156 151 164 151 157 156 040 146 157
0042160 162 012 040 040 040 040 040 040 057 057 040 151 156 163 164 141
0042200 156 164 151 141 164 145 123 164 162 145 141 155 151 156 147 040
0042220 157 156 154 171 040 141 154 154 157 167 163 040 120 162 157 155
0042240 151 163 145 074 122 145 160 163 160 157 156 163 145 076 040 162
0042260 141 164 150 145 162 040 164 150 141 156 012 040 040 040 040 040
0042300 040 057 057 040 141 156 040 141 143 164 165 141 154 040 122 145
0042320 163 160 157 156 163 145 056 012 040 040 040 040 040 040 057 057
0042340 040 124 117 104 117 050 150 164 164 160 163 072 057 057 147 151
0042360 164 150 165 142 056 143 157 155 057 147 157 157 147 154 145 057
0042400 143 154 157 163 165 162 145 055 143 157 155 160 151 154 145 162
0042420 057 160 165 154 154 057 063 071 061 063 051 072 040 122 145 155
0042440 157 166 145 040 151 146 057 167 150 145 156 040 165 160 163 164
0042460 162 145 141 155 040 143 154 157 163 165 162 145 040 151 163 040
0042500 146 151 170 145 144 056 012 040 040 040 040 040 040 057 052 052
0042520 040 100 163 165 160 160 162 145 163 163 040 173 143 150 145 143
0042540 153 124 171 160 145 163 175 040 052 057 012 040 040 040 040 040
0042560 040 166 141 162 040 162 145 163 165 154 164 040 075 040 127 145
0042600 142 101 163 163 145 155 142 154 171 056 151 156 163 164 141 156
0042620 164 151 141 164 145 123 164 162 145 141 155 151 156 147 050 162
0042640 145 163 160 157 156 163 145 054 040 151 155 160 157 162 164 163
0042660 051 073 012 012 040 040 040 040 040 040 162 145 164 165 162 156
0042700 040 162 145 163 165 154 164 056 164 150 145 156 050 012 040 040
0042720 040 040 040 040 040 040 143 141 154 154 142 141 143 153 054 012
0042740 040 040 040 040 040 040 040 040 146 165 156 143 164 151 157 156
0042760 050 162 145 141 163 157 156 051 040 173 012 040 040 040 040 040
0043000 040 040 040 040 040 057 057 040 127 145 040 145 170 160 145 143
0043020 164 040 164 150 145 040 155 157 163 164 040 143 157 155 155 157
0043040 156 040 146 141 151 154 165 162 145 040 143 141 165 163 145 040
0043060 164 157 040 142 145 040 141 040 142 141 144 040 115 111 115 105
0043100 040 164 171 160 145 040 146 157 162 040 164 150 145 040 142 151
0043120 156 141 162 171 054 012 040 040 040 040 040 040 040 040 040 040
0043140 057 057 040 151 156 040 167 150 151 143 150 040 143 141 163 145
0043160 040 146 141 154 154 151 156 147 040 142 141 143 153 040 164 157
0043200 040 101 162 162 141 171 102 165 146 146 145 162 040 151 156 163
0043220 164 141 156 164 151 141 164 151 157 156 040 163 150 157 165 154
0043240 144 040 167 157 162 153 056 012 040 040 040 040 040 040 040 040
0043260 040 040 145 162 162 050 140 167 141 163 155 040 163 164 162 145
0043300 141 155 151 156 147 040 143 157 155 160 151 154 145 040 146 141
0043320 151 154 145 144 072 040 044 173 162 145 141 163 157 156 175 140
0043340 051 073 012 040 040 040 040 040 040 040 040 040 040 145 162 162
0043360 050 047 146 141 154 154 151 156 147 040 142 141 143 153 040 164
0043400 157 040 101 162 162 141 171 102 165 146 146 145 162 040 151 156
0043420 163 164 141 156 164 151 141 164 151 157 156 047 051 073 012 040
0043440 040 040 040 040 040 040 040 040 040 162 145 164 165 162 156 040
0043460 151 156 163 164 141 156 164 151 141 164 145 101 162 162 141 171
0043500 102 165 146 146 145 162 050 142 151 156 141 162 171 106 151 154
0043520 145 054 040 151 155 160 157 162 164 163 054 040 143 141 154 154
0043540 142 141 143 153 051 073 012 040 040 040 040 040 040 040 040 175
0043560 051 073 012 040 040 040 040 175 051 073 012 040 040 175 012 040
0043600 040 162 145 164 165 162 156 040 151 156 163 164 141 156 164 151
0043620 141 164 145 101 162 162 141 171 102 165 146 146 145 162 050 142
0043640 151 156 141 162 171 106 151 154 145 054 040 151 155 160 157 162
0043660 164 163 054 040 143 141 154 154 142 141 143 153 051 073 012 175
0043700 012 012 146 165 156 143 164 151 157 156 040 147 145 164 127 141
0043720 163 155 111 155 160 157 162 164 163 050 051 040 173 012 040 040
0043740 057 057 040 160 162 145 160 141 162 145 040 151 155 160 157 162
0043760 164 163 012 040 040 162 145 164 165 162 156 040 173 012 040 040
0044000 040 040 047 145 156 166 047 072 040 167 141 163 155 111 155 160
0044020 157 162 164 163 054 012 040 040 040 040 047 167 141 163 151 137
0044040 163 156 141 160 163 150 157 164 137 160 162 145 166 151 145 167
0044060 061 047 072 040 167 141 163 155 111 155 160 157 162 164 163 054
0044100 012 040 040 175 012 175 012 012 057 057 040 103 162 145 141 164
0044120 145 040 164 150 145 040 167 141 163 155 040 151 156 163 164 141
0044140 156 143 145 056 012 057 057 040 122 145 143 145 151 166 145 163
0044160 040 164 150 145 040 167 141 163 155 040 151 155 160 157 162 164
0044200 163 054 040 162 145 164 165 162 156 163 040 164 150 145 040 145
0044220 170 160 157 162 164 163 056 012 146 165 156 143 164 151 157 156
0044240 040 143 162 145 141 164 145 127 141 163 155 050 051 040 173 012
0044260 040 040 166 141 162 040 151 156 146 157 040 075 040 147 145 164
0044300 127 141 163 155 111 155 160 157 162 164 163 050 051 073 012 040
0044320 040 057 057 040 114 157 141 144 040 164 150 145 040 167 141 163
0044340 155 040 155 157 144 165 154 145 040 141 156 144 040 143 162 145
0044360 141 164 145 040 141 156 040 151 156 163 164 141 156 143 145 040
0044400 157 146 040 165 163 151 156 147 040 156 141 164 151 166 145 040
0044420 163 165 160 160 157 162 164 040 151 156 040 164 150 145 040 112
0044440 123 040 145 156 147 151 156 145 056 012 040 040 057 057 040 150
0044460 141 156 144 154 145 040 141 040 147 145 156 145 162 141 164 145
0044500 144 040 167 141 163 155 040 151 156 163 164 141 156 143 145 054
0044520 040 162 145 143 145 151 166 151 156 147 040 151 164 163 040 145
0044540 170 160 157 162 164 163 040 141 156 144 012 040 040 057 057 040
0044560 160 145 162 146 157 162 155 151 156 147 040 157 164 150 145 162
0044600 040 156 145 143 145 163 163 141 162 171 040 163 145 164 165 160
0044620 012 040 040 057 052 052 040 100 160 141 162 141 155 040 173 127
0044640 145 142 101 163 163 145 155 142 154 171 056 115 157 144 165 154
0044660 145 075 175 040 155 157 144 165 154 145 052 057 012 040 040 146
0044700 165 156 143 164 151 157 156 040 162 145 143 145 151 166 145 111
0044720 156 163 164 141 156 143 145 050 151 156 163 164 141 156 143 145
0044740 054 040 155 157 144 165 154 145 051 040 173 012 040 040 040 040
0044760 167 141 163 155 105 170 160 157 162 164 163 040 075 040 151 156
0045000 163 164 141 156 143 145 056 145 170 160 157 162 164 163 073 012
0045020 012 040 040 040 040 012 012 040 040 040 040 167 141 163 155 115
0045040 145 155 157 162 171 040 075 040 167 141 163 155 105 170 160 157
0045060 162 164 163 133 047 155 145 155 157 162 171 047 135 073 012 040
0045100 040 040 040 012 040 040 040 040 165 160 144 141 164 145 115 145
0045120 155 157 162 171 126 151 145 167 163 050 051 073 012 012 040 040
0045140 040 040 141 144 144 117 156 111 156 151 164 050 167 141 163 155
0045160 105 170 160 157 162 164 163 133 047 137 137 167 141 163 155 137
0045200 143 141 154 154 137 143 164 157 162 163 047 135 051 073 012 012
0045220 040 040 040 040 162 145 155 157 166 145 122 165 156 104 145 160
0045240 145 156 144 145 156 143 171 050 047 167 141 163 155 055 151 156
0045260 163 164 141 156 164 151 141 164 145 047 051 073 012 040 040 040
0045300 040 162 145 164 165 162 156 040 167 141 163 155 105 170 160 157
0045320 162 164 163 073 012 040 040 175 012 040 040 057 057 040 167 141
0045340 151 164 040 146 157 162 040 164 150 145 040 160 164 150 162 145
0045360 141 144 040 160 157 157 154 040 050 151 146 040 141 156 171 051
0045400 012 040 040 141 144 144 122 165 156 104 145 160 145 156 144 145
0045420 156 143 171 050 047 167 141 163 155 055 151 156 163 164 141 156
0045440 164 151 141 164 145 047 051 073 012 012 040 040 057 057 040 120
0045460 162 145 146 145 162 040 163 164 162 145 141 155 151 156 147 040
0045500 151 156 163 164 141 156 164 151 141 164 151 157 156 040 151 146
0045520 040 141 166 141 151 154 141 142 154 145 056 012 040 040 146 165
0045540 156 143 164 151 157 156 040 162 145 143 145 151 166 145 111 156
0045560 163 164 141 156 164 151 141 164 151 157 156 122 145 163 165 154
0045600 164 050 162 145 163 165 154 164 051 040 173 012 040 040 040 040
0045620 057 057 040 047 162 145 163 165 154 164 047 040 151 163 040 141
0045640 040 122 145 163 165 154 164 117 142 152 145 143 164 040 157 142
0045660 152 145 143 164 040 167 150 151 143 150 040 150 141 163 040 142
0045700 157 164 150 040 164 150 145 040 155 157 144 165 154 145 040 141
0045720 156 144 040 151 156 163 164 141 156 143 145 056 012 040 040 040
0045740 040 057 057 040 162 145 143 145 151 166 145 111 156 163 164 141
0045760 156 143 145 050 051 040 167 151 154 154 040 163 167 141 160 040
0046000 151 156 040 164 150 145 040 145 170 160 157 162 164 163 040 050
0046020 164 157 040 115 157 144 165 154 145 056 141 163 155 051 040 163
0046040 157 040 164 150 145 171 040 143 141 156 040 142 145 040 143 141
0046060 154 154 145 144 012 040 040 040 040 057 057 040 124 117 104 117
0046100 072 040 104 165 145 040 164 157 040 103 154 157 163 165 162 145
0046120 040 162 145 147 162 145 163 163 151 157 156 040 150 164 164 160
0046140 163 072 057 057 147 151 164 150 165 142 056 143 157 155 057 147
0046160 157 157 147 154 145 057 143 154 157 163 165 162 145 055 143 157
0046200 155 160 151 154 145 162 057 151 163 163 165 145 163 057 063 061
0046220 071 063 054 040 164 150 145 040 141 142 157 166 145 040 154 151
0046240 156 145 040 156 157 040 154 157 156 147 145 162 040 157 160 164
0046260 151 155 151 172 145 163 040 157 165 164 040 144 157 167 156 040
0046300 164 157 040 164 150 145 040 146 157 154 154 157 167 151 156 147
0046320 040 154 151 156 145 056 012 040 040 040 040 057 057 040 127 150
0046340 145 156 040 164 150 145 040 162 145 147 162 145 163 163 151 157
0046360 156 040 151 163 040 146 151 170 145 144 054 040 143 141 156 040
0046400 162 145 163 164 157 162 145 040 164 150 145 040 141 142 157 166
0046420 145 040 120 124 110 122 105 101 104 123 055 145 156 141 142 154
0046440 145 144 040 160 141 164 150 056 012 040 040 040 040 162 145 143
0046460 145 151 166 145 111 156 163 164 141 156 143 145 050 162 145 163
0046500 165 154 164 133 047 151 156 163 164 141 156 143 145 047 135 051
0046520 073 012 040 040 175 012 012 040 040 057 057 040 125 163 145 162
0046540 040 163 150 145 154 154 040 160 141 147 145 163 040 143 141 156
0046560 040 167 162 151 164 145 040 164 150 145 151 162 040 157 167 156
0046600 040 115 157 144 165 154 145 056 151 156 163 164 141 156 164 151
0046620 141 164 145 127 141 163 155 040 075 040 146 165 156 143 164 151
0046640 157 156 050 151 155 160 157 162 164 163 054 040 163 165 143 143
0046660 145 163 163 103 141 154 154 142 141 143 153 051 040 143 141 154
0046700 154 142 141 143 153 012 040 040 057 057 040 164 157 040 155 141
0046720 156 165 141 154 154 171 040 151 156 163 164 141 156 164 151 141
0046740 164 145 040 164 150 145 040 127 141 163 155 040 155 157 144 165
0046760 154 145 040 164 150 145 155 163 145 154 166 145 163 056 040 124
0047000 150 151 163 040 141 154 154 157 167 163 040 160 141 147 145 163
0047020 040 164 157 012 040 040 057 057 040 162 165 156 040 164 150 145
0047040 040 151 156 163 164 141 156 164 151 141 164 151 157 156 040 160
0047060 141 162 141 154 154 145 154 040 164 157 040 141 156 171 040 157
0047100 164 150 145 162 040 141 163 171 156 143 040 163 164 141 162 164
0047120 165 160 040 141 143 164 151 157 156 163 040 164 150 145 171 040
0047140 141 162 145 012 040 040 057 057 040 160 145 162 146 157 162 155
0047160 151 156 147 056 012 040 040 057 057 040 101 154 163 157 040 160
0047200 164 150 162 145 141 144 163 040 141 156 144 040 167 141 163 155
0047220 040 167 157 162 153 145 162 163 040 151 156 151 164 151 141 154
0047240 151 172 145 040 164 150 145 040 167 141 163 155 040 151 156 163
0047260 164 141 156 143 145 040 164 150 162 157 165 147 150 040 164 150
0047300 151 163 012 040 040 057 057 040 160 141 164 150 056 012 040 040
0047320 151 146 040 050 115 157 144 165 154 145 133 047 151 156 163 164
0047340 141 156 164 151 141 164 145 127 141 163 155 047 135 051 040 173
0047360 012 040 040 040 040 164 162 171 040 173 012 040 040 040 040 040
0047400 040 162 145 164 165 162 156 040 115 157 144 165 154 145 133 047
0047420 151 156 163 164 141 156 164 151 141 164 145 127 141 163 155 047
0047440 135 050 151 156 146 157 054 040 162 145 143 145 151 166 145 111
0047460 156 163 164 141 156 143 145 051 073 012 040 040 040 040 175 040
0047500 143 141 164 143 150 050 145 051 040 173 012 040 040 040 040 040
0047520 040 145 162 162 050 140 115 157 144 165 154 145 056 151 156 163
0047540 164 141 156 164 151 141 164 145 127 141 163 155 040 143 141 154
0047560 154 142 141 143 153 040 146 141 151 154 145 144 040 167 151 164
0047600 150 040 145 162 162 157 162 072 040 044 173 145 175 140 051 073
0047620 012 040 040 040 040 040 040 040 040 162 145 164 165 162 156 040
0047640 146 141 154 163 145 073 012 040 040 040 040 175 012 040 040 175
0047660 012 012 040 040 151 146 040 050 041 167 141 163 155 102 151 156
0047700 141 162 171 106 151 154 145 051 040 167 141 163 155 102 151 156
0047720 141 162 171 106 151 154 145 040 075 040 146 151 156 144 127 141
0047740 163 155 102 151 156 141 162 171 050 051 073 012 012 040 040 151
0047760 156 163 164 141 156 164 151 141 164 145 101 163 171 156 143 050
0050000 167 141 163 155 102 151 156 141 162 171 054 040 167 141 163 155
0050020 102 151 156 141 162 171 106 151 154 145 054 040 151 156 146 157
0050040 054 040 162 145 143 145 151 166 145 111 156 163 164 141 156 164
0050060 151 141 164 151 157 156 122 145 163 165 154 164 051 073 012 040
0050100 040 162 145 164 165 162 156 040 173 175 073 040 057 057 040 156
0050120 157 040 145 170 160 157 162 164 163 040 171 145 164 073 040 167
0050140 145 047 154 154 040 146 151 154 154 040 164 150 145 155 040 151
0050160 156 040 154 141 164 145 162 012 175 012 012 057 057 040 107 154
0050200 157 142 141 154 163 040 165 163 145 144 040 142 171 040 112 123
0050220 040 151 066 064 040 143 157 156 166 145 162 163 151 157 156 163
0050240 040 050 163 145 145 040 155 141 153 145 123 145 164 126 141 154
0050260 165 145 051 012 166 141 162 040 164 145 155 160 104 157 165 142
0050300 154 145 073 012 166 141 162 040 164 145 155 160 111 066 064 073
0050320 012 012 057 057 040 151 156 143 154 165 144 145 072 040 162 165
0050340 156 164 151 155 145 137 144 145 142 165 147 056 152 163 012 057
0050360 057 040 145 156 144 040 151 156 143 154 165 144 145 072 040 162
0050400 165 156 164 151 155 145 137 144 145 142 165 147 056 152 163 012
0050420 057 057 040 075 075 075 040 102 157 144 171 040 075 075 075 012
0050440 057 057 040 145 156 144 040 151 156 143 154 165 144 145 072 040
0050460 160 162 145 141 155 142 154 145 056 152 163 012 012 012 040 040
0050500 057 052 052 040 100 143 157 156 163 164 162 165 143 164 157 162
0050520 040 052 057 012 040 040 146 165 156 143 164 151 157 156 040 105
0050540 170 151 164 123 164 141 164 165 163 050 163 164 141 164 165 163
0050560 051 040 173 012 040 040 040 040 040 040 164 150 151 163 056 156
0050600 141 155 145 040 075 040 047 105 170 151 164 123 164 141 164 165
0050620 163 047 073 012 040 040 040 040 040 040 164 150 151 163 056 155
0050640 145 163 163 141 147 145 040 075 040 140 120 162 157 147 162 141
0050660 155 040 164 145 162 155 151 156 141 164 145 144 040 167 151 164
0050700 150 040 145 170 151 164 050 044 173 163 164 141 164 165 163 175
0050720 051 140 073 012 040 040 040 040 040 040 164 150 151 163 056 163
0050740 164 141 164 165 163 040 075 040 163 164 141 164 165 163 073 012
0050760 040 040 040 040 175 012 012 040 040 166 141 162 040 143 141 154
0051000 154 122 165 156 164 151 155 145 103 141 154 154 142 141 143 153
0051020 163 040 075 040 050 143 141 154 154 142 141 143 153 163 051 040
0051040 075 076 040 173 012 040 040 040 040 040 040 167 150 151 154 145
0051060 040 050 143 141 154 154 142 141 143 153 163 056 154 145 156 147
0051100 164 150 040 076 040 060 051 040 173 012 040 040 040 040 040 040
0051120 040 040 057 057 040 120 141 163 163 040 164 150 145 040 155 157
0051140 144 165 154 145 040 141 163 040 164 150 145 040 146 151 162 163
0051160 164 040 141 162 147 165 155 145 156 164 056 012 040 040 040 040
0051200 040 040 040 040 143 141 154 154 142 141 143 153 163 056 163 150
0051220 151 146 164 050 051 050 115 157 144 165 154 145 051 073 012 040
0051240 040 040 040 040 040 175 012 040 040 040 040 175 073 012 012 040
0051260 040 012 040 040 040 040 057 052 052 012 040 040 040 040 040 052
0051300 040 100 160 141 162 141 155 040 173 156 165 155 142 145 162 175
0051320 040 160 164 162 012 040 040 040 040 040 052 040 100 160 141 162
0051340 141 155 040 173 163 164 162 151 156 147 175 040 164 171 160 145
0051360 012 040 040 040 040 040 052 057 012 040 040 146 165 156 143 164
0051400 151 157 156 040 147 145 164 126 141 154 165 145 050 160 164 162
0051420 054 040 164 171 160 145 040 075 040 047 151 070 047 051 040 173
0051440 012 040 040 040 040 151 146 040 050 164 171 160 145 056 145 156
0051460 144 163 127 151 164 150 050 047 052 047 051 051 040 164 171 160
0051500 145 040 075 040 047 052 047 073 012 040 040 040 040 163 167 151
0051520 164 143 150 040 050 164 171 160 145 051 040 173 012 040 040 040
0051540 040 040 040 143 141 163 145 040 047 151 061 047 072 040 162 145
0051560 164 165 162 156 040 110 105 101 120 070 133 160 164 162 135 073
0051600 012 040 040 040 040 040 040 143 141 163 145 040 047 151 070 047
0051620 072 040 162 145 164 165 162 156 040 110 105 101 120 070 133 160
0051640 164 162 135 073 012 040 040 040 040 040 040 143 141 163 145 040
0051660 047 151 061 066 047 072 040 162 145 164 165 162 156 040 110 105
0051700 101 120 061 066 133 050 050 160 164 162 051 076 076 061 051 135
0051720 073 012 040 040 040 040 040 040 143 141 163 145 040 047 151 063
0051740 062 047 072 040 162 145 164 165 162 156 040 110 105 101 120 063
0051760 062 133 050 050 160 164 162 051 076 076 062 051 135 073 012 040
0052000 040 040 040 040 040 143 141 163 145 040 047 151 066 064 047 072
0052020 040 141 142 157 162 164 050 047 164 157 040 144 157 040 147 145
0052040 164 126 141 154 165 145 050 151 066 064 051 040 165 163 145 040
0052060 127 101 123 115 137 102 111 107 111 116 124 047 051 073 012 040
0052100 040 040 040 040 040 143 141 163 145 040 047 146 154 157 141 164
0052120 047 072 040 162 145 164 165 162 156 040 110 105 101 120 106 063
0052140 062 133 050 050 160 164 162 051 076 076 062 051 135 073 012 040
0052160 040 040 040 040 040 143 141 163 145 040 047 144 157 165 142 154
0052200 145 047 072 040 162 145 164 165 162 156 040 110 105 101 120 106
0052220 066 064 133 050 050 160 164 162 051 076 076 063 051 135 073 012
0052240 040 040 040 040 040 040 143 141 163 145 040 047 052 047 072 040
0052260 162 145 164 165 162 156 040 110 105 101 120 125 063 062 133 050
0052300 050 160 164 162 051 076 076 062 051 135 073 012 040 040 040 040
0052320 040 040 144 145 146 141 165 154 164 072 040 141 142 157 162 164
0052340 050 140 151 156 166 141 154 151 144 040 164 171 160 145 040 146
0052360 157 162 040 147 145 164 126 141 154 165 145 072 040 044 173 164
0052400 171 160 145 175 140 051 073 012 040 040 040 040 175 012 040 040
0052420 175 012 012 040 040 166 141 162 040 156 157 105 170 151 164 122
0052440 165 156 164 151 155 145 040 075 040 115 157 144 165 154 145 133
0052460 047 156 157 105 170 151 164 122 165 156 164 151 155 145 047 135
0052500 040 174 174 040 146 141 154 163 145 073 012 012 040 040 012 040
0052520 040 040 040 057 052 052 012 040 040 040 040 040 052 040 100 160
0052540 141 162 141 155 040 173 156 165 155 142 145 162 175 040 160 164
0052560 162 012 040 040 040 040 040 052 040 100 160 141 162 141 155 040
0052600 173 156 165 155 142 145 162 175 040 166 141 154 165 145 012 040
0052620 040 040 040 040 052 040 100 160 141 162 141 155 040 173 163 164
0052640 162 151 156 147 175 040 164 171 160 145 012 040 040 040 040 040
0052660 052 057 012 040 040 146 165 156 143 164 151 157 156 040 163 145
0052700 164 126 141 154 165 145 050 160 164 162 054 040 166 141 154 165
0052720 145 054 040 164 171 160 145 040 075 040 047 151 070 047 051 040
0052740 173 012 040 040 040 040 151 146 040 050 164 171 160 145 056 145
0052760 156 144 163 127 151 164 150 050 047 052 047 051 051 040 164 171
0053000 160 145 040 075 040 047 052 047 073 012 040 040 040 040 163 167
0053020 151 164 143 150 040 050 164 171 160 145 051 040 173 012 040 040
0053040 040 040 040 040 143 141 163 145 040 047 151 061 047 072 040 110
0053060 105 101 120 070 133 160 164 162 135 040 075 040 166 141 154 165
0053100 145 073 040 142 162 145 141 153 073 012 040 040 040 040 040 040
0053120 143 141 163 145 040 047 151 070 047 072 040 110 105 101 120 070
0053140 133 160 164 162 135 040 075 040 166 141 154 165 145 073 040 142
0053160 162 145 141 153 073 012 040 040 040 040 040 040 143 141 163 145
0053200 040 047 151 061 066 047 072 040 110 105 101 120 061 066 133 050
0053220 050 160 164 162 051 076 076 061 051 135 040 075 040 166 141 154
0053240 165 145 073 040 142 162 145 141 153 073 012 040 040 040 040 040
0053260 040 143 141 163 145 040 047 151 063 062 047 072 040 110 105 101
0053300 120 063 062 133 050 050 160 164 162 051 076 076 062 051 135 040
0053320 075 040 166 141 154 165 145 073 040 142 162 145 141 153 073 012
0053340 040 040 040 040 040 040 143 141 163 145 040 047 151 066 064 047
0053360 072 040 141 142 157 162 164 050 047 164 157 040 144 157 040 163
0053400 145 164 126 141 154 165 145 050 151 066 064 051 040 165 163 145
0053420 040 127 101 123 115 137 102 111 107 111 116 124 047 051 073 012
0053440 040 040 040 040 040 040 143 141 163 145 040 047 146 154 157 141
0053460 164 047 072 040 110 105 101 120 106 063 062 133 050 050 160 164
0053500 162 051 076 076 062 051 135 040 075 040 166 141 154 165 145 073
0053520 040 142 162 145 141 153 073 012 040 040 040 040 040 040 143 141
0053540 163 145 040 047 144 157 165 142 154 145 047 072 040 110 105 101
0053560 120 106 066 064 133 050 050 160 164 162 051 076 076 063 051 135
0053600 040 075 040 166 141 154 165 145 073 040 142 162 145 141 153 073
0053620 012 040 040 040 040 040 040 143 141 163 145 040 047 052 047 072
0053640 040 110 105 101 120 125 063 062 133 050 050 160 164 162 051 076
0053660 076 062 051 135 040 075 040 166 141 154 165 145 073 040 142 162
0053700 145 141 153 073 012 040 040 040 040 040 040 144 145 146 141 165
0053720 154 164 072 040 141 142 157 162 164 050 140 151 156 166 141 154
0053740 151 144 040 164 171 160 145 040 146 157 162 040 163 145 164 126
0053760 141 154 165 145 072 040 044 173 164 171 160 145 175 140 051 073
0054000 012 040 040 040 040 175 012 040 040 175 012 012 040 040 166 141
0054020 162 040 163 164 141 143 153 122 145 163 164 157 162 145 040 075
0054040 040 050 166 141 154 051 040 075 076 040 137 137 145 155 163 143
0054060 162 151 160 164 145 156 137 163 164 141 143 153 137 162 145 163
0054100 164 157 162 145 050 166 141 154 051 073 012 012 040 040 166 141
0054120 162 040 163 164 141 143 153 123 141 166 145 040 075 040 050 051
0054140 040 075 076 040 137 145 155 163 143 162 151 160 164 145 156 137
0054160 163 164 141 143 153 137 147 145 164 137 143 165 162 162 145 156
0054200 164 050 051 073 012 012 040 040 166 141 162 040 137 137 145 155
0054220 163 143 162 151 160 164 145 156 137 155 145 155 143 160 171 137
0054240 152 163 040 075 040 050 144 145 163 164 054 040 163 162 143 054
0054260 040 156 165 155 051 040 075 076 040 110 105 101 120 125 070 056
0054300 143 157 160 171 127 151 164 150 151 156 050 144 145 163 164 054
0054320 040 163 162 143 054 040 163 162 143 040 053 040 156 165 155 051
0054340 073 012 012 040 040 166 141 162 040 160 162 151 156 164 103 150
0054360 141 162 102 165 146 146 145 162 163 040 075 040 133 156 165 154
0054400 154 054 133 135 054 133 135 135 073 012 040 040 012 040 040 166
0054420 141 162 040 125 124 106 070 104 145 143 157 144 145 162 040 075
0054440 040 164 171 160 145 157 146 040 124 145 170 164 104 145 143 157
0054460 144 145 162 040 041 075 040 047 165 156 144 145 146 151 156 145
0054500 144 047 040 077 040 156 145 167 040 124 145 170 164 104 145 143
0054520 157 144 145 162 050 051 040 072 040 165 156 144 145 146 151 156
0054540 145 144 073 012 040 040 012 040 040 040 040 057 052 052 012 040
0054560 040 040 040 040 052 040 107 151 166 145 156 040 141 040 160 157
0054600 151 156 164 145 162 040 047 151 144 170 047 040 164 157 040 141
0054620 040 156 165 154 154 055 164 145 162 155 151 156 141 164 145 144
0054640 040 125 124 106 070 055 145 156 143 157 144 145 144 040 163 164
0054660 162 151 156 147 040 151 156 040 164 150 145 040 147 151 166 145
0054700 156 012 040 040 040 040 040 052 040 141 162 162 141 171 040 164
0054720 150 141 164 040 143 157 156 164 141 151 156 163 040 165 151 156
0054740 164 070 040 166 141 154 165 145 163 054 040 162 145 164 165 162
0054760 156 163 040 141 040 143 157 160 171 040 157 146 040 164 150 141
0055000 164 040 163 164 162 151 156 147 040 141 163 040 141 012 040 040
0055020 040 040 040 052 040 112 141 166 141 163 143 162 151 160 164 040
0055040 123 164 162 151 156 147 040 157 142 152 145 143 164 056 012 040
0055060 040 040 040 040 052 040 150 145 141 160 117 162 101 162 162 141
0055100 171 040 151 163 040 145 151 164 150 145 162 040 141 040 162 145
0055120 147 165 154 141 162 040 141 162 162 141 171 054 040 157 162 040
0055140 141 040 112 141 166 141 123 143 162 151 160 164 040 164 171 160
0055160 145 144 040 141 162 162 141 171 040 166 151 145 167 056 012 040
0055200 040 040 040 040 052 040 100 160 141 162 141 155 040 173 156 165
0055220 155 142 145 162 175 040 151 144 170 012 040 040 040 040 040 052
0055240 040 100 160 141 162 141 155 040 173 156 165 155 142 145 162 075
0055260 175 040 155 141 170 102 171 164 145 163 124 157 122 145 141 144
0055300 012 040 040 040 040 040 052 040 100 162 145 164 165 162 156 040
0055320 173 163 164 162 151 156 147 175 012 040 040 040 040 040 052 057
0055340 012 040 040 166 141 162 040 125 124 106 070 101 162 162 141 171
0055360 124 157 123 164 162 151 156 147 040 075 040 050 150 145 141 160
0055400 117 162 101 162 162 141 171 054 040 151 144 170 054 040 155 141
0055420 170 102 171 164 145 163 124 157 122 145 141 144 051 040 075 076
0055440 040 173 012 040 040 040 040 040 040 166 141 162 040 145 156 144
0055460 111 144 170 040 075 040 151 144 170 040 053 040 155 141 170 102
0055500 171 164 145 163 124 157 122 145 141 144 073 012 040 040 040 040
0055520 040 040 166 141 162 040 145 156 144 120 164 162 040 075 040 151
0055540 144 170 073 012 040 040 040 040 040 040 057 057 040 124 145 170
0055560 164 104 145 143 157 144 145 162 040 156 145 145 144 163 040 164
0055600 157 040 153 156 157 167 040 164 150 145 040 142 171 164 145 040
0055620 154 145 156 147 164 150 040 151 156 040 141 144 166 141 156 143
0055640 145 054 040 151 164 040 144 157 145 163 156 047 164 040 163 164
0055660 157 160 040 157 156 012 040 040 040 040 040 040 057 057 040 156
0055700 165 154 154 040 164 145 162 155 151 156 141 164 157 162 040 142
0055720 171 040 151 164 163 145 154 146 056 040 040 101 154 163 157 054
0055740 040 165 163 145 040 164 150 145 040 154 145 156 147 164 150 040
0055760 151 156 146 157 040 164 157 040 141 166 157 151 144 040 162 165
0056000 156 156 151 156 147 040 164 151 156 171 012 040 040 040 040 040
0056020 040 057 057 040 163 164 162 151 156 147 163 040 164 150 162 157
0056040 165 147 150 040 124 145 170 164 104 145 143 157 144 145 162 054
0056060 040 163 151 156 143 145 040 056 163 165 142 141 162 162 141 171
0056100 050 051 040 141 154 154 157 143 141 164 145 163 040 147 141 162
0056120 142 141 147 145 056 012 040 040 040 040 040 040 057 057 040 050
0056140 101 163 040 141 040 164 151 156 171 040 143 157 144 145 040 163
0056160 141 166 145 040 164 162 151 143 153 054 040 143 157 155 160 141
0056200 162 145 040 145 156 144 120 164 162 040 141 147 141 151 156 163
0056220 164 040 145 156 144 111 144 170 040 165 163 151 156 147 040 141
0056240 040 156 145 147 141 164 151 157 156 054 012 040 040 040 040 040
0056260 040 057 057 040 163 157 040 164 150 141 164 040 165 156 144 145
0056300 146 151 156 145 144 040 155 145 141 156 163 040 111 156 146 151
0056320 156 151 164 171 051 012 040 040 040 040 040 040 167 150 151 154
0056340 145 040 050 150 145 141 160 117 162 101 162 162 141 171 133 145
0056360 156 144 120 164 162 135 040 046 046 040 041 050 145 156 144 120
0056400 164 162 040 076 075 040 145 156 144 111 144 170 051 051 040 053
0056420 053 145 156 144 120 164 162 073 012 040 040 012 040 040 040 040
0056440 040 040 151 146 040 050 145 156 144 120 164 162 040 055 040 151
0056460 144 170 040 076 040 061 066 040 046 046 040 150 145 141 160 117
0056500 162 101 162 162 141 171 056 142 165 146 146 145 162 040 046 046
0056520 040 125 124 106 070 104 145 143 157 144 145 162 051 040 173 012
0056540 040 040 040 040 040 040 040 040 162 145 164 165 162 156 040 125
0056560 124 106 070 104 145 143 157 144 145 162 056 144 145 143 157 144
0056600 145 050 150 145 141 160 117 162 101 162 162 141 171 056 163 165
0056620 142 141 162 162 141 171 050 151 144 170 054 040 145 156 144 120
0056640 164 162 051 051 073 012 040 040 040 040 040 040 175 012 040 040
0056660 040 040 040 040 166 141 162 040 163 164 162 040 075 040 047 047
0056700 073 012 040 040 040 040 040 040 057 057 040 111 146 040 142 165
0056720 151 154 144 151 156 147 040 167 151 164 150 040 124 145 170 164
0056740 104 145 143 157 144 145 162 054 040 167 145 040 150 141 166 145
0056760 040 141 154 162 145 141 144 171 040 143 157 155 160 165 164 145
0057000 144 040 164 150 145 040 163 164 162 151 156 147 040 154 145 156
0057020 147 164 150 012 040 040 040 040 040 040 057 057 040 141 142 157
0057040 166 145 054 040 163 157 040 164 145 163 164 040 154 157 157 160
0057060 040 145 156 144 040 143 157 156 144 151 164 151 157 156 040 141
0057100 147 141 151 156 163 164 040 164 150 141 164 012 040 040 040 040
0057120 040 040 167 150 151 154 145 040 050 151 144 170 040 074 040 145
0057140 156 144 120 164 162 051 040 173 012 040 040 040 040 040 040 040
0057160 040 057 057 040 106 157 162 040 125 124 106 070 040 142 171 164
0057200 145 040 163 164 162 165 143 164 165 162 145 054 040 163 145 145
0057220 072 012 040 040 040 040 040 040 040 040 057 057 040 150 164 164
0057240 160 072 057 057 145 156 056 167 151 153 151 160 145 144 151 141
0057260 056 157 162 147 057 167 151 153 151 057 125 124 106 055 070 043
0057300 104 145 163 143 162 151 160 164 151 157 156 012 040 040 040 040
0057320 040 040 040 040 057 057 040 150 164 164 160 163 072 057 057 167
0057340 167 167 056 151 145 164 146 056 157 162 147 057 162 146 143 057
0057360 162 146 143 062 062 067 071 056 164 170 164 012 040 040 040 040
0057400 040 040 040 040 057 057 040 150 164 164 160 163 072 057 057 164
0057420 157 157 154 163 056 151 145 164 146 056 157 162 147 057 150 164
0057440 155 154 057 162 146 143 063 066 062 071 012 040 040 040 040 040
0057460 040 040 040 166 141 162 040 165 060 040 075 040 150 145 141 160
0057500 117 162 101 162 162 141 171 133 151 144 170 053 053 135 073 012
0057520 040 040 040 040 040 040 040 040 151 146 040 050 041 050 165 060
0057540 040 046 040 060 170 070 060 051 051 040 173 040 163 164 162 040
0057560 053 075 040 123 164 162 151 156 147 056 146 162 157 155 103 150
0057600 141 162 103 157 144 145 050 165 060 051 073 040 143 157 156 164
0057620 151 156 165 145 073 040 175 012 040 040 040 040 040 040 040 040
0057640 166 141 162 040 165 061 040 075 040 150 145 141 160 117 162 101
0057660 162 162 141 171 133 151 144 170 053 053 135 040 046 040 066 063
0057700 073 012 040 040 040 040 040 040 040 040 151 146 040 050 050 165
0057720 060 040 046 040 060 170 105 060 051 040 075 075 040 060 170 103
0057740 060 051 040 173 040 163 164 162 040 053 075 040 123 164 162 151
0057760 156 147 056 146 162 157 155 103 150 141 162 103 157 144 145 050
0060000 050 050 165 060 040 046 040 063 061 051 040 074 074 040 066 051
0060020 040 174 040 165 061 051 073 040 143 157 156 164 151 156 165 145
0060040 073 040 175 012 040 040 040 040 040 040 040 040 166 141 162 040
0060060 165 062 040 075 040 150 145 141 160 117 162 101 162 162 141 171
0060100 133 151 144 170 053 053 135 040 046 040 066 063 073 012 040 040
0060120 040 040 040 040 040 040 151 146 040 050 050 165 060 040 046 040
0060140 060 170 106 060 051 040 075 075 040 060 170 105 060 051 040 173
0060160 012 040 040 040 040 040 040 040 040 040 040 165 060 040 075 040
0060200 050 050 165 060 040 046 040 061 065 051 040 074 074 040 061 062
0060220 051 040 174 040 050 165 061 040 074 074 040 066 051 040 174 040
0060240 165 062 073 012 040 040 040 040 040 040 040 040 175 040 145 154
0060260 163 145 040 173 012 040 040 040 040 040 040 040 040 040 040 165
0060300 060 040 075 040 050 050 165 060 040 046 040 067 051 040 074 074
0060320 040 061 070 051 040 174 040 050 165 061 040 074 074 040 061 062
0060340 051 040 174 040 050 165 062 040 074 074 040 066 051 040 174 040
0060360 050 150 145 141 160 117 162 101 162 162 141 171 133 151 144 170
0060400 053 053 135 040 046 040 066 063 051 073 012 040 040 040 040 040
0060420 040 040 040 175 012 040 040 012 040 040 040 040 040 040 040 040
0060440 151 146 040 050 165 060 040 074 040 060 170 061 060 060 060 060
0060460 051 040 173 012 040 040 040 040 040 040 040 040 040 040 163 164
0060500 162 040 053 075 040 123 164 162 151 156 147 056 146 162 157 155
0060520 103 150 141 162 103 157 144 145 050 165 060 051 073 012 040 040
0060540 040 040 040 040 040 040 175 040 145 154 163 145 040 173 012 040
0060560 040 040 040 040 040 040 040 040 040 166 141 162 040 143 150 040
0060600 075 040 165 060 040 055 040 060 170 061 060 060 060 060 073 012
0060620 040 040 040 040 040 040 040 040 040 040 163 164 162 040 053 075
0060640 040 123 164 162 151 156 147 056 146 162 157 155 103 150 141 162
0060660 103 157 144 145 050 060 170 104 070 060 060 040 174 040 050 143
0060700 150 040 076 076 040 061 060 051 054 040 060 170 104 103 060 060
0060720 040 174 040 050 143 150 040 046 040 060 170 063 106 106 051 051
0060740 073 012 040 040 040 040 040 040 040 040 175 012 040 040 040 040
0060760 040 040 175 012 040 040 040 040 040 040 162 145 164 165 162 156
0061000 040 163 164 162 073 012 040 040 040 040 175 073 012 040 040 166
0061020 141 162 040 160 162 151 156 164 103 150 141 162 040 075 040 050
0061040 163 164 162 145 141 155 054 040 143 165 162 162 051 040 075 076
0061060 040 173 012 040 040 040 040 040 040 166 141 162 040 142 165 146
0061100 146 145 162 040 075 040 160 162 151 156 164 103 150 141 162 102
0061120 165 146 146 145 162 163 133 163 164 162 145 141 155 135 073 012
0061140 040 040 040 040 040 040 151 146 040 050 143 165 162 162 040 075
0061160 075 075 040 060 040 174 174 040 143 165 162 162 040 075 075 075
0061200 040 061 060 051 040 173 012 040 040 040 040 040 040 040 040 050
0061220 163 164 162 145 141 155 040 075 075 075 040 061 040 077 040 157
0061240 165 164 040 072 040 145 162 162 051 050 125 124 106 070 101 162
0061260 162 141 171 124 157 123 164 162 151 156 147 050 142 165 146 146
0061300 145 162 054 040 060 051 051 073 012 040 040 040 040 040 040 040
0061320 040 142 165 146 146 145 162 056 154 145 156 147 164 150 040 075
0061340 040 060 073 012 040 040 040 040 040 040 175 040 145 154 163 145
0061360 040 173 012 040 040 040 040 040 040 040 040 142 165 146 146 145
0061400 162 056 160 165 163 150 050 143 165 162 162 051 073 012 040 040
0061420 040 040 040 040 175 012 040 040 040 040 175 073 012 040 040 012
0061440 040 040 166 141 162 040 146 154 165 163 150 137 116 117 137 106
0061460 111 114 105 123 131 123 124 105 115 040 075 040 050 051 040 075
0061500 076 040 173 012 040 040 040 040 040 040 057 057 040 146 154 165
0061520 163 150 040 141 156 171 164 150 151 156 147 040 162 145 155 141
0061540 151 156 151 156 147 040 151 156 040 164 150 145 040 142 165 146
0061560 146 145 162 163 040 144 165 162 151 156 147 040 163 150 165 164
0061600 144 157 167 156 012 040 040 040 040 040 040 137 146 146 154 165
0061620 163 150 050 060 051 073 012 040 040 040 040 040 040 151 146 040
0061640 050 160 162 151 156 164 103 150 141 162 102 165 146 146 145 162
0061660 163 133 061 135 056 154 145 156 147 164 150 051 040 160 162 151
0061700 156 164 103 150 141 162 050 061 054 040 061 060 051 073 012 040
0061720 040 040 040 040 040 151 146 040 050 160 162 151 156 164 103 150
0061740 141 162 102 165 146 146 145 162 163 133 062 135 056 154 145 156
0061760 147 164 150 051 040 160 162 151 156 164 103 150 141 162 050 062
0062000 054 040 061 060 051 073 012 040 040 040 040 175 073 012 040 040
0062020 012 040 040 012 040 040 012 040 040 040 040 057 052 052 012 040
0062040 040 040 040 040 052 040 107 151 166 145 156 040 141 040 160 157
0062060 151 156 164 145 162 040 047 160 164 162 047 040 164 157 040 141
0062100 040 156 165 154 154 055 164 145 162 155 151 156 141 164 145 144
0062120 040 125 124 106 070 055 145 156 143 157 144 145 144 040 163 164
0062140 162 151 156 147 040 151 156 040 164 150 145 012 040 040 040 040
0062160 040 052 040 145 155 163 143 162 151 160 164 145 156 040 110 105
0062200 101 120 054 040 162 145 164 165 162 156 163 040 141 040 143 157
0062220 160 171 040 157 146 040 164 150 141 164 040 163 164 162 151 156
0062240 147 040 141 163 040 141 040 112 141 166 141 163 143 162 151 160
0062260 164 040 123 164 162 151 156 147 040 157 142 152 145 143 164 056
0062300 012 040 040 040 040 040 052 012 040 040 040 040 040 052 040 100
0062320 160 141 162 141 155 040 173 156 165 155 142 145 162 175 040 160
0062340 164 162 012 040 040 040 040 040 052 040 100 160 141 162 141 155
0062360 040 173 156 165 155 142 145 162 075 175 040 155 141 170 102 171
0062400 164 145 163 124 157 122 145 141 144 040 055 040 101 156 040 157
0062420 160 164 151 157 156 141 154 040 154 145 156 147 164 150 040 164
0062440 150 141 164 040 163 160 145 143 151 146 151 145 163 040 164 150
0062460 145 012 040 040 040 040 040 052 040 040 040 155 141 170 151 155
0062500 165 155 040 156 165 155 142 145 162 040 157 146 040 142 171 164
0062520 145 163 040 164 157 040 162 145 141 144 056 040 131 157 165 040
0062540 143 141 156 040 157 155 151 164 040 164 150 151 163 040 160 141
0062560 162 141 155 145 164 145 162 040 164 157 040 163 143 141 156 040
0062600 164 150 145 012 040 040 040 040 040 052 040 040 040 163 164 162
0062620 151 156 147 040 165 156 164 151 154 040 164 150 145 040 146 151
0062640 162 163 164 040 060 040 142 171 164 145 056 040 111 146 040 155
0062660 141 170 102 171 164 145 163 124 157 122 145 141 144 040 151 163
0062700 040 160 141 163 163 145 144 054 040 141 156 144 040 164 150 145
0062720 040 163 164 162 151 156 147 012 040 040 040 040 040 052 040 040
0062740 040 141 164 040 133 160 164 162 054 040 160 164 162 053 155 141
0062760 170 102 171 164 145 163 124 157 122 145 141 144 162 133 040 143
0063000 157 156 164 141 151 156 163 040 141 040 156 165 154 154 040 142
0063020 171 164 145 040 151 156 040 164 150 145 040 155 151 144 144 154
0063040 145 054 040 164 150 145 156 040 164 150 145 012 040 040 040 040
0063060 040 052 040 040 040 163 164 162 151 156 147 040 167 151 154 154
0063100 040 143 165 164 040 163 150 157 162 164 040 141 164 040 164 150
0063120 141 164 040 142 171 164 145 040 151 156 144 145 170 040 050 151
0063140 056 145 056 040 155 141 170 102 171 164 145 163 124 157 122 145
0063160 141 144 040 167 151 154 154 040 156 157 164 012 040 040 040 040
0063200 040 052 040 040 040 160 162 157 144 165 143 145 040 141 040 163
0063220 164 162 151 156 147 040 157 146 040 145 170 141 143 164 040 154
0063240 145 156 147 164 150 040 133 160 164 162 054 040 160 164 162 053
0063260 155 141 170 102 171 164 145 163 124 157 122 145 141 144 133 051
0063300 040 116 056 102 056 040 155 151 170 151 156 147 012 040 040 040
0063320 040 040 052 040 040 040 146 162 145 161 165 145 156 164 040 165
0063340 163 145 163 040 157 146 040 125 124 106 070 124 157 123 164 162
0063360 151 156 147 050 051 040 167 151 164 150 040 141 156 144 040 167
0063400 151 164 150 157 165 164 040 155 141 170 102 171 164 145 163 124
0063420 157 122 145 141 144 040 155 141 171 040 164 150 162 157 167 012
0063440 040 040 040 040 040 052 040 040 040 112 123 040 112 111 124 040
0063460 157 160 164 151 155 151 172 141 164 151 157 156 163 040 157 146
0063500 146 054 040 163 157 040 151 164 040 151 163 040 167 157 162 164
0063520 150 040 164 157 040 143 157 156 163 151 144 145 162 040 143 157
0063540 156 163 151 163 164 145 156 164 154 171 040 165 163 151 156 147
0063560 040 157 156 145 012 040 040 040 040 040 052 040 100 162 145 164
0063600 165 162 156 040 173 163 164 162 151 156 147 175 012 040 040 040
0063620 040 040 052 057 012 040 040 166 141 162 040 125 124 106 070 124
0063640 157 123 164 162 151 156 147 040 075 040 050 160 164 162 054 040
0063660 155 141 170 102 171 164 145 163 124 157 122 145 141 144 051 040
0063700 075 076 040 173 012 040 040 040 040 040 040 162 145 164 165 162
0063720 156 040 160 164 162 040 077 040 125 124 106 070 101 162 162 141
0063740 171 124 157 123 164 162 151 156 147 050 110 105 101 120 125 070
0063760 054 040 160 164 162 054 040 155 141 170 102 171 164 145 163 124
0064000 157 122 145 141 144 051 040 072 040 047 047 073 012 040 040 040
0064020 040 175 073 012 040 040 166 141 162 040 123 131 123 103 101 114
0064040 114 123 040 075 040 173 012 040 040 166 141 162 141 162 147 163
0064060 072 165 156 144 145 146 151 156 145 144 054 012 040 040 147 145
0064100 164 123 164 162 050 160 164 162 051 040 173 012 040 040 040 040
0064120 040 040 040 040 166 141 162 040 162 145 164 040 075 040 125 124
0064140 106 070 124 157 123 164 162 151 156 147 050 160 164 162 051 073
0064160 012 040 040 040 040 040 040 040 040 162 145 164 165 162 156 040
0064200 162 145 164 073 012 040 040 040 040 040 040 175 054 012 040 040
0064220 175 073 012 040 040 166 141 162 040 137 146 144 137 167 162 151
0064240 164 145 040 075 040 050 146 144 054 040 151 157 166 054 040 151
0064260 157 166 143 156 164 054 040 160 156 165 155 051 040 075 076 040
0064300 173 012 040 040 040 040 040 040 057 057 040 150 141 143 153 040
0064320 164 157 040 163 165 160 160 157 162 164 040 160 162 151 156 164
0064340 146 040 151 156 040 123 131 123 103 101 114 114 123 137 122 105
0064360 121 125 111 122 105 137 106 111 114 105 123 131 123 124 105 115
0064400 075 060 012 040 040 040 040 040 040 166 141 162 040 156 165 155
0064420 040 075 040 060 073 012 040 040 040 040 040 040 146 157 162 040
0064440 050 166 141 162 040 151 040 075 040 060 073 040 151 040 074 040
0064460 151 157 166 143 156 164 073 040 151 053 053 051 040 173 012 040
0064500 040 040 040 040 040 040 040 166 141 162 040 160 164 162 040 075
0064520 040 110 105 101 120 125 063 062 133 050 050 151 157 166 051 076
0064540 076 062 051 135 073 012 040 040 040 040 040 040 040 040 166 141
0064560 162 040 154 145 156 040 075 040 110 105 101 120 125 063 062 133
0064600 050 050 050 151 157 166 051 053 050 064 051 051 076 076 062 051
0064620 135 073 012 040 040 040 040 040 040 040 040 151 157 166 040 053
0064640 075 040 070 073 012 040 040 040 040 040 040 040 040 146 157 162
0064660 040 050 166 141 162 040 152 040 075 040 060 073 040 152 040 074
0064700 040 154 145 156 073 040 152 053 053 051 040 173 012 040 040 040
0064720 040 040 040 040 040 040 040 160 162 151 156 164 103 150 141 162
0064740 050 146 144 054 040 110 105 101 120 125 070 133 160 164 162 053
0064760 152 135 051 073 012 040 040 040 040 040 040 040 040 175 012 040
0065000 040 040 040 040 040 040 040 156 165 155 040 053 075 040 154 145
0065020 156 073 012 040 040 040 040 040 040 175 012 040 040 040 040 040
0065040 040 110 105 101 120 125 063 062 133 050 050 160 156 165 155 051
0065060 076 076 062 051 135 040 075 040 156 165 155 073 012 040 040 040
0065100 040 040 040 162 145 164 165 162 156 040 060 073 012 040 040 040
0065120 040 175 073 012 012 040 040 012 040 040 166 141 162 040 162 165
0065140 156 164 151 155 145 113 145 145 160 141 154 151 166 145 103 157
0065160 165 156 164 145 162 040 075 040 060 073 012 040 040 166 141 162
0065200 040 153 145 145 160 122 165 156 164 151 155 145 101 154 151 166
0065220 145 040 075 040 050 051 040 075 076 040 156 157 105 170 151 164
0065240 122 165 156 164 151 155 145 040 174 174 040 162 165 156 164 151
0065260 155 145 113 145 145 160 141 154 151 166 145 103 157 165 156 164
0065300 145 162 040 076 040 060 073 012 040 040 166 141 162 040 137 160
0065320 162 157 143 137 145 170 151 164 040 075 040 050 143 157 144 145
0065340 051 040 075 076 040 173 012 040 040 040 040 040 040 105 130 111
0065360 124 123 124 101 124 125 123 040 075 040 143 157 144 145 073 012
0065400 040 040 040 040 040 040 151 146 040 050 041 153 145 145 160 122
0065420 165 156 164 151 155 145 101 154 151 166 145 050 051 051 040 173
0065440 012 040 040 040 040 040 040 040 040 115 157 144 165 154 145 133
0065460 047 157 156 105 170 151 164 047 135 077 056 050 143 157 144 145
0065500 051 073 012 040 040 040 040 040 040 040 040 101 102 117 122 124
0065520 040 075 040 164 162 165 145 073 012 040 040 040 040 040 040 175
0065540 012 040 040 040 040 040 040 161 165 151 164 137 050 143 157 144
0065560 145 054 040 156 145 167 040 105 170 151 164 123 164 141 164 165
0065600 163 050 143 157 144 145 051 051 073 012 040 040 040 040 175 073
0065620 012 040 040 012 040 040 057 052 052 040 100 160 141 162 141 155
0065640 040 173 142 157 157 154 145 141 156 174 156 165 155 142 145 162
0065660 075 175 040 151 155 160 154 151 143 151 164 040 052 057 012 040
0065700 040 166 141 162 040 145 170 151 164 112 123 040 075 040 050 163
0065720 164 141 164 165 163 054 040 151 155 160 154 151 143 151 164 051
0065740 040 075 076 040 173 012 040 040 040 040 040 040 105 130 111 124
0065760 123 124 101 124 125 123 040 075 040 163 164 141 164 165 163 073
0066000 012 040 040 012 040 040 040 040 040 040 151 146 040 050 041 153
0066020 145 145 160 122 165 156 164 151 155 145 101 154 151 166 145 050
0066040 051 051 040 173 012 040 040 040 040 040 040 040 040 145 170 151
0066060 164 122 165 156 164 151 155 145 050 051 073 012 040 040 040 040
0066100 040 040 175 012 040 040 012 040 040 040 040 040 040 137 160 162
0066120 157 143 137 145 170 151 164 050 163 164 141 164 165 163 051 073
0066140 012 040 040 040 040 175 073 012 012 040 040 166 141 162 040 150
0066160 141 156 144 154 145 105 170 143 145 160 164 151 157 156 040 075
0066200 040 050 145 051 040 075 076 040 173 012 040 040 040 040 040 040
0066220 057 057 040 103 145 162 164 141 151 156 040 145 170 143 145 160
0066240 164 151 157 156 040 164 171 160 145 163 040 167 145 040 144 157
0066260 040 156 157 164 040 164 162 145 141 164 040 141 163 040 145 162
0066300 162 157 162 163 040 163 151 156 143 145 040 164 150 145 171 040
0066320 141 162 145 040 165 163 145 144 040 146 157 162 012 040 040 040
0066340 040 040 040 057 057 040 151 156 164 145 162 156 141 154 040 143
0066360 157 156 164 162 157 154 040 146 154 157 167 056 012 040 040 040
0066400 040 040 040 057 057 040 061 056 040 105 170 151 164 123 164 141
0066420 164 165 163 054 040 167 150 151 143 150 040 151 163 040 164 150
0066440 162 157 167 156 040 142 171 040 145 170 151 164 050 051 012 040
0066460 040 040 040 040 040 057 057 040 062 056 040 042 165 156 167 151
0066500 156 144 042 054 040 167 150 151 143 150 040 151 163 040 164 150
0066520 162 157 167 156 040 142 171 040 145 155 163 143 162 151 160 164
0066540 145 156 137 165 156 167 151 156 144 137 164 157 137 152 163 137
0066560 145 166 145 156 164 137 154 157 157 160 050 051 040 141 156 144
0066600 040 157 164 150 145 162 163 012 040 040 040 040 040 040 057 057
0066620 040 040 040 040 164 150 141 164 040 167 151 163 150 040 164 157
0066640 040 162 145 164 165 162 156 040 164 157 040 112 123 040 145 166
0066660 145 156 164 040 154 157 157 160 056 012 040 040 040 040 040 040
0066700 151 146 040 050 145 040 151 156 163 164 141 156 143 145 157 146
0066720 040 105 170 151 164 123 164 141 164 165 163 040 174 174 040 145
0066740 040 075 075 040 047 165 156 167 151 156 144 047 051 040 173 012
0066760 040 040 040 040 040 040 040 040 162 145 164 165 162 156 040 105
0067000 130 111 124 123 124 101 124 125 123 073 012 040 040 040 040 040
0067020 040 175 012 040 040 040 040 040 040 161 165 151 164 137 050 061
0067040 054 040 145 051 073 012 040 040 040 040 175 073 012 166 141 162
0067060 040 167 141 163 155 111 155 160 157 162 164 163 040 075 040 173
0067100 012 040 040 057 052 052 040 100 145 170 160 157 162 164 040 052
0067120 057 012 040 040 137 145 155 163 143 162 151 160 164 145 156 137
0067140 155 145 155 143 160 171 137 152 163 072 040 137 137 145 155 163
0067160 143 162 151 160 164 145 156 137 155 145 155 143 160 171 137 152
0067200 163 054 012 040 040 057 052 052 040 100 145 170 160 157 162 164
0067220 040 052 057 012 040 040 146 144 137 167 162 151 164 145 072 040
0067240 137 146 144 137 167 162 151 164 145 012 175 073 012 166 141 162
0067260 040 167 141 163 155 105 170 160 157 162 164 163 040 075 040 143
0067300 162 145 141 164 145 127 141 163 155 050 051 073 012 166 141 162
0067320 040 137 137 137 167 141 163 155 137 143 141 154 154 137 143 164
0067340 157 162 163 040 075 040 050 051 040 075 076 040 050 137 137 137
0067360 167 141 163 155 137 143 141 154 154 137 143 164 157 162 163 040
0067400 075 040 167 141 163 155 105 170 160 157 162 164 163 133 047 137
0067420 137 167 141 163 155 137 143 141 154 154 137 143 164 157 162 163
0067440 047 135 051 050 051 073 012 166 141 162 040 137 155 141 151 156
0067460 040 075 040 115 157 144 165 154 145 133 047 137 155 141 151 156
0067500 047 135 040 075 040 050 141 060 054 040 141 061 051 040 075 076
0067520 040 050 137 155 141 151 156 040 075 040 115 157 144 165 154 145
0067540 133 047 137 155 141 151 156 047 135 040 075 040 167 141 163 155
0067560 105 170 160 157 162 164 163 133 047 155 141 151 156 047 135 051
0067600 050 141 060 054 040 141 061 051 073 012 166 141 162 040 137 137
0067620 137 146 165 156 143 163 137 157 156 137 145 170 151 164 040 075
0067640 040 050 051 040 075 076 040 050 137 137 137 146 165 156 143 163
0067660 137 157 156 137 145 170 151 164 040 075 040 167 141 163 155 105
0067700 170 160 157 162 164 163 133 047 137 137 146 165 156 143 163 137
0067720 157 156 137 145 170 151 164 047 135 051 050 051 073 012 166 141
0067740 162 040 137 146 146 154 165 163 150 040 075 040 050 141 060 051
0067760 040 075 076 040 050 137 146 146 154 165 163 150 040 075 040 167
0070000 141 163 155 105 170 160 157 162 164 163 133 047 146 146 154 165
0070020 163 150 047 135 051 050 141 060 051 073 012 166 141 162 040 137
0070040 137 145 155 163 143 162 151 160 164 145 156 137 163 164 141 143
0070060 153 137 162 145 163 164 157 162 145 040 075 040 050 141 060 051
0070100 040 075 076 040 050 137 137 145 155 163 143 162 151 160 164 145
0070120 156 137 163 164 141 143 153 137 162 145 163 164 157 162 145 040
0070140 075 040 167 141 163 155 105 170 160 157 162 164 163 133 047 137
0070160 145 155 163 143 162 151 160 164 145 156 137 163 164 141 143 153
0070200 137 162 145 163 164 157 162 145 047 135 051 050 141 060 051 073
0070220 012 166 141 162 040 137 137 145 155 163 143 162 151 160 164 145
0070240 156 137 163 164 141 143 153 137 141 154 154 157 143 040 075 040
0070260 050 141 060 051 040 075 076 040 050 137 137 145 155 163 143 162
0070300 151 160 164 145 156 137 163 164 141 143 153 137 141 154 154 157
0070320 143 040 075 040 167 141 163 155 105 170 160 157 162 164 163 133
0070340 047 137 145 155 163 143 162 151 160 164 145 156 137 163 164 141
0070360 143 153 137 141 154 154 157 143 047 135 051 050 141 060 051 073
0070400 012 166 141 162 040 137 145 155 163 143 162 151 160 164 145 156
0070420 137 163 164 141 143 153 137 147 145 164 137 143 165 162 162 145
0070440 156 164 040 075 040 050 051 040 075 076 040 050 137 145 155 163
0070460 143 162 151 160 164 145 156 137 163 164 141 143 153 137 147 145
0070500 164 137 143 165 162 162 145 156 164 040 075 040 167 141 163 155
0070520 105 170 160 157 162 164 163 133 047 145 155 163 143 162 151 160
0070540 164 145 156 137 163 164 141 143 153 137 147 145 164 137 143 165
0070560 162 162 145 156 164 047 135 051 050 051 073 012 166 141 162 040
0070600 144 171 156 103 141 154 154 137 152 151 152 151 040 075 040 115
0070620 157 144 165 154 145 133 047 144 171 156 103 141 154 154 137 152
0070640 151 152 151 047 135 040 075 040 050 141 060 054 040 141 061 054
0070660 040 141 062 054 040 141 063 054 040 141 064 051 040 075 076 040
0070700 050 144 171 156 103 141 154 154 137 152 151 152 151 040 075 040
0070720 115 157 144 165 154 145 133 047 144 171 156 103 141 154 154 137
0070740 152 151 152 151 047 135 040 075 040 167 141 163 155 105 170 160
0070760 157 162 164 163 133 047 144 171 156 103 141 154 154 137 152 151
0071000 152 151 047 135 051 050 141 060 054 040 141 061 054 040 141 062
0071020 054 040 141 063 054 040 141 064 051 073 012 012 012 057 057 040
0071040 151 156 143 154 165 144 145 072 040 160 157 163 164 141 155 142
0071060 154 145 056 152 163 012 057 057 040 075 075 075 040 101 165 164
0071100 157 055 147 145 156 145 162 141 164 145 144 040 160 157 163 164
0071120 141 155 142 154 145 040 163 145 164 165 160 040 145 156 164 162
0071140 171 040 163 164 165 146 146 040 075 075 075 012 012 012 012 012
0071160 166 141 162 040 143 141 154 154 145 144 122 165 156 073 012 012
0071200 144 145 160 145 156 144 145 156 143 151 145 163 106 165 154 146
0071220 151 154 154 145 144 040 075 040 146 165 156 143 164 151 157 156
0071240 040 162 165 156 103 141 154 154 145 162 050 051 040 173 012 040
0071260 040 057 057 040 111 146 040 162 165 156 040 150 141 163 040 156
0071300 145 166 145 162 040 142 145 145 156 040 143 141 154 154 145 144
0071320 054 040 141 156 144 040 167 145 040 163 150 157 165 154 144 040
0071340 143 141 154 154 040 162 165 156 040 050 111 116 126 117 113 105
0071360 137 122 125 116 040 151 163 040 164 162 165 145 054 040 141 156
0071400 144 040 115 157 144 165 154 145 056 156 157 111 156 151 164 151
0071420 141 154 122 165 156 040 151 163 040 156 157 164 040 146 141 154
0071440 163 145 051 012 040 040 151 146 040 050 041 143 141 154 154 145
0071460 144 122 165 156 051 040 162 165 156 050 051 073 012 040 040 151
0071500 146 040 050 041 143 141 154 154 145 144 122 165 156 051 040 144
0071520 145 160 145 156 144 145 156 143 151 145 163 106 165 154 146 151
0071540 154 154 145 144 040 075 040 162 165 156 103 141 154 154 145 162
0071560 073 040 057 057 040 164 162 171 040 164 150 151 163 040 141 147
0071600 141 151 156 040 154 141 164 145 162 054 040 141 146 164 145 162
0071620 040 156 145 167 040 144 145 160 163 040 141 162 145 040 146 165
0071640 154 146 151 154 154 145 144 012 175 073 012 012 146 165 156 143
0071660 164 151 157 156 040 143 141 154 154 115 141 151 156 050 051 040
0071700 173 012 012 040 040 166 141 162 040 145 156 164 162 171 106 165
0071720 156 143 164 151 157 156 040 075 040 137 155 141 151 156 073 012
0071740 012 040 040 166 141 162 040 141 162 147 143 040 075 040 060 073
0071760 012 040 040 166 141 162 040 141 162 147 166 040 075 040 060 073
0072000 012 012 040 040 164 162 171 040 173 012 012 040 040 040 040 166
0072020 141 162 040 162 145 164 040 075 040 145 156 164 162 171 106 165
0072040 156 143 164 151 157 156 050 141 162 147 143 054 040 141 162 147
0072060 166 051 073 012 012 040 040 040 040 057 057 040 151 146 040 167
0072100 145 047 162 145 040 156 157 164 040 162 165 156 156 151 156 147
0072120 040 141 156 040 145 166 145 156 164 145 144 040 155 141 151 156
0072140 040 154 157 157 160 054 040 151 164 047 163 040 164 151 155 145
0072160 040 164 157 040 145 170 151 164 012 040 040 040 040 145 170 151
0072200 164 112 123 050 162 145 164 054 040 057 052 040 151 155 160 154
0072220 151 143 151 164 040 075 040 052 057 040 164 162 165 145 051 073
0072240 012 040 040 040 040 162 145 164 165 162 156 040 162 145 164 073
0072260 012 040 040 175 012 040 040 143 141 164 143 150 040 050 145 051
0072300 040 173 012 040 040 040 040 162 145 164 165 162 156 040 150 141
0072320 156 144 154 145 105 170 143 145 160 164 151 157 156 050 145 051
0072340 073 012 040 040 175 012 175 012 012 146 165 156 143 164 151 157
0072360 156 040 162 165 156 050 051 040 173 012 012 040 040 151 146 040
0072400 050 162 165 156 104 145 160 145 156 144 145 156 143 151 145 163
0072420 040 076 040 060 051 040 173 012 040 040 040 040 162 145 164 165
0072440 162 156 073 012 040 040 175 012 012 040 040 160 162 145 122 165
0072460 156 050 051 073 012 012 040 040 057 057 040 141 040 160 162 145
0072500 122 165 156 040 141 144 144 145 144 040 141 040 144 145 160 145
0072520 156 144 145 156 143 171 054 040 162 165 156 040 167 151 154 154
0072540 040 142 145 040 143 141 154 154 145 144 040 154 141 164 145 162
0072560 012 040 040 151 146 040 050 162 165 156 104 145 160 145 156 144
0072600 145 156 143 151 145 163 040 076 040 060 051 040 173 012 040 040
0072620 040 040 162 145 164 165 162 156 073 012 040 040 175 012 012 040
0072640 040 146 165 156 143 164 151 157 156 040 144 157 122 165 156 050
0072660 051 040 173 012 040 040 040 040 057 057 040 162 165 156 040 155
0072700 141 171 040 150 141 166 145 040 152 165 163 164 040 142 145 145
0072720 156 040 143 141 154 154 145 144 040 164 150 162 157 165 147 150
0072740 040 144 145 160 145 156 144 145 156 143 151 145 163 040 142 145
0072760 151 156 147 040 146 165 154 146 151 154 154 145 144 040 152 165
0073000 163 164 040 151 156 040 164 150 151 163 040 166 145 162 171 040
0073020 146 162 141 155 145 054 012 040 040 040 040 057 057 040 157 162
0073040 040 167 150 151 154 145 040 164 150 145 040 141 163 171 156 143
0073060 040 163 145 164 123 164 141 164 165 163 040 164 151 155 145 040
0073100 142 145 154 157 167 040 167 141 163 040 150 141 160 160 145 156
0073120 151 156 147 012 040 040 040 040 151 146 040 050 143 141 154 154
0073140 145 144 122 165 156 051 040 162 145 164 165 162 156 073 012 040
0073160 040 040 040 143 141 154 154 145 144 122 165 156 040 075 040 164
0073200 162 165 145 073 012 040 040 040 040 115 157 144 165 154 145 133
0073220 047 143 141 154 154 145 144 122 165 156 047 135 040 075 040 164
0073240 162 165 145 073 012 012 040 040 040 040 151 146 040 050 101 102
0073260 117 122 124 051 040 162 145 164 165 162 156 073 012 012 040 040
0073300 040 040 151 156 151 164 122 165 156 164 151 155 145 050 051 073
0073320 012 012 040 040 040 040 160 162 145 115 141 151 156 050 051 073
0073340 012 012 040 040 040 040 115 157 144 165 154 145 133 047 157 156
0073360 122 165 156 164 151 155 145 111 156 151 164 151 141 154 151 172
0073400 145 144 047 135 077 056 050 051 073 012 012 040 040 040 040 151
0073420 146 040 050 163 150 157 165 154 144 122 165 156 116 157 167 051
0073440 040 143 141 154 154 115 141 151 156 050 051 073 012 012 040 040
0073460 040 040 160 157 163 164 122 165 156 050 051 073 012 040 040 175
0073500 012 012 040 040 151 146 040 050 115 157 144 165 154 145 133 047
0073520 163 145 164 123 164 141 164 165 163 047 135 051 040 173 012 040
0073540 040 040 040 115 157 144 165 154 145 133 047 163 145 164 123 164
0073560 141 164 165 163 047 135 050 047 122 165 156 156 151 156 147 056
0073600 056 056 047 051 073 012 040 040 040 040 163 145 164 124 151 155
0073620 145 157 165 164 050 146 165 156 143 164 151 157 156 050 051 040
0073640 173 012 040 040 040 040 040 040 163 145 164 124 151 155 145 157
0073660 165 164 050 146 165 156 143 164 151 157 156 050 051 040 173 012
0073700 040 040 040 040 040 040 040 040 115 157 144 165 154 145 133 047
0073720 163 145 164 123 164 141 164 165 163 047 135 050 047 047 051 073
0073740 012 040 040 040 040 040 040 175 054 040 061 051 073 012 040 040
0073760 040 040 040 040 144 157 122 165 156 050 051 073 012 040 040 040
0074000 040 175 054 040 061 051 073 012 040 040 175 040 145 154 163 145
0074020 012 040 040 173 012 040 040 040 040 144 157 122 165 156 050 051
0074040 073 012 040 040 175 012 175 012 012 151 146 040 050 115 157 144
0074060 165 154 145 133 047 160 162 145 111 156 151 164 047 135 051 040
0074100 173 012 040 040 151 146 040 050 164 171 160 145 157 146 040 115
0074120 157 144 165 154 145 133 047 160 162 145 111 156 151 164 047 135
0074140 040 075 075 040 047 146 165 156 143 164 151 157 156 047 051 040
0074160 115 157 144 165 154 145 133 047 160 162 145 111 156 151 164 047
0074200 135 040 075 040 133 115 157 144 165 154 145 133 047 160 162 145
0074220 111 156 151 164 047 135 135 073 012 040 040 167 150 151 154 145
0074240 040 050 115 157 144 165 154 145 133 047 160 162 145 111 156 151
0074260 164 047 135 056 154 145 156 147 164 150 040 076 040 060 051 040
0074300 173 012 040 040 040 040 115 157 144 165 154 145 133 047 160 162
0074320 145 111 156 151 164 047 135 056 160 157 160 050 051 050 051 073
0074340 012 040 040 175 012 175 012 012 057 057 040 163 150 157 165 154
0074360 144 122 165 156 116 157 167 040 162 145 146 145 162 163 040 164
0074400 157 040 143 141 154 154 151 156 147 040 155 141 151 156 050 051
0074420 054 040 156 157 164 040 162 165 156 050 051 056 012 166 141 162
0074440 040 163 150 157 165 154 144 122 165 156 116 157 167 040 075 040
0074460 164 162 165 145 073 012 012 151 146 040 050 115 157 144 165 154
0074500 145 133 047 156 157 111 156 151 164 151 141 154 122 165 156 047
0074520 135 051 040 163 150 157 165 154 144 122 165 156 116 157 167 040
0074540 075 040 146 141 154 163 145 073 012 012 162 165 156 050 051 073
0074560 012 012 057 057 040 145 156 144 040 151 156 143 154 165 144 145
0074600 072 040 160 157 163 164 141 155 142 154 145 056 152 163 012 012
0074620
configure:17473: result: unknown 
configure:17495: checking format of floating-point type `long double'
configure:17530: /usr/lib/emsdk/upstream/emscripten/emcc -Wall -Wmissing-prototypes -Wpointer-arith -g -O2 -ffloat-store  -I/home/juli/Matlab/scctools/ports/c_symb/gmp-6.2.1/install/include  -L/home/juli/Matlab/scctools/ports/c_symb/gmp-6.2.1/install/lib conftest.c -o conftest >&5 2>&1
clang: warning: optimization flag '-ffloat-store' is not supported [-Wignored-optimization-argument]
emcc: warning: running limited binaryen optimizations because DWARF info requested (or indirectly required) [-Wlimited-postlink-optimizations]
configure:17533: $? = 0
cannot match anything, conftest contains
0000000 043 041 057 165 163 162 057 154 151 142 057 145 155 163 144 153
0000020 057 156 157 144 145 057 061 070 056 062 060 056 063 137 066 064
0000040 142 151 164 057 142 151 156 057 156 157 144 145 012 057 057 040
0000060 151 156 143 154 165 144 145 072 040 163 150 145 154 154 056 152
0000100 163 012 057 057 040 124 150 145 040 115 157 144 165 154 145 040
0000120 157 142 152 145 143 164 072 040 117 165 162 040 151 156 164 145
0000140 162 146 141 143 145 040 164 157 040 164 150 145 040 157 165 164
0000160 163 151 144 145 040 167 157 162 154 144 056 040 127 145 040 151
0000200 155 160 157 162 164 012 057 057 040 141 156 144 040 145 170 160
0000220 157 162 164 040 166 141 154 165 145 163 040 157 156 040 151 164
0000240 056 040 124 150 145 162 145 040 141 162 145 040 166 141 162 151
0000260 157 165 163 040 167 141 171 163 040 115 157 144 165 154 145 040
0000300 143 141 156 040 142 145 040 165 163 145 144 072 012 057 057 040
0000320 061 056 040 116 157 164 040 144 145 146 151 156 145 144 056 040
0000340 127 145 040 143 162 145 141 164 145 040 151 164 040 150 145 162
0000360 145 012 057 057 040 062 056 040 101 040 146 165 156 143 164 151
0000400 157 156 040 160 141 162 141 155 145 164 145 162 054 040 146 165
0000420 156 143 164 151 157 156 050 155 157 144 165 154 145 101 162 147
0000440 051 040 075 076 040 120 162 157 155 151 163 145 074 115 157 144
0000460 165 154 145 076 012 057 057 040 063 056 040 160 162 145 055 162
0000500 165 156 040 141 160 160 145 156 144 145 144 040 151 164 054 040
0000520 166 141 162 040 115 157 144 165 154 145 040 075 040 173 175 073
0000540 040 056 056 147 145 156 145 162 141 164 145 144 040 143 157 144
0000560 145 056 056 012 057 057 040 064 056 040 105 170 164 145 162 156
0000600 141 154 040 163 143 162 151 160 164 040 164 141 147 040 144 145
0000620 146 151 156 145 163 040 166 141 162 040 115 157 144 165 154 145
0000640 056 012 057 057 040 127 145 040 156 145 145 144 040 164 157 040
0000660 143 150 145 143 153 040 151 146 040 115 157 144 165 154 145 040
0000700 141 154 162 145 141 144 171 040 145 170 151 163 164 163 040 050
0000720 145 056 147 056 040 143 141 163 145 040 063 040 141 142 157 166
0000740 145 051 056 012 057 057 040 123 165 142 163 164 151 164 165 164
0000760 151 157 156 040 167 151 154 154 040 142 145 040 162 145 160 154
0001000 141 143 145 144 040 167 151 164 150 040 141 143 164 165 141 154
0001020 040 143 157 144 145 040 157 156 040 154 141 164 145 162 040 163
0001040 164 141 147 145 040 157 146 040 164 150 145 040 142 165 151 154
0001060 144 054 012 057 057 040 164 150 151 163 040 167 141 171 040 103
0001100 154 157 163 165 162 145 040 103 157 155 160 151 154 145 162 040
0001120 167 151 154 154 040 156 157 164 040 155 141 156 147 154 145 040
0001140 151 164 040 050 145 056 147 056 040 143 141 163 145 040 064 056
0001160 040 141 142 157 166 145 051 056 012 057 057 040 116 157 164 145
0001200 040 164 150 141 164 040 151 146 040 171 157 165 040 167 141 156
0001220 164 040 164 157 040 162 165 156 040 143 154 157 163 165 162 145
0001240 054 040 141 156 144 040 141 154 163 157 040 164 157 040 165 163
0001260 145 040 115 157 144 165 154 145 012 057 057 040 141 146 164 145
0001300 162 040 164 150 145 040 147 145 156 145 162 141 164 145 144 040
0001320 143 157 144 145 054 040 171 157 165 040 167 151 154 154 040 156
0001340 145 145 144 040 164 157 040 144 145 146 151 156 145 040 040 040
0001360 166 141 162 040 115 157 144 165 154 145 040 075 040 173 175 073
0001400 012 057 057 040 142 145 146 157 162 145 040 164 150 145 040 143
0001420 157 144 145 056 040 124 150 145 156 040 164 150 141 164 040 157
0001440 142 152 145 143 164 040 167 151 154 154 040 142 145 040 165 163
0001460 145 144 040 151 156 040 164 150 145 040 143 157 144 145 054 040
0001500 141 156 144 040 171 157 165 012 057 057 040 143 141 156 040 143
0001520 157 156 164 151 156 165 145 040 164 157 040 165 163 145 040 115
0001540 157 144 165 154 145 040 141 146 164 145 162 167 141 162 144 163
0001560 040 141 163 040 167 145 154 154 056 012 166 141 162 040 115 157
0001600 144 165 154 145 040 075 040 164 171 160 145 157 146 040 115 157
0001620 144 165 154 145 040 041 075 040 047 165 156 144 145 146 151 156
0001640 145 144 047 040 077 040 115 157 144 165 154 145 040 072 040 173
0001660 175 073 012 012 057 057 040 104 145 164 145 162 155 151 156 145
0001700 040 164 150 145 040 162 165 156 164 151 155 145 040 145 156 166
0001720 151 162 157 156 155 145 156 164 040 167 145 040 141 162 145 040
0001740 151 156 056 040 131 157 165 040 143 141 156 040 143 165 163 164
0001760 157 155 151 172 145 040 164 150 151 163 040 142 171 012 057 057
0002000 040 163 145 164 164 151 156 147 040 164 150 145 040 105 116 126
0002020 111 122 117 116 115 105 116 124 040 163 145 164 164 151 156 147
0002040 040 141 164 040 143 157 155 160 151 154 145 040 164 151 155 145
0002060 040 050 163 145 145 040 163 145 164 164 151 156 147 163 056 152
0002100 163 051 056 012 012 057 057 040 101 164 164 145 155 160 164 040
0002120 164 157 040 141 165 164 157 055 144 145 164 145 143 164 040 164
0002140 150 145 040 145 156 166 151 162 157 156 155 145 156 164 012 166
0002160 141 162 040 105 116 126 111 122 117 116 115 105 116 124 137 111
0002200 123 137 127 105 102 040 075 040 164 171 160 145 157 146 040 167
0002220 151 156 144 157 167 040 075 075 040 047 157 142 152 145 143 164
0002240 047 073 012 166 141 162 040 105 116 126 111 122 117 116 115 105
0002260 116 124 137 111 123 137 127 117 122 113 105 122 040 075 040 164
0002300 171 160 145 157 146 040 151 155 160 157 162 164 123 143 162 151
0002320 160 164 163 040 075 075 040 047 146 165 156 143 164 151 157 156
0002340 047 073 012 057 057 040 116 056 142 056 040 105 154 145 143 164
0002360 162 157 156 056 152 163 040 145 156 166 151 162 157 156 155 145
0002400 156 164 040 151 163 040 163 151 155 165 154 164 141 156 145 157
0002420 165 163 154 171 040 141 040 116 117 104 105 055 145 156 166 151
0002440 162 157 156 155 145 156 164 054 040 142 165 164 012 057 057 040
0002460 141 154 163 157 040 141 040 167 145 142 040 145 156 166 151 162
0002500 157 156 155 145 156 164 056 012 166 141 162 040 105 116 126 111
0002520 122 117 116 115 105 116 124 137 111 123 137 116 117 104 105 040
0002540 075 040 164 171 160 145 157 146 040 160 162 157 143 145 163 163
0002560 040 075 075 040 047 157 142 152 145 143 164 047 040 046 046 040
0002600 164 171 160 145 157 146 040 160 162 157 143 145 163 163 056 166
0002620 145 162 163 151 157 156 163 040 075 075 040 047 157 142 152 145
0002640 143 164 047 040 046 046 040 164 171 160 145 157 146 040 160 162
0002660 157 143 145 163 163 056 166 145 162 163 151 157 156 163 056 156
0002700 157 144 145 040 075 075 040 047 163 164 162 151 156 147 047 073
0002720 012 166 141 162 040 105 116 126 111 122 117 116 115 105 116 124
0002740 137 111 123 137 123 110 105 114 114 040 075 040 041 105 116 126
0002760 111 122 117 116 115 105 116 124 137 111 123 137 127 105 102 040
0003000 046 046 040 041 105 116 126 111 122 117 116 115 105 116 124 137
0003020 111 123 137 116 117 104 105 040 046 046 040 041 105 116 126 111
0003040 122 117 116 115 105 116 124 137 111 123 137 127 117 122 113 105
0003060 122 073 012 012 151 146 040 050 105 116 126 111 122 117 116 115
0003100 105 116 124 137 111 123 137 116 117 104 105 051 040 173 012 040
0003120 040 057 057 040 140 162 145 161 165 151 162 145 050 051 140 040
0003140 151 163 040 156 157 055 157 160 040 151 156 040 141 156 040 105
0003160 123 115 040 155 157 144 165 154 145 054 040 165 163 145 040 140
0003200 143 162 145 141 164 145 122 145 161 165 151 162 145 050 051 140
0003220 040 164 157 040 143 157 156 163 164 162 165 143 164 012 040 040
0003240 057 057 040 164 150 145 040 162 145 161 165 151 162 145 050 051
0003260 140 040 146 165 156 143 164 151 157 156 056 040 040 124 150 151
0003300 163 040 151 163 040 157 156 154 171 040 156 145 143 145 163 163
0003320 141 162 171 040 146 157 162 040 155 165 154 164 151 055 145 156
0003340 166 151 162 157 156 155 145 156 164 012 040 040 057 057 040 142
0003360 165 151 154 144 163 054 040 140 055 163 105 116 126 111 122 117
0003400 116 115 105 116 124 075 156 157 144 145 140 040 145 155 151 164
0003420 163 040 141 040 163 164 141 164 151 143 040 151 155 160 157 162
0003440 164 040 144 145 143 154 141 162 141 164 151 157 156 040 151 156
0003460 163 164 145 141 144 056 012 040 040 057 057 040 124 117 104 117
0003500 072 040 123 167 141 160 040 141 154 154 040 140 162 145 161 165
0003520 151 162 145 050 051 140 047 163 040 167 151 164 150 040 140 151
0003540 155 160 157 162 164 050 051 140 047 163 077 012 012 175 012 012
0003560 057 057 040 055 055 160 162 145 055 152 163 145 163 040 141 162
0003600 145 040 145 155 151 164 164 145 144 040 141 146 164 145 162 040
0003620 164 150 145 040 115 157 144 165 154 145 040 151 156 164 145 147
0003640 162 141 164 151 157 156 040 143 157 144 145 054 040 163 157 040
0003660 164 150 141 164 040 164 150 145 171 040 143 141 156 012 057 057
0003700 040 162 145 146 145 162 040 164 157 040 115 157 144 165 154 145
0003720 040 050 151 146 040 164 150 145 171 040 143 150 157 157 163 145
0003740 073 040 164 150 145 171 040 143 141 156 040 141 154 163 157 040
0003760 144 145 146 151 156 145 040 115 157 144 165 154 145 051 012 012
0004000 012 057 057 040 123 157 155 145 164 151 155 145 163 040 141 156
0004020 040 145 170 151 163 164 151 156 147 040 115 157 144 165 154 145
0004040 040 157 142 152 145 143 164 040 145 170 151 163 164 163 040 167
0004060 151 164 150 040 160 162 157 160 145 162 164 151 145 163 012 057
0004100 057 040 155 145 141 156 164 040 164 157 040 157 166 145 162 167
0004120 162 151 164 145 040 164 150 145 040 144 145 146 141 165 154 164
0004140 040 155 157 144 165 154 145 040 146 165 156 143 164 151 157 156
0004160 141 154 151 164 171 056 040 110 145 162 145 012 057 057 040 167
0004200 145 040 143 157 154 154 145 143 164 040 164 150 157 163 145 040
0004220 160 162 157 160 145 162 164 151 145 163 040 141 156 144 040 162
0004240 145 141 160 160 154 171 040 137 141 146 164 145 162 137 040 167
0004260 145 040 143 157 156 146 151 147 165 162 145 012 057 057 040 164
0004300 150 145 040 143 165 162 162 145 156 164 040 145 156 166 151 162
0004320 157 156 155 145 156 164 047 163 040 144 145 146 141 165 154 164
0004340 163 040 164 157 040 141 166 157 151 144 040 150 141 166 151 156
0004360 147 040 164 157 040 142 145 040 163 157 012 057 057 040 144 145
0004400 146 145 156 163 151 166 145 040 144 165 162 151 156 147 040 151
0004420 156 151 164 151 141 154 151 172 141 164 151 157 156 056 012 166
0004440 141 162 040 155 157 144 165 154 145 117 166 145 162 162 151 144
0004460 145 163 040 075 040 117 142 152 145 143 164 056 141 163 163 151
0004500 147 156 050 173 175 054 040 115 157 144 165 154 145 051 073 012
0004520 012 166 141 162 040 141 162 147 165 155 145 156 164 163 137 040
0004540 075 040 133 135 073 012 166 141 162 040 164 150 151 163 120 162
0004560 157 147 162 141 155 040 075 040 047 056 057 164 150 151 163 056
0004600 160 162 157 147 162 141 155 047 073 012 166 141 162 040 161 165
0004620 151 164 137 040 075 040 050 163 164 141 164 165 163 054 040 164
0004640 157 124 150 162 157 167 051 040 075 076 040 173 012 040 040 164
0004660 150 162 157 167 040 164 157 124 150 162 157 167 073 012 175 073
0004700 012 012 057 057 040 140 057 140 040 163 150 157 165 154 144 040
0004720 142 145 040 160 162 145 163 145 156 164 040 141 164 040 164 150
0004740 145 040 145 156 144 040 151 146 040 140 163 143 162 151 160 164
0004760 104 151 162 145 143 164 157 162 171 140 040 151 163 040 156 157
0005000 164 040 145 155 160 164 171 012 166 141 162 040 163 143 162 151
0005020 160 164 104 151 162 145 143 164 157 162 171 040 075 040 047 047
0005040 073 012 146 165 156 143 164 151 157 156 040 154 157 143 141 164
0005060 145 106 151 154 145 050 160 141 164 150 051 040 173 012 040 040
0005100 151 146 040 050 115 157 144 165 154 145 133 047 154 157 143 141
0005120 164 145 106 151 154 145 047 135 051 040 173 012 040 040 040 040
0005140 162 145 164 165 162 156 040 115 157 144 165 154 145 133 047 154
0005160 157 143 141 164 145 106 151 154 145 047 135 050 160 141 164 150
0005200 054 040 163 143 162 151 160 164 104 151 162 145 143 164 157 162
0005220 171 051 073 012 040 040 175 012 040 040 162 145 164 165 162 156
0005240 040 163 143 162 151 160 164 104 151 162 145 143 164 157 162 171
0005260 040 053 040 160 141 164 150 073 012 175 012 012 057 057 040 110
0005300 157 157 153 163 040 164 150 141 164 040 141 162 145 040 151 155
0005320 160 154 145 155 145 156 164 145 144 040 144 151 146 146 145 162
0005340 145 156 164 154 171 040 151 156 040 144 151 146 146 145 162 145
0005360 156 164 040 162 165 156 164 151 155 145 040 145 156 166 151 162
0005400 157 156 155 145 156 164 163 056 012 166 141 162 040 162 145 141
0005420 144 101 163 171 156 143 054 040 162 145 141 144 102 151 156 141
0005440 162 171 073 012 012 151 146 040 050 105 116 126 111 122 117 116
0005460 115 105 116 124 137 111 123 137 116 117 104 105 051 040 173 012
0005500 012 040 040 057 057 040 124 150 145 163 145 040 155 157 144 165
0005520 154 145 163 040 167 151 154 154 040 165 163 165 141 154 154 171
0005540 040 142 145 040 165 163 145 144 040 157 156 040 116 157 144 145
0005560 056 152 163 056 040 114 157 141 144 040 164 150 145 155 040 145
0005600 141 147 145 162 154 171 040 164 157 040 141 166 157 151 144 012
0005620 040 040 057 057 040 164 150 145 040 143 157 155 160 154 145 170
0005640 151 164 171 040 157 146 040 154 141 172 171 055 154 157 141 144
0005660 151 156 147 056 012 040 040 166 141 162 040 146 163 040 075 040
0005700 162 145 161 165 151 162 145 050 047 146 163 047 051 073 012 040
0005720 040 166 141 162 040 156 157 144 145 120 141 164 150 040 075 040
0005740 162 145 161 165 151 162 145 050 047 160 141 164 150 047 051 073
0005760 012 012 040 040 163 143 162 151 160 164 104 151 162 145 143 164
0006000 157 162 171 040 075 040 137 137 144 151 162 156 141 155 145 040
0006020 053 040 047 057 047 073 012 012 057 057 040 151 156 143 154 165
0006040 144 145 072 040 156 157 144 145 137 163 150 145 154 154 137 162
0006060 145 141 144 056 152 163 012 162 145 141 144 102 151 156 141 162
0006100 171 040 075 040 050 146 151 154 145 156 141 155 145 051 040 075
0006120 076 040 173 012 040 040 057 057 040 127 145 040 156 145 145 144
0006140 040 164 157 040 162 145 055 167 162 141 160 040 140 146 151 154
0006160 145 072 057 057 140 040 163 164 162 151 156 147 163 040 164 157
0006200 040 125 122 114 163 056 040 116 157 162 155 141 154 151 172 151
0006220 156 147 040 151 163 156 047 164 012 040 040 057 057 040 156 145
0006240 143 145 163 163 141 162 171 040 151 156 040 164 150 141 164 040
0006260 143 141 163 145 054 040 164 150 145 040 160 141 164 150 040 163
0006300 150 157 165 154 144 040 141 154 162 145 141 144 171 040 142 145
0006320 040 141 142 163 157 154 165 164 145 056 012 040 040 146 151 154
0006340 145 156 141 155 145 040 075 040 151 163 106 151 154 145 125 122
0006360 111 050 146 151 154 145 156 141 155 145 051 040 077 040 156 145
0006400 167 040 125 122 114 050 146 151 154 145 156 141 155 145 051 040
0006420 072 040 156 157 144 145 120 141 164 150 056 156 157 162 155 141
0006440 154 151 172 145 050 146 151 154 145 156 141 155 145 051 073 012
0006460 040 040 166 141 162 040 162 145 164 040 075 040 146 163 056 162
0006500 145 141 144 106 151 154 145 123 171 156 143 050 146 151 154 145
0006520 156 141 155 145 051 073 012 040 040 162 145 164 165 162 156 040
0006540 162 145 164 073 012 175 073 012 012 162 145 141 144 101 163 171
0006560 156 143 040 075 040 050 146 151 154 145 156 141 155 145 054 040
0006600 142 151 156 141 162 171 040 075 040 164 162 165 145 051 040 075
0006620 076 040 173 012 040 040 057 057 040 123 145 145 040 164 150 145
0006640 040 143 157 155 155 145 156 164 040 151 156 040 164 150 145 040
0006660 140 162 145 141 144 102 151 156 141 162 171 140 040 146 165 156
0006700 143 164 151 157 156 056 012 040 040 146 151 154 145 156 141 155
0006720 145 040 075 040 151 163 106 151 154 145 125 122 111 050 146 151
0006740 154 145 156 141 155 145 051 040 077 040 156 145 167 040 125 122
0006760 114 050 146 151 154 145 156 141 155 145 051 040 072 040 156 157
0007000 144 145 120 141 164 150 056 156 157 162 155 141 154 151 172 145
0007020 050 146 151 154 145 156 141 155 145 051 073 012 040 040 162 145
0007040 164 165 162 156 040 156 145 167 040 120 162 157 155 151 163 145
0007060 050 050 162 145 163 157 154 166 145 054 040 162 145 152 145 143
0007100 164 051 040 075 076 040 173 012 040 040 040 040 146 163 056 162
0007120 145 141 144 106 151 154 145 050 146 151 154 145 156 141 155 145
0007140 054 040 142 151 156 141 162 171 040 077 040 165 156 144 145 146
0007160 151 156 145 144 040 072 040 047 165 164 146 070 047 054 040 050
0007200 145 162 162 054 040 144 141 164 141 051 040 075 076 040 173 012
0007220 040 040 040 040 040 040 151 146 040 050 145 162 162 051 040 162
0007240 145 152 145 143 164 050 145 162 162 051 073 012 040 040 040 040
0007260 040 040 145 154 163 145 040 162 145 163 157 154 166 145 050 142
0007300 151 156 141 162 171 040 077 040 144 141 164 141 056 142 165 146
0007320 146 145 162 040 072 040 144 141 164 141 051 073 012 040 040 040
0007340 040 175 051 073 012 040 040 175 051 073 012 175 073 012 057 057
0007360 040 145 156 144 040 151 156 143 154 165 144 145 072 040 156 157
0007400 144 145 137 163 150 145 154 154 137 162 145 141 144 056 152 163
0007420 012 040 040 151 146 040 050 041 115 157 144 165 154 145 133 047
0007440 164 150 151 163 120 162 157 147 162 141 155 047 135 040 046 046
0007460 040 160 162 157 143 145 163 163 056 141 162 147 166 056 154 145
0007500 156 147 164 150 040 076 040 061 051 040 173 012 040 040 040 040
0007520 164 150 151 163 120 162 157 147 162 141 155 040 075 040 160 162
0007540 157 143 145 163 163 056 141 162 147 166 133 061 135 056 162 145
0007560 160 154 141 143 145 050 057 134 134 057 147 054 040 047 057 047
0007600 051 073 012 040 040 175 012 012 040 040 141 162 147 165 155 145
0007620 156 164 163 137 040 075 040 160 162 157 143 145 163 163 056 141
0007640 162 147 166 056 163 154 151 143 145 050 062 051 073 012 012 040
0007660 040 151 146 040 050 164 171 160 145 157 146 040 155 157 144 165
0007700 154 145 040 041 075 040 047 165 156 144 145 146 151 156 145 144
0007720 047 051 040 173 012 040 040 040 040 155 157 144 165 154 145 133
0007740 047 145 170 160 157 162 164 163 047 135 040 075 040 115 157 144
0007760 165 154 145 073 012 040 040 175 012 012 040 040 161 165 151 164
0010000 137 040 075 040 050 163 164 141 164 165 163 054 040 164 157 124
0010020 150 162 157 167 051 040 075 076 040 173 012 040 040 040 040 160
0010040 162 157 143 145 163 163 056 145 170 151 164 103 157 144 145 040
0010060 075 040 163 164 141 164 165 163 073 012 040 040 040 040 164 150
0010100 162 157 167 040 164 157 124 150 162 157 167 073 012 040 040 175
0010120 073 012 012 175 040 145 154 163 145 012 012 057 057 040 116 157
0010140 164 145 040 164 150 141 164 040 164 150 151 163 040 151 156 143
0010160 154 165 144 145 163 040 116 157 144 145 056 152 163 040 167 157
0010200 162 153 145 162 163 040 167 150 145 156 040 162 145 154 145 166
0010220 141 156 164 040 050 160 164 150 162 145 141 144 163 040 151 163
0010240 040 145 156 141 142 154 145 144 051 056 012 057 057 040 116 157
0010260 144 145 056 152 163 040 167 157 162 153 145 162 163 040 141 162
0010300 145 040 144 145 164 145 143 164 145 144 040 141 163 040 141 040
0010320 143 157 155 142 151 156 141 164 151 157 156 040 157 146 040 105
0010340 116 126 111 122 117 116 115 105 116 124 137 111 123 137 127 117
0010360 122 113 105 122 040 141 156 144 012 057 057 040 105 116 126 111
0010400 122 117 116 115 105 116 124 137 111 123 137 116 117 104 105 056
0010420 012 151 146 040 050 105 116 126 111 122 117 116 115 105 116 124
0010440 137 111 123 137 127 105 102 040 174 174 040 105 116 126 111 122
0010460 117 116 115 105 116 124 137 111 123 137 127 117 122 113 105 122
0010500 051 040 173 012 040 040 151 146 040 050 105 116 126 111 122 117
0010520 116 115 105 116 124 137 111 123 137 127 117 122 113 105 122 051
0010540 040 173 040 057 057 040 103 150 145 143 153 040 167 157 162 153
0010560 145 162 054 040 156 157 164 040 167 145 142 054 040 163 151 156
0010600 143 145 040 167 151 156 144 157 167 040 143 157 165 154 144 040
0010620 142 145 040 160 157 154 171 146 151 154 154 145 144 012 040 040
0010640 040 040 163 143 162 151 160 164 104 151 162 145 143 164 157 162
0010660 171 040 075 040 163 145 154 146 056 154 157 143 141 164 151 157
0010700 156 056 150 162 145 146 073 012 040 040 175 040 145 154 163 145
0010720 040 151 146 040 050 164 171 160 145 157 146 040 144 157 143 165
0010740 155 145 156 164 040 041 075 040 047 165 156 144 145 146 151 156
0010760 145 144 047 040 046 046 040 144 157 143 165 155 145 156 164 056
0011000 143 165 162 162 145 156 164 123 143 162 151 160 164 051 040 173
0011020 040 057 057 040 167 145 142 012 040 040 040 040 163 143 162 151
0011040 160 164 104 151 162 145 143 164 157 162 171 040 075 040 144 157
0011060 143 165 155 145 156 164 056 143 165 162 162 145 156 164 123 143
0011100 162 151 160 164 056 163 162 143 073 012 040 040 175 012 040 040
0011120 057 057 040 142 154 157 142 040 165 162 154 163 040 154 157 157
0011140 153 040 154 151 153 145 040 142 154 157 142 072 150 164 164 160
0011160 072 057 057 163 151 164 145 056 143 157 155 057 145 164 143 057
0011200 145 164 143 040 141 156 144 040 167 145 040 143 141 156 156 157
0011220 164 040 151 156 146 145 162 040 141 156 171 164 150 151 156 147
0011240 040 146 162 157 155 040 164 150 145 155 056 012 040 040 057 057
0011260 040 157 164 150 145 162 167 151 163 145 054 040 163 154 151 143
0011300 145 040 157 146 146 040 164 150 145 040 146 151 156 141 154 040
0011320 160 141 162 164 040 157 146 040 164 150 145 040 165 162 154 040
0011340 164 157 040 146 151 156 144 040 164 150 145 040 163 143 162 151
0011360 160 164 040 144 151 162 145 143 164 157 162 171 056 012 040 040
0011400 057 057 040 151 146 040 163 143 162 151 160 164 104 151 162 145
0011420 143 164 157 162 171 040 144 157 145 163 040 156 157 164 040 143
0011440 157 156 164 141 151 156 040 141 040 163 154 141 163 150 054 040
0011460 154 141 163 164 111 156 144 145 170 117 146 040 167 151 154 154
0011500 040 162 145 164 165 162 156 040 055 061 054 012 040 040 057 057
0011520 040 141 156 144 040 163 143 162 151 160 164 104 151 162 145 143
0011540 164 157 162 171 040 167 151 154 154 040 143 157 162 162 145 143
0011560 164 154 171 040 142 145 040 162 145 160 154 141 143 145 144 040
0011600 167 151 164 150 040 141 156 040 145 155 160 164 171 040 163 164
0011620 162 151 156 147 056 012 040 040 057 057 040 111 146 040 163 143
0011640 162 151 160 164 104 151 162 145 143 164 157 162 171 040 143 157
0011660 156 164 141 151 156 163 040 141 040 161 165 145 162 171 040 050
0011700 163 164 141 162 164 151 156 147 040 167 151 164 150 040 077 051
0011720 040 157 162 040 141 040 146 162 141 147 155 145 156 164 040 050
0011740 163 164 141 162 164 151 156 147 040 167 151 164 150 040 043 051
0011760 054 012 040 040 057 057 040 164 150 145 171 040 141 162 145 040
0012000 162 145 155 157 166 145 144 040 142 145 143 141 165 163 145 040
0012020 164 150 145 171 040 143 157 165 154 144 040 143 157 156 164 141
0012040 151 156 040 141 040 163 154 141 163 150 056 012 040 040 151 146
0012060 040 050 163 143 162 151 160 164 104 151 162 145 143 164 157 162
0012100 171 056 163 164 141 162 164 163 127 151 164 150 050 047 142 154
0012120 157 142 072 047 051 051 040 173 012 040 040 040 040 163 143 162
0012140 151 160 164 104 151 162 145 143 164 157 162 171 040 075 040 047
0012160 047 073 012 040 040 175 040 145 154 163 145 040 173 012 040 040
0012200 040 040 163 143 162 151 160 164 104 151 162 145 143 164 157 162
0012220 171 040 075 040 163 143 162 151 160 164 104 151 162 145 143 164
0012240 157 162 171 056 163 165 142 163 164 162 050 060 054 040 163 143
0012260 162 151 160 164 104 151 162 145 143 164 157 162 171 056 162 145
0012300 160 154 141 143 145 050 057 133 077 043 135 056 052 057 054 040
0012320 047 047 051 056 154 141 163 164 111 156 144 145 170 117 146 050
0012340 047 057 047 051 053 061 051 073 012 040 040 175 012 012 040 040
0012360 173 012 057 057 040 151 156 143 154 165 144 145 072 040 167 145
0012400 142 137 157 162 137 167 157 162 153 145 162 137 163 150 145 154
0012420 154 137 162 145 141 144 056 152 163 012 151 146 040 050 105 116
0012440 126 111 122 117 116 115 105 116 124 137 111 123 137 127 117 122
0012460 113 105 122 051 040 173 012 040 040 040 040 162 145 141 144 102
0012500 151 156 141 162 171 040 075 040 050 165 162 154 051 040 075 076
0012520 040 173 012 040 040 040 040 040 040 166 141 162 040 170 150 162
0012540 040 075 040 156 145 167 040 130 115 114 110 164 164 160 122 145
0012560 161 165 145 163 164 050 051 073 012 040 040 040 040 040 040 170
0012600 150 162 056 157 160 145 156 050 047 107 105 124 047 054 040 165
0012620 162 154 054 040 146 141 154 163 145 051 073 012 040 040 040 040
0012640 040 040 170 150 162 056 162 145 163 160 157 156 163 145 124 171
0012660 160 145 040 075 040 047 141 162 162 141 171 142 165 146 146 145
0012700 162 047 073 012 040 040 040 040 040 040 170 150 162 056 163 145
0012720 156 144 050 156 165 154 154 051 073 012 040 040 040 040 040 040
0012740 162 145 164 165 162 156 040 156 145 167 040 125 151 156 164 070
0012760 101 162 162 141 171 050 057 052 052 040 100 164 171 160 145 173
0013000 041 101 162 162 141 171 102 165 146 146 145 162 175 040 052 057
0013020 050 170 150 162 056 162 145 163 160 157 156 163 145 051 051 073
0013040 012 040 040 040 040 175 073 012 040 040 175 012 012 040 040 162
0013060 145 141 144 101 163 171 156 143 040 075 040 050 165 162 154 051
0013100 040 075 076 040 173 012 040 040 040 040 057 057 040 106 145 164
0013120 143 150 040 150 141 163 040 163 157 155 145 040 141 144 144 151
0013140 164 151 157 156 141 154 040 162 145 163 164 162 151 143 164 151
0013160 157 156 163 040 157 166 145 162 040 130 110 122 054 040 154 151
0013200 153 145 040 151 164 040 143 141 156 047 164 040 142 145 040 165
0013220 163 145 144 040 157 156 040 141 040 146 151 154 145 072 057 057
0013240 040 165 162 154 056 012 040 040 040 040 057 057 040 123 145 145
0013260 040 150 164 164 160 163 072 057 057 147 151 164 150 165 142 056
0013300 143 157 155 057 147 151 164 150 165 142 057 146 145 164 143 150
0013320 057 160 165 154 154 057 071 062 043 151 163 163 165 145 143 157
0013340 155 155 145 156 164 055 061 064 060 066 066 065 071 063 062 012
0013360 040 040 040 040 057 057 040 103 157 162 144 157 166 141 040 157
0013400 162 040 105 154 145 143 164 162 157 156 040 141 160 160 163 040
0013420 141 162 145 040 164 171 160 151 143 141 154 154 171 040 154 157
0013440 141 144 145 144 040 146 162 157 155 040 141 040 146 151 154 145
0013460 072 057 057 040 165 162 154 056 012 040 040 040 040 057 057 040
0013500 123 157 040 165 163 145 040 130 110 122 040 157 156 040 167 145
0013520 142 166 151 145 167 040 151 146 040 125 122 114 040 151 163 040
0013540 141 040 146 151 154 145 040 125 122 114 056 012 040 040 040 040
0013560 151 146 040 050 151 163 106 151 154 145 125 122 111 050 165 162
0013600 154 051 051 040 173 012 040 040 040 040 040 040 162 145 164 165
0013620 162 156 040 156 145 167 040 120 162 157 155 151 163 145 050 050
0013640 162 145 163 157 154 166 145 054 040 162 145 152 145 143 164 051
0013660 040 075 076 040 173 012 040 040 040 040 040 040 040 040 166 141
0013700 162 040 170 150 162 040 075 040 156 145 167 040 130 115 114 110
0013720 164 164 160 122 145 161 165 145 163 164 050 051 073 012 040 040
0013740 040 040 040 040 040 040 170 150 162 056 157 160 145 156 050 047
0013760 107 105 124 047 054 040 165 162 154 054 040 164 162 165 145 051
0014000 073 012 040 040 040 040 040 040 040 040 170 150 162 056 162 145
0014020 163 160 157 156 163 145 124 171 160 145 040 075 040 047 141 162
0014040 162 141 171 142 165 146 146 145 162 047 073 012 040 040 040 040
0014060 040 040 040 040 170 150 162 056 157 156 154 157 141 144 040 075
0014100 040 050 051 040 075 076 040 173 012 040 040 040 040 040 040 040
0014120 040 040 040 151 146 040 050 170 150 162 056 163 164 141 164 165
0014140 163 040 075 075 040 062 060 060 040 174 174 040 050 170 150 162
0014160 056 163 164 141 164 165 163 040 075 075 040 060 040 046 046 040
0014200 170 150 162 056 162 145 163 160 157 156 163 145 051 051 040 173
0014220 040 057 057 040 146 151 154 145 040 125 122 114 163 040 143 141
0014240 156 040 162 145 164 165 162 156 040 060 012 040 040 040 040 040
0014260 040 040 040 040 040 040 040 162 145 163 157 154 166 145 050 170
0014300 150 162 056 162 145 163 160 157 156 163 145 051 073 012 040 040
0014320 040 040 040 040 040 040 040 040 040 040 162 145 164 165 162 156
0014340 073 012 040 040 040 040 040 040 040 040 040 040 175 012 040 040
0014360 040 040 040 040 040 040 040 040 162 145 152 145 143 164 050 170
0014400 150 162 056 163 164 141 164 165 163 051 073 012 040 040 040 040
0014420 040 040 040 040 175 073 012 040 040 040 040 040 040 040 040 170
0014440 150 162 056 157 156 145 162 162 157 162 040 075 040 162 145 152
0014460 145 143 164 073 012 040 040 040 040 040 040 040 040 170 150 162
0014500 056 163 145 156 144 050 156 165 154 154 051 073 012 040 040 040
0014520 040 040 040 175 051 073 012 040 040 040 040 175 012 040 040 040
0014540 040 162 145 164 165 162 156 040 146 145 164 143 150 050 165 162
0014560 154 054 040 173 040 143 162 145 144 145 156 164 151 141 154 163
0014600 072 040 047 163 141 155 145 055 157 162 151 147 151 156 047 040
0014620 175 051 012 040 040 040 040 040 040 056 164 150 145 156 050 050
0014640 162 145 163 160 157 156 163 145 051 040 075 076 040 173 012 040
0014660 040 040 040 040 040 040 040 151 146 040 050 162 145 163 160 157
0014700 156 163 145 056 157 153 051 040 173 012 040 040 040 040 040 040
0014720 040 040 040 040 162 145 164 165 162 156 040 162 145 163 160 157
0014740 156 163 145 056 141 162 162 141 171 102 165 146 146 145 162 050
0014760 051 073 012 040 040 040 040 040 040 040 040 175 012 040 040 040
0015000 040 040 040 040 040 162 145 164 165 162 156 040 120 162 157 155
0015020 151 163 145 056 162 145 152 145 143 164 050 156 145 167 040 105
0015040 162 162 157 162 050 162 145 163 160 157 156 163 145 056 163 164
0015060 141 164 165 163 040 053 040 047 040 072 040 047 040 053 040 162
0015100 145 163 160 157 156 163 145 056 165 162 154 051 051 073 012 040
0015120 040 040 040 040 040 175 051 012 040 040 175 073 012 057 057 040
0015140 145 156 144 040 151 156 143 154 165 144 145 072 040 167 145 142
0015160 137 157 162 137 167 157 162 153 145 162 137 163 150 145 154 154
0015200 137 162 145 141 144 056 152 163 012 040 040 175 012 175 040 145
0015220 154 163 145 012 173 012 175 012 012 166 141 162 040 157 165 164
0015240 040 075 040 115 157 144 165 154 145 133 047 160 162 151 156 164
0015260 047 135 040 174 174 040 143 157 156 163 157 154 145 056 154 157
0015300 147 056 142 151 156 144 050 143 157 156 163 157 154 145 051 073
0015320 012 166 141 162 040 145 162 162 040 075 040 115 157 144 165 154
0015340 145 133 047 160 162 151 156 164 105 162 162 047 135 040 174 174
0015360 040 143 157 156 163 157 154 145 056 145 162 162 157 162 056 142
0015400 151 156 144 050 143 157 156 163 157 154 145 051 073 012 012 057
0015420 057 040 115 145 162 147 145 040 142 141 143 153 040 151 156 040
0015440 164 150 145 040 157 166 145 162 162 151 144 145 163 012 117 142
0015460 152 145 143 164 056 141 163 163 151 147 156 050 115 157 144 165
0015500 154 145 054 040 155 157 144 165 154 145 117 166 145 162 162 151
0015520 144 145 163 051 073 012 057 057 040 106 162 145 145 040 164 150
0015540 145 040 157 142 152 145 143 164 040 150 151 145 162 141 162 143
0015560 150 171 040 143 157 156 164 141 151 156 145 144 040 151 156 040
0015600 164 150 145 040 157 166 145 162 162 151 144 145 163 054 040 164
0015620 150 151 163 040 154 145 164 163 040 164 150 145 040 107 103 012
0015640 057 057 040 162 145 143 154 141 151 155 040 144 141 164 141 040
0015660 165 163 145 144 056 012 155 157 144 165 154 145 117 166 145 162
0015700 162 151 144 145 163 040 075 040 156 165 154 154 073 012 012 057
0015720 057 040 105 155 151 164 040 143 157 144 145 040 164 157 040 150
0015740 141 156 144 154 145 040 145 170 160 145 143 164 145 144 040 166
0015760 141 154 165 145 163 040 157 156 040 164 150 145 040 115 157 144
0016000 165 154 145 040 157 142 152 145 143 164 056 040 124 150 151 163
0016020 040 141 160 160 154 151 145 163 040 115 157 144 165 154 145 056
0016040 170 012 057 057 040 164 157 040 164 150 145 040 160 162 157 160
0016060 145 162 040 154 157 143 141 154 040 170 056 040 124 150 151 163
0016100 040 150 141 163 040 164 167 157 040 142 145 156 145 146 151 164
0016120 163 072 040 146 151 162 163 164 054 040 167 145 040 157 156 154
0016140 171 040 145 155 151 164 040 151 164 040 151 146 040 151 164 040
0016160 151 163 012 057 057 040 145 170 160 145 143 164 145 144 040 164
0016200 157 040 141 162 162 151 166 145 054 040 141 156 144 040 163 145
0016220 143 157 156 144 054 040 142 171 040 165 163 151 156 147 040 141
0016240 040 154 157 143 141 154 040 145 166 145 162 171 167 150 145 162
0016260 145 040 145 154 163 145 040 164 150 141 164 040 143 141 156 040
0016300 142 145 012 057 057 040 155 151 156 151 146 151 145 144 056 012
0016320 012 151 146 040 050 115 157 144 165 154 145 133 047 141 162 147
0016340 165 155 145 156 164 163 047 135 051 040 141 162 147 165 155 145
0016360 156 164 163 137 040 075 040 115 157 144 165 154 145 133 047 141
0016400 162 147 165 155 145 156 164 163 047 135 073 012 012 151 146 040
0016420 050 115 157 144 165 154 145 133 047 164 150 151 163 120 162 157
0016440 147 162 141 155 047 135 051 040 164 150 151 163 120 162 157 147
0016460 162 141 155 040 075 040 115 157 144 165 154 145 133 047 164 150
0016500 151 163 120 162 157 147 162 141 155 047 135 073 012 012 057 057
0016520 040 160 145 162 146 157 162 155 040 141 163 163 145 162 164 151
0016540 157 156 163 040 151 156 040 163 150 145 154 154 056 152 163 040
0016560 141 146 164 145 162 040 167 145 040 163 145 164 040 165 160 040
0016600 157 165 164 050 051 040 141 156 144 040 145 162 162 050 051 054
0016620 040 141 163 040 157 164 150 145 162 167 151 163 145 040 151 146
0016640 040 141 156 040 141 163 163 145 162 164 151 157 156 040 146 141
0016660 151 154 163 040 151 164 040 143 141 156 156 157 164 040 160 162
0016700 151 156 164 040 164 150 145 040 155 145 163 163 141 147 145 012
0016720 057 057 040 145 156 144 040 151 156 143 154 165 144 145 072 040
0016740 163 150 145 154 154 056 152 163 012 012 057 057 040 151 156 143
0016760 154 165 144 145 072 040 160 162 145 141 155 142 154 145 056 152
0017000 163 012 057 057 040 075 075 075 040 120 162 145 141 155 142 154
0017020 145 040 154 151 142 162 141 162 171 040 163 164 165 146 146 040
0017040 075 075 075 012 012 057 057 040 104 157 143 165 155 145 156 164
0017060 141 164 151 157 156 040 146 157 162 040 164 150 145 040 160 165
0017100 142 154 151 143 040 101 120 111 163 040 144 145 146 151 156 145
0017120 144 040 151 156 040 164 150 151 163 040 146 151 154 145 040 155
0017140 165 163 164 040 142 145 040 165 160 144 141 164 145 144 040 151
0017160 156 072 012 057 057 040 040 040 040 163 151 164 145 057 163 157
0017200 165 162 143 145 057 144 157 143 163 057 141 160 151 137 162 145
0017220 146 145 162 145 156 143 145 057 160 162 145 141 155 142 154 145
0017240 056 152 163 056 162 163 164 012 057 057 040 101 040 160 162 145
0017260 142 165 151 154 164 040 154 157 143 141 154 040 166 145 162 163
0017300 151 157 156 040 157 146 040 164 150 145 040 144 157 143 165 155
0017320 145 156 164 141 164 151 157 156 040 151 163 040 141 166 141 151
0017340 154 141 142 154 145 040 141 164 072 012 057 057 040 040 040 040
0017360 163 151 164 145 057 142 165 151 154 144 057 164 145 170 164 057
0017400 144 157 143 163 057 141 160 151 137 162 145 146 145 162 145 156
0017420 143 145 057 160 162 145 141 155 142 154 145 056 152 163 056 164
0017440 170 164 012 057 057 040 131 157 165 040 143 141 156 040 141 154
0017460 163 157 040 142 165 151 154 144 040 144 157 143 163 040 154 157
0017500 143 141 154 154 171 040 141 163 040 110 124 115 114 040 157 162
0017520 040 157 164 150 145 162 040 146 157 162 155 141 164 163 040 151
0017540 156 040 163 151 164 145 057 012 057 057 040 101 156 040 157 156
0017560 154 151 156 145 040 110 124 115 114 040 166 145 162 163 151 157
0017600 156 040 050 167 150 151 143 150 040 155 141 171 040 142 145 040
0017620 157 146 040 141 040 144 151 146 146 145 162 145 156 164 040 166
0017640 145 162 163 151 157 156 040 157 146 040 105 155 163 143 162 151
0017660 160 164 145 156 051 012 057 057 040 040 040 040 151 163 040 165
0017700 160 040 141 164 040 150 164 164 160 072 057 057 153 162 151 160
0017720 153 145 156 056 147 151 164 150 165 142 056 151 157 057 145 155
0017740 163 143 162 151 160 164 145 156 055 163 151 164 145 057 144 157
0017760 143 163 057 141 160 151 137 162 145 146 145 162 145 156 143 145
0020000 057 160 162 145 141 155 142 154 145 056 152 163 056 150 164 155
0020020 154 012 012 166 141 162 040 167 141 163 155 102 151 156 141 162
0020040 171 040 075 040 115 157 144 165 154 145 133 047 167 141 163 155
0020060 102 151 156 141 162 171 047 135 073 012 012 057 057 040 127 141
0020100 163 155 040 147 154 157 142 141 154 163 012 012 166 141 162 040
0020120 167 141 163 155 115 145 155 157 162 171 073 012 012 057 057 075
0020140 075 075 075 075 075 075 075 075 075 075 075 075 075 075 075 075
*
0020200 075 075 075 075 075 075 075 012 057 057 040 122 165 156 164 151
0020220 155 145 040 145 163 163 145 156 164 151 141 154 163 012 057 057
0020240 075 075 075 075 075 075 075 075 075 075 075 075 075 075 075 075
*
0020300 075 075 075 075 075 075 075 075 012 012 057 057 040 167 150 145
0020320 164 150 145 162 040 167 145 040 141 162 145 040 161 165 151 164
0020340 164 151 156 147 040 164 150 145 040 141 160 160 154 151 143 141
0020360 164 151 157 156 056 040 156 157 040 143 157 144 145 040 163 150
0020400 157 165 154 144 040 162 165 156 040 141 146 164 145 162 040 164
0020420 150 151 163 056 012 057 057 040 163 145 164 040 151 156 040 145
0020440 170 151 164 050 051 040 141 156 144 040 141 142 157 162 164 050
0020460 051 012 166 141 162 040 101 102 117 122 124 040 075 040 146 141
0020500 154 163 145 073 012 012 057 057 040 163 145 164 040 142 171 040
0020520 145 170 151 164 050 051 040 141 156 144 040 141 142 157 162 164
0020540 050 051 056 040 040 120 141 163 163 145 144 040 164 157 040 047
0020560 157 156 105 170 151 164 047 040 150 141 156 144 154 145 162 056
0020600 012 057 057 040 116 117 124 105 072 040 124 150 151 163 040 151
0020620 163 040 141 154 163 157 040 165 163 145 144 040 141 163 040 164
0020640 150 145 040 160 162 157 143 145 163 163 040 162 145 164 165 162
0020660 156 040 143 157 144 145 040 143 157 144 145 040 151 156 040 163
0020700 150 145 154 154 040 145 156 166 151 162 157 156 155 145 156 164
0020720 163 012 057 057 040 142 165 164 040 157 156 154 171 040 167 150
0020740 145 156 040 156 157 105 170 151 164 122 165 156 164 151 155 145
0020760 040 151 163 040 146 141 154 163 145 056 012 166 141 162 040 105
0021000 130 111 124 123 124 101 124 125 123 073 012 012 057 057 040 111
0021020 156 040 123 124 122 111 103 124 040 155 157 144 145 054 040 167
0021040 145 040 157 156 154 171 040 144 145 146 151 156 145 040 141 163
0021060 163 145 162 164 050 051 040 167 150 145 156 040 101 123 123 105
0021100 122 124 111 117 116 123 040 151 163 040 163 145 164 056 040 040
0021120 151 056 145 056 040 167 145 012 057 057 040 144 157 156 047 164
0021140 040 144 145 146 151 156 145 040 151 164 040 141 164 040 141 154
0021160 154 040 151 156 040 162 145 154 145 141 163 145 040 155 157 144
0021200 145 163 056 040 040 124 150 151 163 040 155 141 164 143 150 145
0021220 163 040 164 150 145 040 142 145 150 141 166 151 157 165 162 040
0021240 157 146 012 057 057 040 115 111 116 111 115 101 114 137 122 125
0021260 116 124 111 115 105 056 012 057 057 040 124 117 104 117 050 163
0021300 142 143 051 072 040 115 141 153 145 040 164 150 151 163 040 164
0021320 150 145 040 144 145 146 141 165 154 164 040 145 166 145 156 040
0021340 167 151 164 150 157 165 164 040 123 124 122 111 103 124 040 145
0021360 156 141 142 154 145 144 056 012 057 052 052 040 100 164 171 160
0021400 145 040 173 146 165 156 143 164 151 157 156 050 052 054 040 163
0021420 164 162 151 156 147 075 051 175 040 052 057 012 146 165 156 143
0021440 164 151 157 156 040 141 163 163 145 162 164 050 143 157 156 144
0021460 151 164 151 157 156 054 040 164 145 170 164 051 040 173 012 040
0021500 040 151 146 040 050 041 143 157 156 144 151 164 151 157 156 051
0021520 040 173 012 040 040 040 040 057 057 040 124 150 151 163 040 142
0021540 165 151 154 144 040 167 141 163 040 143 162 145 141 164 145 144
0021560 040 167 151 164 150 157 165 164 040 101 123 123 105 122 124 111
0021600 117 116 123 040 144 145 146 151 156 145 144 056 040 040 140 141
0021620 163 163 145 162 164 050 051 140 040 163 150 157 165 154 144 040
0021640 156 157 164 012 040 040 040 040 057 057 040 145 166 145 162 040
0021660 142 145 040 143 141 154 154 145 144 040 151 156 040 164 150 151
0021700 163 040 143 157 156 146 151 147 165 162 141 164 151 157 156 040
0021720 142 165 164 040 151 156 040 143 141 163 145 040 164 150 145 162
0021740 145 040 141 162 145 040 143 141 154 154 145 162 163 040 151 156
0021760 012 040 040 040 040 057 057 040 164 150 145 040 167 151 154 144
0022000 040 154 145 141 166 145 040 164 150 151 163 040 163 151 155 160
0022020 154 145 040 141 142 157 162 164 050 051 040 151 155 160 154 145
0022040 155 145 156 164 141 164 151 157 156 040 150 145 162 145 040 146
0022060 157 162 040 156 157 167 056 012 040 040 040 040 141 142 157 162
0022100 164 050 164 145 170 164 051 073 012 040 040 175 012 175 012 012
0022120 057 057 040 115 145 155 157 162 171 040 155 141 156 141 147 145
0022140 155 145 156 164 012 012 166 141 162 040 110 105 101 120 054 012
0022160 057 052 052 040 100 164 171 160 145 040 173 041 111 156 164 070
0022200 101 162 162 141 171 175 040 052 057 012 040 040 110 105 101 120
0022220 070 054 012 057 052 052 040 100 164 171 160 145 040 173 041 125
0022240 151 156 164 070 101 162 162 141 171 175 040 052 057 012 040 040
0022260 110 105 101 120 125 070 054 012 057 052 052 040 100 164 171 160
0022300 145 040 173 041 111 156 164 061 066 101 162 162 141 171 175 040
0022320 052 057 012 040 040 110 105 101 120 061 066 054 012 057 052 052
0022340 040 100 164 171 160 145 040 173 041 125 151 156 164 061 066 101
0022360 162 162 141 171 175 040 052 057 012 040 040 110 105 101 120 125
0022400 061 066 054 012 057 052 052 040 100 164 171 160 145 040 173 041
0022420 111 156 164 063 062 101 162 162 141 171 175 040 052 057 012 040
0022440 040 110 105 101 120 063 062 054 012 057 052 052 040 100 164 171
0022460 160 145 040 173 041 125 151 156 164 063 062 101 162 162 141 171
0022500 175 040 052 057 012 040 040 110 105 101 120 125 063 062 054 012
0022520 057 052 052 040 100 164 171 160 145 040 173 041 106 154 157 141
0022540 164 063 062 101 162 162 141 171 175 040 052 057 012 040 040 110
0022560 105 101 120 106 063 062 054 012 057 052 052 040 100 164 171 160
0022600 145 040 173 041 106 154 157 141 164 066 064 101 162 162 141 171
0022620 175 040 052 057 012 040 040 110 105 101 120 106 066 064 073 012
0022640 012 057 057 040 151 156 143 154 165 144 145 072 040 162 165 156
0022660 164 151 155 145 137 163 150 141 162 145 144 056 152 163 012 146
0022700 165 156 143 164 151 157 156 040 165 160 144 141 164 145 115 145
0022720 155 157 162 171 126 151 145 167 163 050 051 040 173 012 040 040
0022740 166 141 162 040 142 040 075 040 167 141 163 155 115 145 155 157
0022760 162 171 056 142 165 146 146 145 162 073 012 040 040 115 157 144
0023000 165 154 145 133 047 110 105 101 120 070 047 135 040 075 040 110
0023020 105 101 120 070 040 075 040 156 145 167 040 111 156 164 070 101
0023040 162 162 141 171 050 142 051 073 012 040 040 115 157 144 165 154
0023060 145 133 047 110 105 101 120 061 066 047 135 040 075 040 110 105
0023100 101 120 061 066 040 075 040 156 145 167 040 111 156 164 061 066
0023120 101 162 162 141 171 050 142 051 073 012 040 040 115 157 144 165
0023140 154 145 133 047 110 105 101 120 125 070 047 135 040 075 040 110
0023160 105 101 120 125 070 040 075 040 156 145 167 040 125 151 156 164
0023200 070 101 162 162 141 171 050 142 051 073 012 040 040 115 157 144
0023220 165 154 145 133 047 110 105 101 120 125 061 066 047 135 040 075
0023240 040 110 105 101 120 125 061 066 040 075 040 156 145 167 040 125
0023260 151 156 164 061 066 101 162 162 141 171 050 142 051 073 012 040
0023300 040 115 157 144 165 154 145 133 047 110 105 101 120 063 062 047
0023320 135 040 075 040 110 105 101 120 063 062 040 075 040 156 145 167
0023340 040 111 156 164 063 062 101 162 162 141 171 050 142 051 073 012
0023360 040 040 115 157 144 165 154 145 133 047 110 105 101 120 125 063
0023400 062 047 135 040 075 040 110 105 101 120 125 063 062 040 075 040
0023420 156 145 167 040 125 151 156 164 063 062 101 162 162 141 171 050
0023440 142 051 073 012 040 040 115 157 144 165 154 145 133 047 110 105
0023460 101 120 106 063 062 047 135 040 075 040 110 105 101 120 106 063
0023500 062 040 075 040 156 145 167 040 106 154 157 141 164 063 062 101
0023520 162 162 141 171 050 142 051 073 012 040 040 115 157 144 165 154
0023540 145 133 047 110 105 101 120 106 066 064 047 135 040 075 040 110
0023560 105 101 120 106 066 064 040 075 040 156 145 167 040 106 154 157
0023600 141 164 066 064 101 162 162 141 171 050 142 051 073 012 175 012
0023620 057 057 040 145 156 144 040 151 156 143 154 165 144 145 072 040
0023640 162 165 156 164 151 155 145 137 163 150 141 162 145 144 056 152
0023660 163 012 057 057 040 151 156 143 154 165 144 145 072 040 162 165
0023700 156 164 151 155 145 137 163 164 141 143 153 137 143 150 145 143
0023720 153 056 152 163 012 057 057 040 145 156 144 040 151 156 143 154
0023740 165 144 145 072 040 162 165 156 164 151 155 145 137 163 164 141
0023760 143 153 137 143 150 145 143 153 056 152 163 012 166 141 162 040
0024000 137 137 101 124 120 122 105 122 125 116 137 137 040 040 075 040
0024020 133 135 073 040 057 057 040 146 165 156 143 164 151 157 156 163
0024040 040 143 141 154 154 145 144 040 142 145 146 157 162 145 040 164
0024060 150 145 040 162 165 156 164 151 155 145 040 151 163 040 151 156
0024100 151 164 151 141 154 151 172 145 144 012 166 141 162 040 137 137
0024120 101 124 111 116 111 124 137 137 040 040 040 040 075 040 133 135
0024140 073 040 057 057 040 146 165 156 143 164 151 157 156 163 040 143
0024160 141 154 154 145 144 040 144 165 162 151 156 147 040 163 164 141
0024200 162 164 165 160 012 166 141 162 040 137 137 101 124 115 101 111
0024220 116 137 137 040 040 040 040 075 040 133 135 073 040 057 057 040
0024240 146 165 156 143 164 151 157 156 163 040 143 141 154 154 145 144
0024260 040 167 150 145 156 040 155 141 151 156 050 051 040 151 163 040
0024300 164 157 040 142 145 040 162 165 156 012 166 141 162 040 137 137
0024320 101 124 105 130 111 124 137 137 040 040 040 040 075 040 133 135
0024340 073 040 057 057 040 146 165 156 143 164 151 157 156 163 040 143
0024360 141 154 154 145 144 040 144 165 162 151 156 147 040 163 150 165
0024400 164 144 157 167 156 012 166 141 162 040 137 137 101 124 120 117
0024420 123 124 122 125 116 137 137 040 075 040 133 135 073 040 057 057
0024440 040 146 165 156 143 164 151 157 156 163 040 143 141 154 154 145
0024460 144 040 141 146 164 145 162 040 164 150 145 040 155 141 151 156
0024500 050 051 040 151 163 040 143 141 154 154 145 144 012 012 166 141
0024520 162 040 162 165 156 164 151 155 145 111 156 151 164 151 141 154
0024540 151 172 145 144 040 075 040 146 141 154 163 145 073 012 012 166
0024560 141 162 040 162 165 156 164 151 155 145 105 170 151 164 145 144
0024600 040 075 040 146 141 154 163 145 073 012 012 146 165 156 143 164
0024620 151 157 156 040 160 162 145 122 165 156 050 051 040 173 012 040
0024640 040 151 146 040 050 115 157 144 165 154 145 133 047 160 162 145
0024660 122 165 156 047 135 051 040 173 012 040 040 040 040 151 146 040
0024700 050 164 171 160 145 157 146 040 115 157 144 165 154 145 133 047
0024720 160 162 145 122 165 156 047 135 040 075 075 040 047 146 165 156
0024740 143 164 151 157 156 047 051 040 115 157 144 165 154 145 133 047
0024760 160 162 145 122 165 156 047 135 040 075 040 133 115 157 144 165
0025000 154 145 133 047 160 162 145 122 165 156 047 135 135 073 012 040
0025020 040 040 040 167 150 151 154 145 040 050 115 157 144 165 154 145
0025040 133 047 160 162 145 122 165 156 047 135 056 154 145 156 147 164
0025060 150 051 040 173 012 040 040 040 040 040 040 141 144 144 117 156
0025100 120 162 145 122 165 156 050 115 157 144 165 154 145 133 047 160
0025120 162 145 122 165 156 047 135 056 163 150 151 146 164 050 051 051
0025140 073 012 040 040 040 040 175 012 040 040 175 012 040 040 143 141
0025160 154 154 122 165 156 164 151 155 145 103 141 154 154 142 141 143
0025200 153 163 050 137 137 101 124 120 122 105 122 125 116 137 137 051
0025220 073 012 175 012 012 146 165 156 143 164 151 157 156 040 151 156
0025240 151 164 122 165 156 164 151 155 145 050 051 040 173 012 040 040
0025260 162 165 156 164 151 155 145 111 156 151 164 151 141 154 151 172
0025300 145 144 040 075 040 164 162 165 145 073 012 012 040 040 012 040
0025320 040 143 141 154 154 122 165 156 164 151 155 145 103 141 154 154
0025340 142 141 143 153 163 050 137 137 101 124 111 116 111 124 137 137
0025360 051 073 012 175 012 012 146 165 156 143 164 151 157 156 040 160
0025400 162 145 115 141 151 156 050 051 040 173 012 040 040 012 040 040
0025420 143 141 154 154 122 165 156 164 151 155 145 103 141 154 154 142
0025440 141 143 153 163 050 137 137 101 124 115 101 111 116 137 137 051
0025460 073 012 175 012 012 146 165 156 143 164 151 157 156 040 145 170
0025500 151 164 122 165 156 164 151 155 145 050 051 040 173 012 040 040
0025520 137 137 137 146 165 156 143 163 137 157 156 137 145 170 151 164
0025540 050 051 073 040 057 057 040 116 141 164 151 166 145 040 141 164
0025560 145 170 151 164 050 051 040 146 165 156 143 164 151 157 156 163
0025600 012 040 040 143 141 154 154 122 165 156 164 151 155 145 103 141
0025620 154 154 142 141 143 153 163 050 137 137 101 124 105 130 111 124
0025640 137 137 051 073 012 040 040 146 154 165 163 150 137 116 117 137
0025660 106 111 114 105 123 131 123 124 105 115 050 051 012 040 040 162
0025700 165 156 164 151 155 145 105 170 151 164 145 144 040 075 040 164
0025720 162 165 145 073 012 175 012 012 146 165 156 143 164 151 157 156
0025740 040 160 157 163 164 122 165 156 050 051 040 173 012 012 040 040
0025760 151 146 040 050 115 157 144 165 154 145 133 047 160 157 163 164
0026000 122 165 156 047 135 051 040 173 012 040 040 040 040 151 146 040
0026020 050 164 171 160 145 157 146 040 115 157 144 165 154 145 133 047
0026040 160 157 163 164 122 165 156 047 135 040 075 075 040 047 146 165
0026060 156 143 164 151 157 156 047 051 040 115 157 144 165 154 145 133
0026100 047 160 157 163 164 122 165 156 047 135 040 075 040 133 115 157
0026120 144 165 154 145 133 047 160 157 163 164 122 165 156 047 135 135
0026140 073 012 040 040 040 040 167 150 151 154 145 040 050 115 157 144
0026160 165 154 145 133 047 160 157 163 164 122 165 156 047 135 056 154
0026200 145 156 147 164 150 051 040 173 012 040 040 040 040 040 040 141
0026220 144 144 117 156 120 157 163 164 122 165 156 050 115 157 144 165
0026240 154 145 133 047 160 157 163 164 122 165 156 047 135 056 163 150
0026260 151 146 164 050 051 051 073 012 040 040 040 040 175 012 040 040
0026300 175 012 012 040 040 143 141 154 154 122 165 156 164 151 155 145
0026320 103 141 154 154 142 141 143 153 163 050 137 137 101 124 120 117
0026340 123 124 122 125 116 137 137 051 073 012 175 012 012 146 165 156
0026360 143 164 151 157 156 040 141 144 144 117 156 120 162 145 122 165
0026400 156 050 143 142 051 040 173 012 040 040 137 137 101 124 120 122
0026420 105 122 125 116 137 137 056 165 156 163 150 151 146 164 050 143
0026440 142 051 073 012 175 012 012 146 165 156 143 164 151 157 156 040
0026460 141 144 144 117 156 111 156 151 164 050 143 142 051 040 173 012
0026500 040 040 137 137 101 124 111 116 111 124 137 137 056 165 156 163
0026520 150 151 146 164 050 143 142 051 073 012 175 012 012 146 165 156
0026540 143 164 151 157 156 040 141 144 144 117 156 120 162 145 115 141
0026560 151 156 050 143 142 051 040 173 012 040 040 137 137 101 124 115
0026600 101 111 116 137 137 056 165 156 163 150 151 146 164 050 143 142
0026620 051 073 012 175 012 012 146 165 156 143 164 151 157 156 040 141
0026640 144 144 117 156 105 170 151 164 050 143 142 051 040 173 012 040
0026660 040 137 137 101 124 105 130 111 124 137 137 056 165 156 163 150
0026700 151 146 164 050 143 142 051 073 012 175 012 012 146 165 156 143
0026720 164 151 157 156 040 141 144 144 117 156 120 157 163 164 122 165
0026740 156 050 143 142 051 040 173 012 040 040 137 137 101 124 120 117
0026760 123 124 122 125 116 137 137 056 165 156 163 150 151 146 164 050
0027000 143 142 051 073 012 175 012 012 057 057 040 151 156 143 154 165
0027020 144 145 072 040 162 165 156 164 151 155 145 137 155 141 164 150
0027040 056 152 163 012 057 057 040 150 164 164 160 163 072 057 057 144
0027060 145 166 145 154 157 160 145 162 056 155 157 172 151 154 154 141
0027100 056 157 162 147 057 145 156 055 125 123 057 144 157 143 163 057
0027120 127 145 142 057 112 141 166 141 123 143 162 151 160 164 057 122
0027140 145 146 145 162 145 156 143 145 057 107 154 157 142 141 154 137
0027160 117 142 152 145 143 164 163 057 115 141 164 150 057 151 155 165
0027200 154 012 012 057 057 040 150 164 164 160 163 072 057 057 144 145
0027220 166 145 154 157 160 145 162 056 155 157 172 151 154 154 141 056
0027240 157 162 147 057 145 156 055 125 123 057 144 157 143 163 057 127
0027260 145 142 057 112 141 166 141 123 143 162 151 160 164 057 122 145
0027300 146 145 162 145 156 143 145 057 107 154 157 142 141 154 137 117
0027320 142 152 145 143 164 163 057 115 141 164 150 057 146 162 157 165
0027340 156 144 012 012 057 057 040 150 164 164 160 163 072 057 057 144
0027360 145 166 145 154 157 160 145 162 056 155 157 172 151 154 154 141
0027400 056 157 162 147 057 145 156 055 125 123 057 144 157 143 163 057
0027420 127 145 142 057 112 141 166 141 123 143 162 151 160 164 057 122
0027440 145 146 145 162 145 156 143 145 057 107 154 157 142 141 154 137
0027460 117 142 152 145 143 164 163 057 115 141 164 150 057 143 154 172
0027500 063 062 012 012 057 057 040 150 164 164 160 163 072 057 057 144
0027520 145 166 145 154 157 160 145 162 056 155 157 172 151 154 154 141
0027540 056 157 162 147 057 145 156 055 125 123 057 144 157 143 163 057
0027560 127 145 142 057 112 141 166 141 123 143 162 151 160 164 057 122
0027600 145 146 145 162 145 156 143 145 057 107 154 157 142 141 154 137
0027620 117 142 152 145 143 164 163 057 115 141 164 150 057 164 162 165
0027640 156 143 012 012 057 057 040 145 156 144 040 151 156 143 154 165
0027660 144 145 072 040 162 165 156 164 151 155 145 137 155 141 164 150
0027700 056 152 163 012 057 057 040 101 040 143 157 165 156 164 145 162
0027720 040 157 146 040 144 145 160 145 156 144 145 156 143 151 145 163
0027740 040 146 157 162 040 143 141 154 154 151 156 147 040 162 165 156
0027760 050 051 056 040 111 146 040 167 145 040 156 145 145 144 040 164
0030000 157 012 057 057 040 144 157 040 141 163 171 156 143 150 162 157
0030020 156 157 165 163 040 167 157 162 153 040 142 145 146 157 162 145
0030040 040 162 165 156 156 151 156 147 054 040 151 156 143 162 145 155
0030060 145 156 164 040 164 150 151 163 040 141 156 144 012 057 057 040
0030100 144 145 143 162 145 155 145 156 164 040 151 164 056 040 111 156
0030120 143 162 145 155 145 156 164 151 156 147 040 155 165 163 164 040
0030140 150 141 160 160 145 156 040 151 156 040 141 040 160 154 141 143
0030160 145 040 154 151 153 145 012 057 057 040 115 157 144 165 154 145
0030200 056 160 162 145 122 165 156 040 050 165 163 145 144 040 142 171
0030220 040 145 155 143 143 040 164 157 040 141 144 144 040 146 151 154
0030240 145 040 160 162 145 154 157 141 144 151 156 147 051 056 012 057
0030260 057 040 116 157 164 145 040 164 150 141 164 040 171 157 165 040
0030300 143 141 156 040 141 144 144 040 144 145 160 145 156 144 145 156
0030320 143 151 145 163 040 151 156 040 160 162 145 122 165 156 054 040
0030340 145 166 145 156 040 164 150 157 165 147 150 012 057 057 040 151
0030360 164 040 150 141 160 160 145 156 163 040 162 151 147 150 164 040
0030400 142 145 146 157 162 145 040 162 165 156 040 055 040 162 165 156
0030420 040 167 151 154 154 040 142 145 040 160 157 163 164 160 157 156
0030440 145 144 040 165 156 164 151 154 012 057 057 040 164 150 145 040
0030460 144 145 160 145 156 144 145 156 143 151 145 163 040 141 162 145
0030500 040 155 145 164 056 012 166 141 162 040 162 165 156 104 145 160
0030520 145 156 144 145 156 143 151 145 163 040 075 040 060 073 012 166
0030540 141 162 040 162 165 156 104 145 160 145 156 144 145 156 143 171
0030560 127 141 164 143 150 145 162 040 075 040 156 165 154 154 073 012
0030600 166 141 162 040 144 145 160 145 156 144 145 156 143 151 145 163
0030620 106 165 154 146 151 154 154 145 144 040 075 040 156 165 154 154
0030640 073 040 057 057 040 157 166 145 162 162 151 144 144 145 156 040
0030660 164 157 040 164 141 153 145 040 144 151 146 146 145 162 145 156
0030700 164 040 141 143 164 151 157 156 163 040 167 150 145 156 040 141
0030720 154 154 040 162 165 156 040 144 145 160 145 156 144 145 156 143
0030740 151 145 163 040 141 162 145 040 146 165 154 146 151 154 154 145
0030760 144 012 012 146 165 156 143 164 151 157 156 040 147 145 164 125
0031000 156 151 161 165 145 122 165 156 104 145 160 145 156 144 145 156
0031020 143 171 050 151 144 051 040 173 012 040 040 162 145 164 165 162
0031040 156 040 151 144 073 012 175 012 012 146 165 156 143 164 151 157
0031060 156 040 141 144 144 122 165 156 104 145 160 145 156 144 145 156
0031100 143 171 050 151 144 051 040 173 012 040 040 162 165 156 104 145
0031120 160 145 156 144 145 156 143 151 145 163 053 053 073 012 012 040
0031140 040 115 157 144 165 154 145 133 047 155 157 156 151 164 157 162
0031160 122 165 156 104 145 160 145 156 144 145 156 143 151 145 163 047
0031200 135 077 056 050 162 165 156 104 145 160 145 156 144 145 156 143
0031220 151 145 163 051 073 012 012 175 012 012 146 165 156 143 164 151
0031240 157 156 040 162 145 155 157 166 145 122 165 156 104 145 160 145
0031260 156 144 145 156 143 171 050 151 144 051 040 173 012 040 040 162
0031300 165 156 104 145 160 145 156 144 145 156 143 151 145 163 055 055
0031320 073 012 012 040 040 115 157 144 165 154 145 133 047 155 157 156
0031340 151 164 157 162 122 165 156 104 145 160 145 156 144 145 156 143
0031360 151 145 163 047 135 077 056 050 162 165 156 104 145 160 145 156
0031400 144 145 156 143 151 145 163 051 073 012 012 040 040 151 146 040
0031420 050 162 165 156 104 145 160 145 156 144 145 156 143 151 145 163
0031440 040 075 075 040 060 051 040 173 012 040 040 040 040 151 146 040
0031460 050 162 165 156 104 145 160 145 156 144 145 156 143 171 127 141
0031500 164 143 150 145 162 040 041 075 075 040 156 165 154 154 051 040
0031520 173 012 040 040 040 040 040 040 143 154 145 141 162 111 156 164
0031540 145 162 166 141 154 050 162 165 156 104 145 160 145 156 144 145
0031560 156 143 171 127 141 164 143 150 145 162 051 073 012 040 040 040
0031600 040 040 040 162 165 156 104 145 160 145 156 144 145 156 143 171
0031620 127 141 164 143 150 145 162 040 075 040 156 165 154 154 073 012
0031640 040 040 040 040 175 012 040 040 040 040 151 146 040 050 144 145
0031660 160 145 156 144 145 156 143 151 145 163 106 165 154 146 151 154
0031700 154 145 144 051 040 173 012 040 040 040 040 040 040 166 141 162
0031720 040 143 141 154 154 142 141 143 153 040 075 040 144 145 160 145
0031740 156 144 145 156 143 151 145 163 106 165 154 146 151 154 154 145
0031760 144 073 012 040 040 040 040 040 040 144 145 160 145 156 144 145
0032000 156 143 151 145 163 106 165 154 146 151 154 154 145 144 040 075
0032020 040 156 165 154 154 073 012 040 040 040 040 040 040 143 141 154
0032040 154 142 141 143 153 050 051 073 040 057 057 040 143 141 156 040
0032060 141 144 144 040 141 156 157 164 150 145 162 040 144 145 160 145
0032100 156 144 145 156 143 151 145 163 106 165 154 146 151 154 154 145
0032120 144 012 040 040 040 040 175 012 040 040 175 012 175 012 012 057
0032140 052 052 040 100 160 141 162 141 155 040 173 163 164 162 151 156
0032160 147 174 156 165 155 142 145 162 075 175 040 167 150 141 164 040
0032200 052 057 012 146 165 156 143 164 151 157 156 040 141 142 157 162
0032220 164 050 167 150 141 164 051 040 173 012 040 040 115 157 144 165
0032240 154 145 133 047 157 156 101 142 157 162 164 047 135 077 056 050
0032260 167 150 141 164 051 073 012 012 040 040 167 150 141 164 040 075
0032300 040 047 101 142 157 162 164 145 144 050 047 040 053 040 167 150
0032320 141 164 040 053 040 047 051 047 073 012 040 040 057 057 040 124
0032340 117 104 117 050 163 142 143 051 072 040 123 150 157 165 154 144
0032360 040 167 145 040 162 145 155 157 166 145 040 160 162 151 156 164
0032400 151 156 147 040 141 156 144 040 154 145 141 166 145 040 151 164
0032420 040 165 160 040 164 157 040 167 150 157 145 166 145 162 012 040
0032440 040 057 057 040 143 141 164 143 150 145 163 040 164 150 145 040
0032460 145 170 143 145 160 164 151 157 156 077 012 040 040 145 162 162
0032500 050 167 150 141 164 051 073 012 012 040 040 101 102 117 122 124
0032520 040 075 040 164 162 165 145 073 012 040 040 105 130 111 124 123
0032540 124 101 124 125 123 040 075 040 061 073 012 012 040 040 167 150
0032560 141 164 040 053 075 040 047 056 040 102 165 151 154 144 040 167
0032600 151 164 150 040 055 163 101 123 123 105 122 124 111 117 116 123
0032620 040 146 157 162 040 155 157 162 145 040 151 156 146 157 056 047
0032640 073 012 012 040 040 057 057 040 125 163 145 040 141 040 167 141
0032660 163 155 040 162 165 156 164 151 155 145 040 145 162 162 157 162
0032700 054 040 142 145 143 141 165 163 145 040 141 040 112 123 040 145
0032720 162 162 157 162 040 155 151 147 150 164 040 142 145 040 163 145
0032740 145 156 040 141 163 040 141 040 146 157 162 145 151 147 156 012
0032760 040 040 057 057 040 145 170 143 145 160 164 151 157 156 054 040
0033000 167 150 151 143 150 040 155 145 141 156 163 040 167 145 047 144
0033020 040 162 165 156 040 144 145 163 164 162 165 143 164 157 162 163
0033040 040 157 156 040 151 164 056 040 127 145 040 156 145 145 144 040
0033060 164 150 145 040 145 162 162 157 162 040 164 157 012 040 040 057
0033100 057 040 163 151 155 160 154 171 040 155 141 153 145 040 164 150
0033120 145 040 160 162 157 147 162 141 155 040 163 164 157 160 056 012
0033140 040 040 057 057 040 106 111 130 115 105 040 124 150 151 163 040
0033160 141 160 160 162 157 141 143 150 040 144 157 145 163 040 156 157
0033200 164 040 167 157 162 153 040 151 156 040 127 141 163 155 040 105
0033220 110 040 142 145 143 141 165 163 145 040 151 164 040 143 165 162
0033240 162 145 156 164 154 171 040 144 157 145 163 040 156 157 164 040
0033260 141 163 163 165 155 145 012 040 040 057 057 040 141 154 154 040
0033300 122 165 156 164 151 155 145 105 162 162 157 162 163 040 141 162
0033320 145 040 146 162 157 155 040 164 162 141 160 163 073 040 151 164
0033340 040 144 145 143 151 144 145 163 040 167 150 145 164 150 145 162
0033360 040 141 040 122 165 156 164 151 155 145 105 162 162 157 162 040
0033400 151 163 040 146 162 157 155 012 040 040 057 057 040 141 040 164
0033420 162 141 160 040 157 162 040 156 157 164 040 142 141 163 145 144
0033440 040 157 156 040 141 040 150 151 144 144 145 156 040 146 151 145
0033460 154 144 040 167 151 164 150 151 156 040 164 150 145 040 157 142
0033500 152 145 143 164 056 040 123 157 040 141 164 040 164 150 145 040
0033520 155 157 155 145 156 164 012 040 040 057 057 040 167 145 040 144
0033540 157 156 047 164 040 150 141 166 145 040 141 040 167 141 171 040
0033560 157 146 040 164 150 162 157 167 151 156 147 040 141 040 167 141
0033600 163 155 040 164 162 141 160 040 146 162 157 155 040 112 123 056
0033620 040 124 117 104 117 040 115 141 153 145 040 141 040 112 123 040
0033640 101 120 111 040 164 150 141 164 012 040 040 057 057 040 141 154
0033660 154 157 167 163 040 164 150 151 163 040 151 156 040 164 150 145
0033700 040 167 141 163 155 040 163 160 145 143 056 012 012 040 040 057
0033720 057 040 123 165 160 160 162 145 163 163 040 143 154 157 163 165
0033740 162 145 040 143 157 155 160 151 154 145 162 040 167 141 162 156
0033760 151 156 147 040 150 145 162 145 056 040 103 154 157 163 165 162
0034000 145 040 143 157 155 160 151 154 145 162 047 163 040 142 165 151
0034020 154 164 151 156 040 145 170 164 145 162 156 012 040 040 057 057
0034040 040 144 145 146 151 156 151 164 151 157 156 040 146 157 162 040
0034060 127 145 142 101 163 163 145 155 142 154 171 056 122 165 156 164
0034100 151 155 145 105 162 162 157 162 040 143 154 141 151 155 163 040
0034120 151 164 040 164 141 153 145 163 040 156 157 040 141 162 147 165
0034140 155 145 156 164 163 040 145 166 145 156 012 040 040 057 057 040
0034160 164 150 157 165 147 150 040 151 164 040 143 141 156 056 012 040
0034200 040 057 057 040 124 117 104 117 050 150 164 164 160 163 072 057
0034220 057 147 151 164 150 165 142 056 143 157 155 057 147 157 157 147
0034240 154 145 057 143 154 157 163 165 162 145 055 143 157 155 160 151
0034260 154 145 162 057 160 165 154 154 057 063 071 061 063 051 072 040
0034300 122 145 155 157 166 145 040 151 146 057 167 150 145 156 040 165
0034320 160 163 164 162 145 141 155 040 143 154 157 163 165 162 145 040
0034340 147 145 164 163 040 146 151 170 145 144 056 012 040 040 057 052
0034360 052 040 100 163 165 160 160 162 145 163 163 040 173 143 150 145
0034400 143 153 124 171 160 145 163 175 040 052 057 012 040 040 166 141
0034420 162 040 145 040 075 040 156 145 167 040 127 145 142 101 163 163
0034440 145 155 142 154 171 056 122 165 156 164 151 155 145 105 162 162
0034460 157 162 050 167 150 141 164 051 073 012 012 040 040 057 057 040
0034500 124 150 162 157 167 040 164 150 145 040 145 162 162 157 162 040
0034520 167 150 145 164 150 145 162 040 157 162 040 156 157 164 040 115
0034540 117 104 125 114 101 122 111 132 105 040 151 163 040 163 145 164
0034560 040 142 145 143 141 165 163 145 040 141 142 157 162 164 040 151
0034600 163 040 165 163 145 144 012 040 040 057 057 040 151 156 040 143
0034620 157 144 145 040 160 141 164 150 163 040 141 160 141 162 164 040
0034640 146 162 157 155 040 151 156 163 164 141 156 164 151 141 164 151
0034660 157 156 040 167 150 145 162 145 040 141 156 040 145 170 143 145
0034700 160 164 151 157 156 040 151 163 040 145 170 160 145 143 164 145
0034720 144 012 040 040 057 057 040 164 157 040 142 145 040 164 150 162
0034740 157 167 156 040 167 150 145 156 040 141 142 157 162 164 040 151
0034760 163 040 143 141 154 154 145 144 056 012 040 040 164 150 162 157
0035000 167 040 145 073 012 175 012 012 057 057 040 151 156 143 154 165
0035020 144 145 072 040 155 145 155 157 162 171 160 162 157 146 151 154
0035040 145 162 056 152 163 012 057 057 040 145 156 144 040 151 156 143
0035060 154 165 144 145 072 040 155 145 155 157 162 171 160 162 157 146
0035100 151 154 145 162 056 152 163 012 057 057 040 151 156 143 154 165
0035120 144 145 072 040 125 122 111 125 164 151 154 163 056 152 163 012
0035140 057 057 040 120 162 145 146 151 170 040 157 146 040 144 141 164
0035160 141 040 125 122 111 163 040 145 155 151 164 164 145 144 040 142
0035200 171 040 123 111 116 107 114 105 137 106 111 114 105 040 141 156
0035220 144 040 162 145 154 141 164 145 144 040 157 160 164 151 157 156
0035240 163 056 012 166 141 162 040 144 141 164 141 125 122 111 120 162
0035260 145 146 151 170 040 075 040 047 144 141 164 141 072 141 160 160
0035300 154 151 143 141 164 151 157 156 057 157 143 164 145 164 055 163
0035320 164 162 145 141 155 073 142 141 163 145 066 064 054 047 073 012
0035340 012 057 052 052 012 040 052 040 111 156 144 151 143 141 164 145
0035360 163 040 167 150 145 164 150 145 162 040 146 151 154 145 156 141
0035400 155 145 040 151 163 040 141 040 142 141 163 145 066 064 040 144
0035420 141 164 141 040 125 122 111 056 012 040 052 040 100 156 157 151
0035440 156 154 151 156 145 012 040 052 057 012 166 141 162 040 151 163
0035460 104 141 164 141 125 122 111 040 075 040 050 146 151 154 145 156
0035500 141 155 145 051 040 075 076 040 146 151 154 145 156 141 155 145
0035520 056 163 164 141 162 164 163 127 151 164 150 050 144 141 164 141
0035540 125 122 111 120 162 145 146 151 170 051 073 012 012 057 052 052
0035560 012 040 052 040 111 156 144 151 143 141 164 145 163 040 167 150
0035600 145 164 150 145 162 040 146 151 154 145 156 141 155 145 040 151
0035620 163 040 144 145 154 151 166 145 162 145 144 040 166 151 141 040
0035640 146 151 154 145 040 160 162 157 164 157 143 157 154 040 050 141
0035660 163 040 157 160 160 157 163 145 144 040 164 157 040 150 164 164
0035700 160 057 150 164 164 160 163 051 012 040 052 040 100 156 157 151
0035720 156 154 151 156 145 012 040 052 057 012 166 141 162 040 151 163
0035740 106 151 154 145 125 122 111 040 075 040 050 146 151 154 145 156
0035760 141 155 145 051 040 075 076 040 146 151 154 145 156 141 155 145
0036000 056 163 164 141 162 164 163 127 151 164 150 050 047 146 151 154
0036020 145 072 057 057 047 051 073 012 057 057 040 145 156 144 040 151
0036040 156 143 154 165 144 145 072 040 125 122 111 125 164 151 154 163
0036060 056 152 163 012 057 057 040 151 156 143 154 165 144 145 072 040
0036100 162 165 156 164 151 155 145 137 145 170 143 145 160 164 151 157
0036120 156 163 056 152 163 012 057 057 040 145 156 144 040 151 156 143
0036140 154 165 144 145 072 040 162 165 156 164 151 155 145 137 145 170
0036160 143 145 160 164 151 157 156 163 056 152 163 012 146 165 156 143
0036200 164 151 157 156 040 146 151 156 144 127 141 163 155 102 151 156
0036220 141 162 171 050 051 040 173 012 040 040 040 040 166 141 162 040
0036240 146 040 075 040 047 143 157 156 146 164 145 163 164 056 167 141
0036260 163 155 047 073 012 040 040 040 040 151 146 040 050 041 151 163
0036300 104 141 164 141 125 122 111 050 146 051 051 040 173 012 040 040
0036320 040 040 040 040 162 145 164 165 162 156 040 154 157 143 141 164
0036340 145 106 151 154 145 050 146 051 073 012 040 040 040 040 175 012
0036360 040 040 040 040 162 145 164 165 162 156 040 146 073 012 175 012
0036400 012 166 141 162 040 167 141 163 155 102 151 156 141 162 171 106
0036420 151 154 145 073 012 012 146 165 156 143 164 151 157 156 040 147
0036440 145 164 102 151 156 141 162 171 123 171 156 143 050 146 151 154
0036460 145 051 040 173 012 040 040 151 146 040 050 146 151 154 145 040
0036500 075 075 040 167 141 163 155 102 151 156 141 162 171 106 151 154
0036520 145 040 046 046 040 167 141 163 155 102 151 156 141 162 171 051
0036540 040 173 012 040 040 040 040 162 145 164 165 162 156 040 156 145
0036560 167 040 125 151 156 164 070 101 162 162 141 171 050 167 141 163
0036600 155 102 151 156 141 162 171 051 073 012 040 040 175 012 040 040
0036620 151 146 040 050 162 145 141 144 102 151 156 141 162 171 051 040
0036640 173 012 040 040 040 040 162 145 164 165 162 156 040 162 145 141
0036660 144 102 151 156 141 162 171 050 146 151 154 145 051 073 012 040
0036700 040 175 012 040 040 164 150 162 157 167 040 047 142 157 164 150
0036720 040 141 163 171 156 143 040 141 156 144 040 163 171 156 143 040
0036740 146 145 164 143 150 151 156 147 040 157 146 040 164 150 145 040
0036760 167 141 163 155 040 146 141 151 154 145 144 047 073 012 175 012
0037000 012 146 165 156 143 164 151 157 156 040 147 145 164 102 151 156
0037020 141 162 171 120 162 157 155 151 163 145 050 142 151 156 141 162
0037040 171 106 151 154 145 051 040 173 012 040 040 057 057 040 111 146
0037060 040 167 145 040 144 157 156 047 164 040 150 141 166 145 040 164
0037100 150 145 040 142 151 156 141 162 171 040 171 145 164 054 040 154
0037120 157 141 144 040 151 164 040 141 163 171 156 143 150 162 157 156
0037140 157 165 163 154 171 040 165 163 151 156 147 040 162 145 141 144
0037160 101 163 171 156 143 056 012 040 040 151 146 040 050 041 167 141
0037200 163 155 102 151 156 141 162 171 012 040 040 040 040 040 040 051
0037220 040 173 012 040 040 040 040 057 057 040 106 145 164 143 150 040
0037240 164 150 145 040 142 151 156 141 162 171 040 165 163 151 156 147
0037260 040 162 145 141 144 101 163 171 156 143 012 040 040 040 040 162
0037300 145 164 165 162 156 040 162 145 141 144 101 163 171 156 143 050
0037320 142 151 156 141 162 171 106 151 154 145 051 056 164 150 145 156
0037340 050 012 040 040 040 040 040 040 050 162 145 163 160 157 156 163
0037360 145 051 040 075 076 040 156 145 167 040 125 151 156 164 070 101
0037400 162 162 141 171 050 057 052 052 040 100 164 171 160 145 173 041
0037420 101 162 162 141 171 102 165 146 146 145 162 175 040 052 057 050
0037440 162 145 163 160 157 156 163 145 051 051 054 012 040 040 040 040
0037460 040 040 057 057 040 106 141 154 154 040 142 141 143 153 040 164
0037500 157 040 147 145 164 102 151 156 141 162 171 123 171 156 143 040
0037520 151 146 040 162 145 141 144 101 163 171 156 143 040 146 141 151
0037540 154 163 012 040 040 040 040 040 040 050 051 040 075 076 040 147
0037560 145 164 102 151 156 141 162 171 123 171 156 143 050 142 151 156
0037600 141 162 171 106 151 154 145 051 012 040 040 040 040 051 073 012
0037620 040 040 175 012 012 040 040 057 057 040 117 164 150 145 162 167
0037640 151 163 145 054 040 147 145 164 102 151 156 141 162 171 123 171
0037660 156 143 040 163 150 157 165 154 144 040 142 145 040 141 142 154
0037700 145 040 164 157 040 147 145 164 040 151 164 040 163 171 156 143
0037720 150 162 157 156 157 165 163 154 171 012 040 040 162 145 164 165
0037740 162 156 040 120 162 157 155 151 163 145 056 162 145 163 157 154
0037760 166 145 050 051 056 164 150 145 156 050 050 051 040 075 076 040
0040000 147 145 164 102 151 156 141 162 171 123 171 156 143 050 142 151
0040020 156 141 162 171 106 151 154 145 051 051 073 012 175 012 012 146
0040040 165 156 143 164 151 157 156 040 151 156 163 164 141 156 164 151
0040060 141 164 145 101 162 162 141 171 102 165 146 146 145 162 050 142
0040100 151 156 141 162 171 106 151 154 145 054 040 151 155 160 157 162
0040120 164 163 054 040 162 145 143 145 151 166 145 162 051 040 173 012
0040140 040 040 162 145 164 165 162 156 040 147 145 164 102 151 156 141
0040160 162 171 120 162 157 155 151 163 145 050 142 151 156 141 162 171
0040200 106 151 154 145 051 056 164 150 145 156 050 050 142 151 156 141
0040220 162 171 051 040 075 076 040 173 012 040 040 040 040 162 145 164
0040240 165 162 156 040 127 145 142 101 163 163 145 155 142 154 171 056
0040260 151 156 163 164 141 156 164 151 141 164 145 050 142 151 156 141
0040300 162 171 054 040 151 155 160 157 162 164 163 051 073 012 040 040
0040320 175 051 056 164 150 145 156 050 162 145 143 145 151 166 145 162
0040340 054 040 050 162 145 141 163 157 156 051 040 075 076 040 173 012
0040360 040 040 040 040 145 162 162 050 140 146 141 151 154 145 144 040
0040400 164 157 040 141 163 171 156 143 150 162 157 156 157 165 163 154
0040420 171 040 160 162 145 160 141 162 145 040 167 141 163 155 072 040
0040440 044 173 162 145 141 163 157 156 175 140 051 073 012 012 040 040
0040460 040 040 141 142 157 162 164 050 162 145 141 163 157 156 051 073
0040500 012 040 040 175 051 073 012 175 012 012 146 165 156 143 164 151
0040520 157 156 040 151 156 163 164 141 156 164 151 141 164 145 101 163
0040540 171 156 143 050 142 151 156 141 162 171 054 040 142 151 156 141
0040560 162 171 106 151 154 145 054 040 151 155 160 157 162 164 163 054
0040600 040 143 141 154 154 142 141 143 153 051 040 173 012 040 040 151
0040620 146 040 050 041 142 151 156 141 162 171 040 046 046 012 040 040
0040640 040 040 040 040 164 171 160 145 157 146 040 127 145 142 101 163
0040660 163 145 155 142 154 171 056 151 156 163 164 141 156 164 151 141
0040700 164 145 123 164 162 145 141 155 151 156 147 040 075 075 040 047
0040720 146 165 156 143 164 151 157 156 047 040 046 046 012 040 040 040
0040740 040 040 040 041 151 163 104 141 164 141 125 122 111 050 142 151
0040760 156 141 162 171 106 151 154 145 051 040 046 046 012 040 040 040
0041000 040 040 040 057 057 040 104 157 156 047 164 040 165 163 145 040
0041020 163 164 162 145 141 155 151 156 147 040 146 157 162 040 146 151
0041040 154 145 072 057 057 040 144 145 154 151 166 145 162 145 144 040
0041060 157 142 152 145 143 164 163 040 151 156 040 141 040 167 145 142
0041100 166 151 145 167 054 040 146 145 164 143 150 040 164 150 145 155
0041120 040 163 171 156 143 150 162 157 156 157 165 163 154 171 056 012
0041140 040 040 040 040 040 040 041 151 163 106 151 154 145 125 122 111
0041160 050 142 151 156 141 162 171 106 151 154 145 051 040 046 046 012
0041200 040 040 040 040 040 040 057 057 040 101 166 157 151 144 040 151
0041220 156 163 164 141 156 164 151 141 164 145 123 164 162 145 141 155
0041240 151 156 147 050 051 040 157 156 040 116 157 144 145 056 152 163
0041260 040 145 156 166 151 162 157 156 155 145 156 164 040 146 157 162
0041300 040 156 157 167 054 040 141 163 040 167 150 151 154 145 012 040
0041320 040 040 040 040 040 057 057 040 116 157 144 145 056 152 163 040
0041340 166 061 070 056 061 056 060 040 151 155 160 154 145 155 145 156
0041360 164 163 040 151 164 054 040 151 164 040 144 157 145 163 040 156
0041400 157 164 040 150 141 166 145 040 141 040 146 165 154 154 040 146
0041420 145 164 143 150 050 051 012 040 040 040 040 040 040 057 057 040
0041440 151 155 160 154 145 155 145 156 164 141 164 151 157 156 040 171
0041460 145 164 056 012 040 040 040 040 040 040 057 057 012 040 040 040
0041500 040 040 040 057 057 040 122 145 146 145 162 145 156 143 145 072
0041520 012 040 040 040 040 040 040 057 057 040 040 040 150 164 164 160
0041540 163 072 057 057 147 151 164 150 165 142 056 143 157 155 057 145
0041560 155 163 143 162 151 160 164 145 156 055 143 157 162 145 057 145
0041600 155 163 143 162 151 160 164 145 156 057 160 165 154 154 057 061
0041620 066 071 061 067 012 040 040 040 040 040 040 041 105 116 126 111
0041640 122 117 116 115 105 116 124 137 111 123 137 116 117 104 105 040
0041660 046 046 012 040 040 040 040 040 040 164 171 160 145 157 146 040
0041700 146 145 164 143 150 040 075 075 040 047 146 165 156 143 164 151
0041720 157 156 047 051 040 173 012 040 040 040 040 162 145 164 165 162
0041740 156 040 146 145 164 143 150 050 142 151 156 141 162 171 106 151
0041760 154 145 054 040 173 040 143 162 145 144 145 156 164 151 141 154
0042000 163 072 040 047 163 141 155 145 055 157 162 151 147 151 156 047
0042020 040 175 051 056 164 150 145 156 050 050 162 145 163 160 157 156
0042040 163 145 051 040 075 076 040 173 012 040 040 040 040 040 040 057
0042060 057 040 123 165 160 160 162 145 163 163 040 143 154 157 163 165
0042100 162 145 040 167 141 162 156 151 156 147 040 150 145 162 145 040
0042120 163 151 156 143 145 040 164 150 145 040 165 160 163 164 162 145
0042140 141 155 040 144 145 146 151 156 151 164 151 157 156 040 146 157
0042160 162 012 040 040 040 040 040 040 057 057 040 151 156 163 164 141
0042200 156 164 151 141 164 145 123 164 162 145 141 155 151 156 147 040
0042220 157 156 154 171 040 141 154 154 157 167 163 040 120 162 157 155
0042240 151 163 145 074 122 145 160 163 160 157 156 163 145 076 040 162
0042260 141 164 150 145 162 040 164 150 141 156 012 040 040 040 040 040
0042300 040 057 057 040 141 156 040 141 143 164 165 141 154 040 122 145
0042320 163 160 157 156 163 145 056 012 040 040 040 040 040 040 057 057
0042340 040 124 117 104 117 050 150 164 164 160 163 072 057 057 147 151
0042360 164 150 165 142 056 143 157 155 057 147 157 157 147 154 145 057
0042400 143 154 157 163 165 162 145 055 143 157 155 160 151 154 145 162
0042420 057 160 165 154 154 057 063 071 061 063 051 072 040 122 145 155
0042440 157 166 145 040 151 146 057 167 150 145 156 040 165 160 163 164
0042460 162 145 141 155 040 143 154 157 163 165 162 145 040 151 163 040
0042500 146 151 170 145 144 056 012 040 040 040 040 040 040 057 052 052
0042520 040 100 163 165 160 160 162 145 163 163 040 173 143 150 145 143
0042540 153 124 171 160 145 163 175 040 052 057 012 040 040 040 040 040
0042560 040 166 141 162 040 162 145 163 165 154 164 040 075 040 127 145
0042600 142 101 163 163 145 155 142 154 171 056 151 156 163 164 141 156
0042620 164 151 141 164 145 123 164 162 145 141 155 151 156 147 050 162
0042640 145 163 160 157 156 163 145 054 040 151 155 160 157 162 164 163
0042660 051 073 012 012 040 040 040 040 040 040 162 145 164 165 162 156
0042700 040 162 145 163 165 154 164 056 164 150 145 156 050 012 040 040
0042720 040 040 040 040 040 040 143 141 154 154 142 141 143 153 054 012
0042740 040 040 040 040 040 040 040 040 146 165 156 143 164 151 157 156
0042760 050 162 145 141 163 157 156 051 040 173 012 040 040 040 040 040
0043000 040 040 040 040 040 057 057 040 127 145 040 145 170 160 145 143
0043020 164 040 164 150 145 040 155 157 163 164 040 143 157 155 155 157
0043040 156 040 146 141 151 154 165 162 145 040 143 141 165 163 145 040
0043060 164 157 040 142 145 040 141 040 142 141 144 040 115 111 115 105
0043100 040 164 171 160 145 040 146 157 162 040 164 150 145 040 142 151
0043120 156 141 162 171 054 012 040 040 040 040 040 040 040 040 040 040
0043140 057 057 040 151 156 040 167 150 151 143 150 040 143 141 163 145
0043160 040 146 141 154 154 151 156 147 040 142 141 143 153 040 164 157
0043200 040 101 162 162 141 171 102 165 146 146 145 162 040 151 156 163
0043220 164 141 156 164 151 141 164 151 157 156 040 163 150 157 165 154
0043240 144 040 167 157 162 153 056 012 040 040 040 040 040 040 040 040
0043260 040 040 145 162 162 050 140 167 141 163 155 040 163 164 162 145
0043300 141 155 151 156 147 040 143 157 155 160 151 154 145 040 146 141
0043320 151 154 145 144 072 040 044 173 162 145 141 163 157 156 175 140
0043340 051 073 012 040 040 040 040 040 040 040 040 040 040 145 162 162
0043360 050 047 146 141 154 154 151 156 147 040 142 141 143 153 040 164
0043400 157 040 101 162 162 141 171 102 165 146 146 145 162 040 151 156
0043420 163 164 141 156 164 151 141 164 151 157 156 047 051 073 012 040
0043440 040 040 040 040 040 040 040 040 040 162 145 164 165 162 156 040
0043460 151 156 163 164 141 156 164 151 141 164 145 101 162 162 141 171
0043500 102 165 146 146 145 162 050 142 151 156 141 162 171 106 151 154
0043520 145 054 040 151 155 160 157 162 164 163 054 040 143 141 154 154
0043540 142 141 143 153 051 073 012 040 040 040 040 040 040 040 040 175
0043560 051 073 012 040 040 040 040 175 051 073 012 040 040 175 012 040
0043600 040 162 145 164 165 162 156 040 151 156 163 164 141 156 164 151
0043620 141 164 145 101 162 162 141 171 102 165 146 146 145 162 050 142
0043640 151 156 141 162 171 106 151 154 145 054 040 151 155 160 157 162
0043660 164 163 054 040 143 141 154 154 142 141 143 153 051 073 012 175
0043700 012 012 146 165 156 143 164 151 157 156 040 147 145 164 127 141
0043720 163 155 111 155 160 157 162 164 163 050 051 040 173 012 040 040
0043740 057 057 040 160 162 145 160 141 162 145 040 151 155 160 157 162
0043760 164 163 012 040 040 162 145 164 165 162 156 040 173 012 040 040
0044000 040 040 047 145 156 166 047 072 040 167 141 163 155 111 155 160
0044020 157 162 164 163 054 012 040 040 040 040 047 167 141 163 151 137
0044040 163 156 141 160 163 150 157 164 137 160 162 145 166 151 145 167
0044060 061 047 072 040 167 141 163 155 111 155 160 157 162 164 163 054
0044100 012 040 040 175 012 175 012 012 057 057 040 103 162 145 141 164
0044120 145 040 164 150 145 040 167 141 163 155 040 151 156 163 164 141
0044140 156 143 145 056 012 057 057 040 122 145 143 145 151 166 145 163
0044160 040 164 150 145 040 167 141 163 155 040 151 155 160 157 162 164
0044200 163 054 040 162 145 164 165 162 156 163 040 164 150 145 040 145
0044220 170 160 157 162 164 163 056 012 146 165 156 143 164 151 157 156
0044240 040 143 162 145 141 164 145 127 141 163 155 050 051 040 173 012
0044260 040 040 166 141 162 040 151 156 146 157 040 075 040 147 145 164
0044300 127 141 163 155 111 155 160 157 162 164 163 050 051 073 012 040
0044320 040 057 057 040 114 157 141 144 040 164 150 145 040 167 141 163
0044340 155 040 155 157 144 165 154 145 040 141 156 144 040 143 162 145
0044360 141 164 145 040 141 156 040 151 156 163 164 141 156 143 145 040
0044400 157 146 040 165 163 151 156 147 040 156 141 164 151 166 145 040
0044420 163 165 160 160 157 162 164 040 151 156 040 164 150 145 040 112
0044440 123 040 145 156 147 151 156 145 056 012 040 040 057 057 040 150
0044460 141 156 144 154 145 040 141 040 147 145 156 145 162 141 164 145
0044500 144 040 167 141 163 155 040 151 156 163 164 141 156 143 145 054
0044520 040 162 145 143 145 151 166 151 156 147 040 151 164 163 040 145
0044540 170 160 157 162 164 163 040 141 156 144 012 040 040 057 057 040
0044560 160 145 162 146 157 162 155 151 156 147 040 157 164 150 145 162
0044600 040 156 145 143 145 163 163 141 162 171 040 163 145 164 165 160
0044620 012 040 040 057 052 052 040 100 160 141 162 141 155 040 173 127
0044640 145 142 101 163 163 145 155 142 154 171 056 115 157 144 165 154
0044660 145 075 175 040 155 157 144 165 154 145 052 057 012 040 040 146
0044700 165 156 143 164 151 157 156 040 162 145 143 145 151 166 145 111
0044720 156 163 164 141 156 143 145 050 151 156 163 164 141 156 143 145
0044740 054 040 155 157 144 165 154 145 051 040 173 012 040 040 040 040
0044760 167 141 163 155 105 170 160 157 162 164 163 040 075 040 151 156
0045000 163 164 141 156 143 145 056 145 170 160 157 162 164 163 073 012
0045020 012 040 040 040 040 012 012 040 040 040 040 167 141 163 155 115
0045040 145 155 157 162 171 040 075 040 167 141 163 155 105 170 160 157
0045060 162 164 163 133 047 155 145 155 157 162 171 047 135 073 012 040
0045100 040 040 040 012 040 040 040 040 165 160 144 141 164 145 115 145
0045120 155 157 162 171 126 151 145 167 163 050 051 073 012 012 040 040
0045140 040 040 141 144 144 117 156 111 156 151 164 050 167 141 163 155
0045160 105 170 160 157 162 164 163 133 047 137 137 167 141 163 155 137
0045200 143 141 154 154 137 143 164 157 162 163 047 135 051 073 012 012
0045220 040 040 040 040 162 145 155 157 166 145 122 165 156 104 145 160
0045240 145 156 144 145 156 143 171 050 047 167 141 163 155 055 151 156
0045260 163 164 141 156 164 151 141 164 145 047 051 073 012 040 040 040
0045300 040 162 145 164 165 162 156 040 167 141 163 155 105 170 160 157
0045320 162 164 163 073 012 040 040 175 012 040 040 057 057 040 167 141
0045340 151 164 040 146 157 162 040 164 150 145 040 160 164 150 162 145
0045360 141 144 040 160 157 157 154 040 050 151 146 040 141 156 171 051
0045400 012 040 040 141 144 144 122 165 156 104 145 160 145 156 144 145
0045420 156 143 171 050 047 167 141 163 155 055 151 156 163 164 141 156
0045440 164 151 141 164 145 047 051 073 012 012 040 040 057 057 040 120
0045460 162 145 146 145 162 040 163 164 162 145 141 155 151 156 147 040
0045500 151 156 163 164 141 156 164 151 141 164 151 157 156 040 151 146
0045520 040 141 166 141 151 154 141 142 154 145 056 012 040 040 146 165
0045540 156 143 164 151 157 156 040 162 145 143 145 151 166 145 111 156
0045560 163 164 141 156 164 151 141 164 151 157 156 122 145 163 165 154
0045600 164 050 162 145 163 165 154 164 051 040 173 012 040 040 040 040
0045620 057 057 040 047 162 145 163 165 154 164 047 040 151 163 040 141
0045640 040 122 145 163 165 154 164 117 142 152 145 143 164 040 157 142
0045660 152 145 143 164 040 167 150 151 143 150 040 150 141 163 040 142
0045700 157 164 150 040 164 150 145 040 155 157 144 165 154 145 040 141
0045720 156 144 040 151 156 163 164 141 156 143 145 056 012 040 040 040
0045740 040 057 057 040 162 145 143 145 151 166 145 111 156 163 164 141
0045760 156 143 145 050 051 040 167 151 154 154 040 163 167 141 160 040
0046000 151 156 040 164 150 145 040 145 170 160 157 162 164 163 040 050
0046020 164 157 040 115 157 144 165 154 145 056 141 163 155 051 040 163
0046040 157 040 164 150 145 171 040 143 141 156 040 142 145 040 143 141
0046060 154 154 145 144 012 040 040 040 040 057 057 040 124 117 104 117
0046100 072 040 104 165 145 040 164 157 040 103 154 157 163 165 162 145
0046120 040 162 145 147 162 145 163 163 151 157 156 040 150 164 164 160
0046140 163 072 057 057 147 151 164 150 165 142 056 143 157 155 057 147
0046160 157 157 147 154 145 057 143 154 157 163 165 162 145 055 143 157
0046200 155 160 151 154 145 162 057 151 163 163 165 145 163 057 063 061
0046220 071 063 054 040 164 150 145 040 141 142 157 166 145 040 154 151
0046240 156 145 040 156 157 040 154 157 156 147 145 162 040 157 160 164
0046260 151 155 151 172 145 163 040 157 165 164 040 144 157 167 156 040
0046300 164 157 040 164 150 145 040 146 157 154 154 157 167 151 156 147
0046320 040 154 151 156 145 056 012 040 040 040 040 057 057 040 127 150
0046340 145 156 040 164 150 145 040 162 145 147 162 145 163 163 151 157
0046360 156 040 151 163 040 146 151 170 145 144 054 040 143 141 156 040
0046400 162 145 163 164 157 162 145 040 164 150 145 040 141 142 157 166
0046420 145 040 120 124 110 122 105 101 104 123 055 145 156 141 142 154
0046440 145 144 040 160 141 164 150 056 012 040 040 040 040 162 145 143
0046460 145 151 166 145 111 156 163 164 141 156 143 145 050 162 145 163
0046500 165 154 164 133 047 151 156 163 164 141 156 143 145 047 135 051
0046520 073 012 040 040 175 012 012 040 040 057 057 040 125 163 145 162
0046540 040 163 150 145 154 154 040 160 141 147 145 163 040 143 141 156
0046560 040 167 162 151 164 145 040 164 150 145 151 162 040 157 167 156
0046600 040 115 157 144 165 154 145 056 151 156 163 164 141 156 164 151
0046620 141 164 145 127 141 163 155 040 075 040 146 165 156 143 164 151
0046640 157 156 050 151 155 160 157 162 164 163 054 040 163 165 143 143
0046660 145 163 163 103 141 154 154 142 141 143 153 051 040 143 141 154
0046700 154 142 141 143 153 012 040 040 057 057 040 164 157 040 155 141
0046720 156 165 141 154 154 171 040 151 156 163 164 141 156 164 151 141
0046740 164 145 040 164 150 145 040 127 141 163 155 040 155 157 144 165
0046760 154 145 040 164 150 145 155 163 145 154 166 145 163 056 040 124
0047000 150 151 163 040 141 154 154 157 167 163 040 160 141 147 145 163
0047020 040 164 157 012 040 040 057 057 040 162 165 156 040 164 150 145
0047040 040 151 156 163 164 141 156 164 151 141 164 151 157 156 040 160
0047060 141 162 141 154 154 145 154 040 164 157 040 141 156 171 040 157
0047100 164 150 145 162 040 141 163 171 156 143 040 163 164 141 162 164
0047120 165 160 040 141 143 164 151 157 156 163 040 164 150 145 171 040
0047140 141 162 145 012 040 040 057 057 040 160 145 162 146 157 162 155
0047160 151 156 147 056 012 040 040 057 057 040 101 154 163 157 040 160
0047200 164 150 162 145 141 144 163 040 141 156 144 040 167 141 163 155
0047220 040 167 157 162 153 145 162 163 040 151 156 151 164 151 141 154
0047240 151 172 145 040 164 150 145 040 167 141 163 155 040 151 156 163
0047260 164 141 156 143 145 040 164 150 162 157 165 147 150 040 164 150
0047300 151 163 012 040 040 057 057 040 160 141 164 150 056 012 040 040
0047320 151 146 040 050 115 157 144 165 154 145 133 047 151 156 163 164
0047340 141 156 164 151 141 164 145 127 141 163 155 047 135 051 040 173
0047360 012 040 040 040 040 164 162 171 040 173 012 040 040 040 040 040
0047400 040 162 145 164 165 162 156 040 115 157 144 165 154 145 133 047
0047420 151 156 163 164 141 156 164 151 141 164 145 127 141 163 155 047
0047440 135 050 151 156 146 157 054 040 162 145 143 145 151 166 145 111
0047460 156 163 164 141 156 143 145 051 073 012 040 040 040 040 175 040
0047500 143 141 164 143 150 050 145 051 040 173 012 040 040 040 040 040
0047520 040 145 162 162 050 140 115 157 144 165 154 145 056 151 156 163
0047540 164 141 156 164 151 141 164 145 127 141 163 155 040 143 141 154
0047560 154 142 141 143 153 040 146 141 151 154 145 144 040 167 151 164
0047600 150 040 145 162 162 157 162 072 040 044 173 145 175 140 051 073
0047620 012 040 040 040 040 040 040 040 040 162 145 164 165 162 156 040
0047640 146 141 154 163 145 073 012 040 040 040 040 175 012 040 040 175
0047660 012 012 040 040 151 146 040 050 041 167 141 163 155 102 151 156
0047700 141 162 171 106 151 154 145 051 040 167 141 163 155 102 151 156
0047720 141 162 171 106 151 154 145 040 075 040 146 151 156 144 127 141
0047740 163 155 102 151 156 141 162 171 050 051 073 012 012 040 040 151
0047760 156 163 164 141 156 164 151 141 164 145 101 163 171 156 143 050
0050000 167 141 163 155 102 151 156 141 162 171 054 040 167 141 163 155
0050020 102 151 156 141 162 171 106 151 154 145 054 040 151 156 146 157
0050040 054 040 162 145 143 145 151 166 145 111 156 163 164 141 156 164
0050060 151 141 164 151 157 156 122 145 163 165 154 164 051 073 012 040
0050100 040 162 145 164 165 162 156 040 173 175 073 040 057 057 040 156
0050120 157 040 145 170 160 157 162 164 163 040 171 145 164 073 040 167
0050140 145 047 154 154 040 146 151 154 154 040 164 150 145 155 040 151
0050160 156 040 154 141 164 145 162 012 175 012 012 057 057 040 107 154
0050200 157 142 141 154 163 040 165 163 145 144 040 142 171 040 112 123
0050220 040 151 066 064 040 143 157 156 166 145 162 163 151 157 156 163
0050240 040 050 163 145 145 040 155 141 153 145 123 145 164 126 141 154
0050260 165 145 051 012 166 141 162 040 164 145 155 160 104 157 165 142
0050300 154 145 073 012 166 141 162 040 164 145 155 160 111 066 064 073
0050320 012 012 057 057 040 151 156 143 154 165 144 145 072 040 162 165
0050340 156 164 151 155 145 137 144 145 142 165 147 056 152 163 012 057
0050360 057 040 145 156 144 040 151 156 143 154 165 144 145 072 040 162
0050400 165 156 164 151 155 145 137 144 145 142 165 147 056 152 163 012
0050420 057 057 040 075 075 075 040 102 157 144 171 040 075 075 075 012
0050440 057 057 040 145 156 144 040 151 156 143 154 165 144 145 072 040
0050460 160 162 145 141 155 142 154 145 056 152 163 012 012 012 040 040
0050500 057 052 052 040 100 143 157 156 163 164 162 165 143 164 157 162
0050520 040 052 057 012 040 040 146 165 156 143 164 151 157 156 040 105
0050540 170 151 164 123 164 141 164 165 163 050 163 164 141 164 165 163
0050560 051 040 173 012 040 040 040 040 040 040 164 150 151 163 056 156
0050600 141 155 145 040 075 040 047 105 170 151 164 123 164 141 164 165
0050620 163 047 073 012 040 040 040 040 040 040 164 150 151 163 056 155
0050640 145 163 163 141 147 145 040 075 040 140 120 162 157 147 162 141
0050660 155 040 164 145 162 155 151 156 141 164 145 144 040 167 151 164
0050700 150 040 145 170 151 164 050 044 173 163 164 141 164 165 163 175
0050720 051 140 073 012 040 040 040 040 040 040 164 150 151 163 056 163
0050740 164 141 164 165 163 040 075 040 163 164 141 164 165 163 073 012
0050760 040 040 040 040 175 012 012 040 040 166 141 162 040 143 141 154
0051000 154 122 165 156 164 151 155 145 103 141 154 154 142 141 143 153
0051020 163 040 075 040 050 143 141 154 154 142 141 143 153 163 051 040
0051040 075 076 040 173 012 040 040 040 040 040 040 167 150 151 154 145
0051060 040 050 143 141 154 154 142 141 143 153 163 056 154 145 156 147
0051100 164 150 040 076 040 060 051 040 173 012 040 040 040 040 040 040
0051120 040 040 057 057 040 120 141 163 163 040 164 150 145 040 155 157
0051140 144 165 154 145 040 141 163 040 164 150 145 040 146 151 162 163
0051160 164 040 141 162 147 165 155 145 156 164 056 012 040 040 040 040
0051200 040 040 040 040 143 141 154 154 142 141 143 153 163 056 163 150
0051220 151 146 164 050 051 050 115 157 144 165 154 145 051 073 012 040
0051240 040 040 040 040 040 175 012 040 040 040 040 175 073 012 012 040
0051260 040 012 040 040 040 040 057 052 052 012 040 040 040 040 040 052
0051300 040 100 160 141 162 141 155 040 173 156 165 155 142 145 162 175
0051320 040 160 164 162 012 040 040 040 040 040 052 040 100 160 141 162
0051340 141 155 040 173 163 164 162 151 156 147 175 040 164 171 160 145
0051360 012 040 040 040 040 040 052 057 012 040 040 146 165 156 143 164
0051400 151 157 156 040 147 145 164 126 141 154 165 145 050 160 164 162
0051420 054 040 164 171 160 145 040 075 040 047 151 070 047 051 040 173
0051440 012 040 040 040 040 151 146 040 050 164 171 160 145 056 145 156
0051460 144 163 127 151 164 150 050 047 052 047 051 051 040 164 171 160
0051500 145 040 075 040 047 052 047 073 012 040 040 040 040 163 167 151
0051520 164 143 150 040 050 164 171 160 145 051 040 173 012 040 040 040
0051540 040 040 040 143 141 163 145 040 047 151 061 047 072 040 162 145
0051560 164 165 162 156 040 110 105 101 120 070 133 160 164 162 135 073
0051600 012 040 040 040 040 040 040 143 141 163 145 040 047 151 070 047
0051620 072 040 162 145 164 165 162 156 040 110 105 101 120 070 133 160
0051640 164 162 135 073 012 040 040 040 040 040 040 143 141 163 145 040
0051660 047 151 061 066 047 072 040 162 145 164 165 162 156 040 110 105
0051700 101 120 061 066 133 050 050 160 164 162 051 076 076 061 051 135
0051720 073 012 040 040 040 040 040 040 143 141 163 145 040 047 151 063
0051740 062 047 072 040 162 145 164 165 162 156 040 110 105 101 120 063
0051760 062 133 050 050 160 164 162 051 076 076 062 051 135 073 012 040
0052000 040 040 040 040 040 143 141 163 145 040 047 151 066 064 047 072
0052020 040 141 142 157 162 164 050 047 164 157 040 144 157 040 147 145
0052040 164 126 141 154 165 145 050 151 066 064 051 040 165 163 145 040
0052060 127 101 123 115 137 102 111 107 111 116 124 047 051 073 012 040
0052100 040 040 040 040 040 143 141 163 145 040 047 146 154 157 141 164
0052120 047 072 040 162 145 164 165 162 156 040 110 105 101 120 106 063
0052140 062 133 050 050 160 164 162 051 076 076 062 051 135 073 012 040
0052160 040 040 040 040 040 143 141 163 145 040 047 144 157 165 142 154
0052200 145 047 072 040 162 145 164 165 162 156 040 110 105 101 120 106
0052220 066 064 133 050 050 160 164 162 051 076 076 063 051 135 073 012
0052240 040 040 040 040 040 040 143 141 163 145 040 047 052 047 072 040
0052260 162 145 164 165 162 156 040 110 105 101 120 125 063 062 133 050
0052300 050 160 164 162 051 076 076 062 051 135 073 012 040 040 040 040
0052320 040 040 144 145 146 141 165 154 164 072 040 141 142 157 162 164
0052340 050 140 151 156 166 141 154 151 144 040 164 171 160 145 040 146
0052360 157 162 040 147 145 164 126 141 154 165 145 072 040 044 173 164
0052400 171 160 145 175 140 051 073 012 040 040 040 040 175 012 040 040
0052420 175 012 012 040 040 166 141 162 040 156 157 105 170 151 164 122
0052440 165 156 164 151 155 145 040 075 040 115 157 144 165 154 145 133
0052460 047 156 157 105 170 151 164 122 165 156 164 151 155 145 047 135
0052500 040 174 174 040 146 141 154 163 145 073 012 012 040 040 012 040
0052520 040 040 040 057 052 052 012 040 040 040 040 040 052 040 100 160
0052540 141 162 141 155 040 173 156 165 155 142 145 162 175 040 160 164
0052560 162 012 040 040 040 040 040 052 040 100 160 141 162 141 155 040
0052600 173 156 165 155 142 145 162 175 040 166 141 154 165 145 012 040
0052620 040 040 040 040 052 040 100 160 141 162 141 155 040 173 163 164
0052640 162 151 156 147 175 040 164 171 160 145 012 040 040 040 040 040
0052660 052 057 012 040 040 146 165 156 143 164 151 157 156 040 163 145
0052700 164 126 141 154 165 145 050 160 164 162 054 040 166 141 154 165
0052720 145 054 040 164 171 160 145 040 075 040 047 151 070 047 051 040
0052740 173 012 040 040 040 040 151 146 040 050 164 171 160 145 056 145
0052760 156 144 163 127 151 164 150 050 047 052 047 051 051 040 164 171
0053000 160 145 040 075 040 047 052 047 073 012 040 040 040 040 163 167
0053020 151 164 143 150 040 050 164 171 160 145 051 040 173 012 040 040
0053040 040 040 040 040 143 141 163 145 040 047 151 061 047 072 040 110
0053060 105 101 120 070 133 160 164 162 135 040 075 040 166 141 154 165
0053100 145 073 040 142 162 145 141 153 073 012 040 040 040 040 040 040
0053120 143 141 163 145 040 047 151 070 047 072 040 110 105 101 120 070
0053140 133 160 164 162 135 040 075 040 166 141 154 165 145 073 040 142
0053160 162 145 141 153 073 012 040 040 040 040 040 040 143 141 163 145
0053200 040 047 151 061 066 047 072 040 110 105 101 120 061 066 133 050
0053220 050 160 164 162 051 076 076 061 051 135 040 075 040 166 141 154
0053240 165 145 073 040 142 162 145 141 153 073 012 040 040 040 040 040
0053260 040 143 141 163 145 040 047 151 063 062 047 072 040 110 105 101
0053300 120 063 062 133 050 050 160 164 162 051 076 076 062 051 135 040
0053320 075 040 166 141 154 165 145 073 040 142 162 145 141 153 073 012
0053340 040 040 040 040 040 040 143 141 163 145 040 047 151 066 064 047
0053360 072 040 141 142 157 162 164 050 047 164 157 040 144 157 040 163
0053400 145 164 126 141 154 165 145 050 151 066 064 051 040 165 163 145
0053420 040 127 101 123 115 137 102 111 107 111 116 124 047 051 073 012
0053440 040 040 040 040 040 040 143 141 163 145 040 047 146 154 157 141
0053460 164 047 072 040 110 105 101 120 106 063 062 133 050 050 160 164
0053500 162 051 076 076 062 051 135 040 075 040 166 141 154 165 145 073
0053520 040 142 162 145 141 153 073 012 040 040 040 040 040 040 143 141
0053540 163 145 040 047 144 157 165 142 154 145 047 072 040 110 105 101
0053560 120 106 066 064 133 050 050 160 164 162 051 076 076 063 051 135
0053600 040 075 040 166 141 154 165 145 073 040 142 162 145 141 153 073
0053620 012 040 040 040 040 040 040 143 141 163 145 040 047 052 047 072
0053640 040 110 105 101 120 125 063 062 133 050 050 160 164 162 051 076
0053660 076 062 051 135 040 075 040 166 141 154 165 145 073 040 142 162
0053700 145 141 153 073 012 040 040 040 040 040 040 144 145 146 141 165
0053720 154 164 072 040 141 142 157 162 164 050 140 151 156 166 141 154
0053740 151 144 040 164 171 160 145 040 146 157 162 040 163 145 164 126
0053760 141 154 165 145 072 040 044 173 164 171 160 145 175 140 051 073
0054000 012 040 040 040 040 175 012 040 040 175 012 012 040 040 166 141
0054020 162 040 163 164 141 143 153 122 145 163 164 157 162 145 040 075
0054040 040 050 166 141 154 051 040 075 076 040 137 137 145 155 163 143
0054060 162 151 160 164 145 156 137 163 164 141 143 153 137 162 145 163
0054100 164 157 162 145 050 166 141 154 051 073 012 012 040 040 166 141
0054120 162 040 163 164 141 143 153 123 141 166 145 040 075 040 050 051
0054140 040 075 076 040 137 145 155 163 143 162 151 160 164 145 156 137
0054160 163 164 141 143 153 137 147 145 164 137 143 165 162 162 145 156
0054200 164 050 051 073 012 012 040 040 166 141 162 040 137 137 145 155
0054220 163 143 162 151 160 164 145 156 137 155 145 155 143 160 171 137
0054240 152 163 040 075 040 050 144 145 163 164 054 040 163 162 143 054
0054260 040 156 165 155 051 040 075 076 040 110 105 101 120 125 070 056
0054300 143 157 160 171 127 151 164 150 151 156 050 144 145 163 164 054
0054320 040 163 162 143 054 040 163 162 143 040 053 040 156 165 155 051
0054340 073 012 012 040 040 166 141 162 040 160 162 151 156 164 103 150
0054360 141 162 102 165 146 146 145 162 163 040 075 040 133 156 165 154
0054400 154 054 133 135 054 133 135 135 073 012 040 040 012 040 040 166
0054420 141 162 040 125 124 106 070 104 145 143 157 144 145 162 040 075
0054440 040 164 171 160 145 157 146 040 124 145 170 164 104 145 143 157
0054460 144 145 162 040 041 075 040 047 165 156 144 145 146 151 156 145
0054500 144 047 040 077 040 156 145 167 040 124 145 170 164 104 145 143
0054520 157 144 145 162 050 051 040 072 040 165 156 144 145 146 151 156
0054540 145 144 073 012 040 040 012 040 040 040 040 057 052 052 012 040
0054560 040 040 040 040 052 040 107 151 166 145 156 040 141 040 160 157
0054600 151 156 164 145 162 040 047 151 144 170 047 040 164 157 040 141
0054620 040 156 165 154 154 055 164 145 162 155 151 156 141 164 145 144
0054640 040 125 124 106 070 055 145 156 143 157 144 145 144 040 163 164
0054660 162 151 156 147 040 151 156 040 164 150 145 040 147 151 166 145
0054700 156 012 040 040 040 040 040 052 040 141 162 162 141 171 040 164
0054720 150 141 164 040 143 157 156 164 141 151 156 163 040 165 151 156
0054740 164 070 040 166 141 154 165 145 163 054 040 162 145 164 165 162
0054760 156 163 040 141 040 143 157 160 171 040 157 146 040 164 150 141
0055000 164 040 163 164 162 151 156 147 040 141 163 040 141 012 040 040
0055020 040 040 040 052 040 112 141 166 141 163 143 162 151 160 164 040
0055040 123 164 162 151 156 147 040 157 142 152 145 143 164 056 012 040
0055060 040 040 040 040 052 040 150 145 141 160 117 162 101 162 162 141
0055100 171 040 151 163 040 145 151 164 150 145 162 040 141 040 162 145
0055120 147 165 154 141 162 040 141 162 162 141 171 054 040 157 162 040
0055140 141 040 112 141 166 141 123 143 162 151 160 164 040 164 171 160
0055160 145 144 040 141 162 162 141 171 040 166 151 145 167 056 012 040
0055200 040 040 040 040 052 040 100 160 141 162 141 155 040 173 156 165
0055220 155 142 145 162 175 040 151 144 170 012 040 040 040 040 040 052
0055240 040 100 160 141 162 141 155 040 173 156 165 155 142 145 162 075
0055260 175 040 155 141 170 102 171 164 145 163 124 157 122 145 141 144
0055300 012 040 040 040 040 040 052 040 100 162 145 164 165 162 156 040
0055320 173 163 164 162 151 156 147 175 012 040 040 040 040 040 052 057
0055340 012 040 040 166 141 162 040 125 124 106 070 101 162 162 141 171
0055360 124 157 123 164 162 151 156 147 040 075 040 050 150 145 141 160
0055400 117 162 101 162 162 141 171 054 040 151 144 170 054 040 155 141
0055420 170 102 171 164 145 163 124 157 122 145 141 144 051 040 075 076
0055440 040 173 012 040 040 040 040 040 040 166 141 162 040 145 156 144
0055460 111 144 170 040 075 040 151 144 170 040 053 040 155 141 170 102
0055500 171 164 145 163 124 157 122 145 141 144 073 012 040 040 040 040
0055520 040 040 166 141 162 040 145 156 144 120 164 162 040 075 040 151
0055540 144 170 073 012 040 040 040 040 040 040 057 057 040 124 145 170
0055560 164 104 145 143 157 144 145 162 040 156 145 145 144 163 040 164
0055600 157 040 153 156 157 167 040 164 150 145 040 142 171 164 145 040
0055620 154 145 156 147 164 150 040 151 156 040 141 144 166 141 156 143
0055640 145 054 040 151 164 040 144 157 145 163 156 047 164 040 163 164
0055660 157 160 040 157 156 012 040 040 040 040 040 040 057 057 040 156
0055700 165 154 154 040 164 145 162 155 151 156 141 164 157 162 040 142
0055720 171 040 151 164 163 145 154 146 056 040 040 101 154 163 157 054
0055740 040 165 163 145 040 164 150 145 040 154 145 156 147 164 150 040
0055760 151 156 146 157 040 164 157 040 141 166 157 151 144 040 162 165
0056000 156 156 151 156 147 040 164 151 156 171 012 040 040 040 040 040
0056020 040 057 057 040 163 164 162 151 156 147 163 040 164 150 162 157
0056040 165 147 150 040 124 145 170 164 104 145 143 157 144 145 162 054
0056060 040 163 151 156 143 145 040 056 163 165 142 141 162 162 141 171
0056100 050 051 040 141 154 154 157 143 141 164 145 163 040 147 141 162
0056120 142 141 147 145 056 012 040 040 040 040 040 040 057 057 040 050
0056140 101 163 040 141 040 164 151 156 171 040 143 157 144 145 040 163
0056160 141 166 145 040 164 162 151 143 153 054 040 143 157 155 160 141
0056200 162 145 040 145 156 144 120 164 162 040 141 147 141 151 156 163
0056220 164 040 145 156 144 111 144 170 040 165 163 151 156 147 040 141
0056240 040 156 145 147 141 164 151 157 156 054 012 040 040 040 040 040
0056260 040 057 057 040 163 157 040 164 150 141 164 040 165 156 144 145
0056300 146 151 156 145 144 040 155 145 141 156 163 040 111 156 146 151
0056320 156 151 164 171 051 012 040 040 040 040 040 040 167 150 151 154
0056340 145 040 050 150 145 141 160 117 162 101 162 162 141 171 133 145
0056360 156 144 120 164 162 135 040 046 046 040 041 050 145 156 144 120
0056400 164 162 040 076 075 040 145 156 144 111 144 170 051 051 040 053
0056420 053 145 156 144 120 164 162 073 012 040 040 012 040 040 040 040
0056440 040 040 151 146 040 050 145 156 144 120 164 162 040 055 040 151
0056460 144 170 040 076 040 061 066 040 046 046 040 150 145 141 160 117
0056500 162 101 162 162 141 171 056 142 165 146 146 145 162 040 046 046
0056520 040 125 124 106 070 104 145 143 157 144 145 162 051 040 173 012
0056540 040 040 040 040 040 040 040 040 162 145 164 165 162 156 040 125
0056560 124 106 070 104 145 143 157 144 145 162 056 144 145 143 157 144
0056600 145 050 150 145 141 160 117 162 101 162 162 141 171 056 163 165
0056620 142 141 162 162 141 171 050 151 144 170 054 040 145 156 144 120
0056640 164 162 051 051 073 012 040 040 040 040 040 040 175 012 040 040
0056660 040 040 040 040 166 141 162 040 163 164 162 040 075 040 047 047
0056700 073 012 040 040 040 040 040 040 057 057 040 111 146 040 142 165
0056720 151 154 144 151 156 147 040 167 151 164 150 040 124 145 170 164
0056740 104 145 143 157 144 145 162 054 040 167 145 040 150 141 166 145
0056760 040 141 154 162 145 141 144 171 040 143 157 155 160 165 164 145
0057000 144 040 164 150 145 040 163 164 162 151 156 147 040 154 145 156
0057020 147 164 150 012 040 040 040 040 040 040 057 057 040 141 142 157
0057040 166 145 054 040 163 157 040 164 145 163 164 040 154 157 157 160
0057060 040 145 156 144 040 143 157 156 144 151 164 151 157 156 040 141
0057100 147 141 151 156 163 164 040 164 150 141 164 012 040 040 040 040
0057120 040 040 167 150 151 154 145 040 050 151 144 170 040 074 040 145
0057140 156 144 120 164 162 051 040 173 012 040 040 040 040 040 040 040
0057160 040 057 057 040 106 157 162 040 125 124 106 070 040 142 171 164
0057200 145 040 163 164 162 165 143 164 165 162 145 054 040 163 145 145
0057220 072 012 040 040 040 040 040 040 040 040 057 057 040 150 164 164
0057240 160 072 057 057 145 156 056 167 151 153 151 160 145 144 151 141
0057260 056 157 162 147 057 167 151 153 151 057 125 124 106 055 070 043
0057300 104 145 163 143 162 151 160 164 151 157 156 012 040 040 040 040
0057320 040 040 040 040 057 057 040 150 164 164 160 163 072 057 057 167
0057340 167 167 056 151 145 164 146 056 157 162 147 057 162 146 143 057
0057360 162 146 143 062 062 067 071 056 164 170 164 012 040 040 040 040
0057400 040 040 040 040 057 057 040 150 164 164 160 163 072 057 057 164
0057420 157 157 154 163 056 151 145 164 146 056 157 162 147 057 150 164
0057440 155 154 057 162 146 143 063 066 062 071 012 040 040 040 040 040
0057460 040 040 040 166 141 162 040 165 060 040 075 040 150 145 141 160
0057500 117 162 101 162 162 141 171 133 151 144 170 053 053 135 073 012
0057520 040 040 040 040 040 040 040 040 151 146 040 050 041 050 165 060
0057540 040 046 040 060 170 070 060 051 051 040 173 040 163 164 162 040
0057560 053 075 040 123 164 162 151 156 147 056 146 162 157 155 103 150
0057600 141 162 103 157 144 145 050 165 060 051 073 040 143 157 156 164
0057620 151 156 165 145 073 040 175 012 040 040 040 040 040 040 040 040
0057640 166 141 162 040 165 061 040 075 040 150 145 141 160 117 162 101
0057660 162 162 141 171 133 151 144 170 053 053 135 040 046 040 066 063
0057700 073 012 040 040 040 040 040 040 040 040 151 146 040 050 050 165
0057720 060 040 046 040 060 170 105 060 051 040 075 075 040 060 170 103
0057740 060 051 040 173 040 163 164 162 040 053 075 040 123 164 162 151
0057760 156 147 056 146 162 157 155 103 150 141 162 103 157 144 145 050
0060000 050 050 165 060 040 046 040 063 061 051 040 074 074 040 066 051
0060020 040 174 040 165 061 051 073 040 143 157 156 164 151 156 165 145
0060040 073 040 175 012 040 040 040 040 040 040 040 040 166 141 162 040
0060060 165 062 040 075 040 150 145 141 160 117 162 101 162 162 141 171
0060100 133 151 144 170 053 053 135 040 046 040 066 063 073 012 040 040
0060120 040 040 040 040 040 040 151 146 040 050 050 165 060 040 046 040
0060140 060 170 106 060 051 040 075 075 040 060 170 105 060 051 040 173
0060160 012 040 040 040 040 040 040 040 040 040 040 165 060 040 075 040
0060200 050 050 165 060 040 046 040 061 065 051 040 074 074 040 061 062
0060220 051 040 174 040 050 165 061 040 074 074 040 066 051 040 174 040
0060240 165 062 073 012 040 040 040 040 040 040 040 040 175 040 145 154
0060260 163 145 040 173 012 040 040 040 040 040 040 040 040 040 040 165
0060300 060 040 075 040 050 050 165 060 040 046 040 067 051 040 074 074
0060320 040 061 070 051 040 174 040 050 165 061 040 074 074 040 061 062
0060340 051 040 174 040 050 165 062 040 074 074 040 066 051 040 174 040
0060360 050 150 145 141 160 117 162 101 162 162 141 171 133 151 144 170
0060400 053 053 135 040 046 040 066 063 051 073 012 040 040 040 040 040
0060420 040 040 040 175 012 040 040 012 040 040 040 040 040 040 040 040
0060440 151 146 040 050 165 060 040 074 040 060 170 061 060 060 060 060
0060460 051 040 173 012 040 040 040 040 040 040 040 040 040 040 163 164
0060500 162 040 053 075 040 123 164 162 151 156 147 056 146 162 157 155
0060520 103 150 141 162 103 157 144 145 050 165 060 051 073 012 040 040
0060540 040 040 040 040 040 040 175 040 145 154 163 145 040 173 012 040
0060560 040 040 040 040 040 040 040 040 040 166 141 162 040 143 150 040
0060600 075 040 165 060 040 055 040 060 170 061 060 060 060 060 073 012
0060620 040 040 040 040 040 040 040 040 040 040 163 164 162 040 053 075
0060640 040 123 164 162 151 156 147 056 146 162 157 155 103 150 141 162
0060660 103 157 144 145 050 060 170 104 070 060 060 040 174 040 050 143
0060700 150 040 076 076 040 061 060 051 054 040 060 170 104 103 060 060
0060720 040 174 040 050 143 150 040 046 040 060 170 063 106 106 051 051
0060740 073 012 040 040 040 040 040 040 040 040 175 012 040 040 040 040
0060760 040 040 175 012 040 040 040 040 040 040 162 145 164 165 162 156
0061000 040 163 164 162 073 012 040 040 040 040 175 073 012 040 040 166
0061020 141 162 040 160 162 151 156 164 103 150 141 162 040 075 040 050
0061040 163 164 162 145 141 155 054 040 143 165 162 162 051 040 075 076
0061060 040 173 012 040 040 040 040 040 040 166 141 162 040 142 165 146
0061100 146 145 162 040 075 040 160 162 151 156 164 103 150 141 162 102
0061120 165 146 146 145 162 163 133 163 164 162 145 141 155 135 073 012
0061140 040 040 040 040 040 040 151 146 040 050 143 165 162 162 040 075
0061160 075 075 040 060 040 174 174 040 143 165 162 162 040 075 075 075
0061200 040 061 060 051 040 173 012 040 040 040 040 040 040 040 040 050
0061220 163 164 162 145 141 155 040 075 075 075 040 061 040 077 040 157
0061240 165 164 040 072 040 145 162 162 051 050 125 124 106 070 101 162
0061260 162 141 171 124 157 123 164 162 151 156 147 050 142 165 146 146
0061300 145 162 054 040 060 051 051 073 012 040 040 040 040 040 040 040
0061320 040 142 165 146 146 145 162 056 154 145 156 147 164 150 040 075
0061340 040 060 073 012 040 040 040 040 040 040 175 040 145 154 163 145
0061360 040 173 012 040 040 040 040 040 040 040 040 142 165 146 146 145
0061400 162 056 160 165 163 150 050 143 165 162 162 051 073 012 040 040
0061420 040 040 040 040 175 012 040 040 040 040 175 073 012 040 040 012
0061440 040 040 166 141 162 040 146 154 165 163 150 137 116 117 137 106
0061460 111 114 105 123 131 123 124 105 115 040 075 040 050 051 040 075
0061500 076 040 173 012 040 040 040 040 040 040 057 057 040 146 154 165
0061520 163 150 040 141 156 171 164 150 151 156 147 040 162 145 155 141
0061540 151 156 151 156 147 040 151 156 040 164 150 145 040 142 165 146
0061560 146 145 162 163 040 144 165 162 151 156 147 040 163 150 165 164
0061600 144 157 167 156 012 040 040 040 040 040 040 137 146 146 154 165
0061620 163 150 050 060 051 073 012 040 040 040 040 040 040 151 146 040
0061640 050 160 162 151 156 164 103 150 141 162 102 165 146 146 145 162
0061660 163 133 061 135 056 154 145 156 147 164 150 051 040 160 162 151
0061700 156 164 103 150 141 162 050 061 054 040 061 060 051 073 012 040
0061720 040 040 040 040 040 151 146 040 050 160 162 151 156 164 103 150
0061740 141 162 102 165 146 146 145 162 163 133 062 135 056 154 145 156
0061760 147 164 150 051 040 160 162 151 156 164 103 150 141 162 050 062
0062000 054 040 061 060 051 073 012 040 040 040 040 175 073 012 040 040
0062020 012 040 040 012 040 040 012 040 040 040 040 057 052 052 012 040
0062040 040 040 040 040 052 040 107 151 166 145 156 040 141 040 160 157
0062060 151 156 164 145 162 040 047 160 164 162 047 040 164 157 040 141
0062100 040 156 165 154 154 055 164 145 162 155 151 156 141 164 145 144
0062120 040 125 124 106 070 055 145 156 143 157 144 145 144 040 163 164
0062140 162 151 156 147 040 151 156 040 164 150 145 012 040 040 040 040
0062160 040 052 040 145 155 163 143 162 151 160 164 145 156 040 110 105
0062200 101 120 054 040 162 145 164 165 162 156 163 040 141 040 143 157
0062220 160 171 040 157 146 040 164 150 141 164 040 163 164 162 151 156
0062240 147 040 141 163 040 141 040 112 141 166 141 163 143 162 151 160
0062260 164 040 123 164 162 151 156 147 040 157 142 152 145 143 164 056
0062300 012 040 040 040 040 040 052 012 040 040 040 040 040 052 040 100
0062320 160 141 162 141 155 040 173 156 165 155 142 145 162 175 040 160
0062340 164 162 012 040 040 040 040 040 052 040 100 160 141 162 141 155
0062360 040 173 156 165 155 142 145 162 075 175 040 155 141 170 102 171
0062400 164 145 163 124 157 122 145 141 144 040 055 040 101 156 040 157
0062420 160 164 151 157 156 141 154 040 154 145 156 147 164 150 040 164
0062440 150 141 164 040 163 160 145 143 151 146 151 145 163 040 164 150
0062460 145 012 040 040 040 040 040 052 040 040 040 155 141 170 151 155
0062500 165 155 040 156 165 155 142 145 162 040 157 146 040 142 171 164
0062520 145 163 040 164 157 040 162 145 141 144 056 040 131 157 165 040
0062540 143 141 156 040 157 155 151 164 040 164 150 151 163 040 160 141
0062560 162 141 155 145 164 145 162 040 164 157 040 163 143 141 156 040
0062600 164 150 145 012 040 040 040 040 040 052 040 040 040 163 164 162
0062620 151 156 147 040 165 156 164 151 154 040 164 150 145 040 146 151
0062640 162 163 164 040 060 040 142 171 164 145 056 040 111 146 040 155
0062660 141 170 102 171 164 145 163 124 157 122 145 141 144 040 151 163
0062700 040 160 141 163 163 145 144 054 040 141 156 144 040 164 150 145
0062720 040 163 164 162 151 156 147 012 040 040 040 040 040 052 040 040
0062740 040 141 164 040 133 160 164 162 054 040 160 164 162 053 155 141
0062760 170 102 171 164 145 163 124 157 122 145 141 144 162 133 040 143
0063000 157 156 164 141 151 156 163 040 141 040 156 165 154 154 040 142
0063020 171 164 145 040 151 156 040 164 150 145 040 155 151 144 144 154
0063040 145 054 040 164 150 145 156 040 164 150 145 012 040 040 040 040
0063060 040 052 040 040 040 163 164 162 151 156 147 040 167 151 154 154
0063100 040 143 165 164 040 163 150 157 162 164 040 141 164 040 164 150
0063120 141 164 040 142 171 164 145 040 151 156 144 145 170 040 050 151
0063140 056 145 056 040 155 141 170 102 171 164 145 163 124 157 122 145
0063160 141 144 040 167 151 154 154 040 156 157 164 012 040 040 040 040
0063200 040 052 040 040 040 160 162 157 144 165 143 145 040 141 040 163
0063220 164 162 151 156 147 040 157 146 040 145 170 141 143 164 040 154
0063240 145 156 147 164 150 040 133 160 164 162 054 040 160 164 162 053
0063260 155 141 170 102 171 164 145 163 124 157 122 145 141 144 133 051
0063300 040 116 056 102 056 040 155 151 170 151 156 147 012 040 040 040
0063320 040 040 052 040 040 040 146 162 145 161 165 145 156 164 040 165
0063340 163 145 163 040 157 146 040 125 124 106 070 124 157 123 164 162
0063360 151 156 147 050 051 040 167 151 164 150 040 141 156 144 040 167
0063400 151 164 150 157 165 164 040 155 141 170 102 171 164 145 163 124
0063420 157 122 145 141 144 040 155 141 171 040 164 150 162 157 167 012
0063440 040 040 040 040 040 052 040 040 040 112 123 040 112 111 124 040
0063460 157 160 164 151 155 151 172 141 164 151 157 156 163 040 157 146
0063500 146 054 040 163 157 040 151 164 040 151 163 040 167 157 162 164
0063520 150 040 164 157 040 143 157 156 163 151 144 145 162 040 143 157
0063540 156 163 151 163 164 145 156 164 154 171 040 165 163 151 156 147
0063560 040 157 156 145 012 040 040 040 040 040 052 040 100 162 145 164
0063600 165 162 156 040 173 163 164 162 151 156 147 175 012 040 040 040
0063620 040 040 052 057 012 040 040 166 141 162 040 125 124 106 070 124
0063640 157 123 164 162 151 156 147 040 075 040 050 160 164 162 054 040
0063660 155 141 170 102 171 164 145 163 124 157 122 145 141 144 051 040
0063700 075 076 040 173 012 040 040 040 040 040 040 162 145 164 165 162
0063720 156 040 160 164 162 040 077 040 125 124 106 070 101 162 162 141
0063740 171 124 157 123 164 162 151 156 147 050 110 105 101 120 125 070
0063760 054 040 160 164 162 054 040 155 141 170 102 171 164 145 163 124
0064000 157 122 145 141 144 051 040 072 040 047 047 073 012 040 040 040
0064020 040 175 073 012 040 040 166 141 162 040 123 131 123 103 101 114
0064040 114 123 040 075 040 173 012 040 040 166 141 162 141 162 147 163
0064060 072 165 156 144 145 146 151 156 145 144 054 012 040 040 147 145
0064100 164 123 164 162 050 160 164 162 051 040 173 012 040 040 040 040
0064120 040 040 040 040 166 141 162 040 162 145 164 040 075 040 125 124
0064140 106 070 124 157 123 164 162 151 156 147 050 160 164 162 051 073
0064160 012 040 040 040 040 040 040 040 040 162 145 164 165 162 156 040
0064200 162 145 164 073 012 040 040 040 040 040 040 175 054 012 040 040
0064220 175 073 012 040 040 166 141 162 040 137 146 144 137 167 162 151
0064240 164 145 040 075 040 050 146 144 054 040 151 157 166 054 040 151
0064260 157 166 143 156 164 054 040 160 156 165 155 051 040 075 076 040
0064300 173 012 040 040 040 040 040 040 057 057 040 150 141 143 153 040
0064320 164 157 040 163 165 160 160 157 162 164 040 160 162 151 156 164
0064340 146 040 151 156 040 123 131 123 103 101 114 114 123 137 122 105
0064360 121 125 111 122 105 137 106 111 114 105 123 131 123 124 105 115
0064400 075 060 012 040 040 040 040 040 040 166 141 162 040 156 165 155
0064420 040 075 040 060 073 012 040 040 040 040 040 040 146 157 162 040
0064440 050 166 141 162 040 151 040 075 040 060 073 040 151 040 074 040
0064460 151 157 166 143 156 164 073 040 151 053 053 051 040 173 012 040
0064500 040 040 040 040 040 040 040 166 141 162 040 160 164 162 040 075
0064520 040 110 105 101 120 125 063 062 133 050 050 151 157 166 051 076
0064540 076 062 051 135 073 012 040 040 040 040 040 040 040 040 166 141
0064560 162 040 154 145 156 040 075 040 110 105 101 120 125 063 062 133
0064600 050 050 050 151 157 166 051 053 050 064 051 051 076 076 062 051
0064620 135 073 012 040 040 040 040 040 040 040 040 151 157 166 040 053
0064640 075 040 070 073 012 040 040 040 040 040 040 040 040 146 157 162
0064660 040 050 166 141 162 040 152 040 075 040 060 073 040 152 040 074
0064700 040 154 145 156 073 040 152 053 053 051 040 173 012 040 040 040
0064720 040 040 040 040 040 040 040 160 162 151 156 164 103 150 141 162
0064740 050 146 144 054 040 110 105 101 120 125 070 133 160 164 162 053
0064760 152 135 051 073 012 040 040 040 040 040 040 040 040 175 012 040
0065000 040 040 040 040 040 040 040 156 165 155 040 053 075 040 154 145
0065020 156 073 012 040 040 040 040 040 040 175 012 040 040 040 040 040
0065040 040 110 105 101 120 125 063 062 133 050 050 160 156 165 155 051
0065060 076 076 062 051 135 040 075 040 156 165 155 073 012 040 040 040
0065100 040 040 040 162 145 164 165 162 156 040 060 073 012 040 040 040
0065120 040 175 073 012 012 040 040 012 040 040 166 141 162 040 162 165
0065140 156 164 151 155 145 113 145 145 160 141 154 151 166 145 103 157
0065160 165 156 164 145 162 040 075 040 060 073 012 040 040 166 141 162
0065200 040 153 145 145 160 122 165 156 164 151 155 145 101 154 151 166
0065220 145 040 075 040 050 051 040 075 076 040 156 157 105 170 151 164
0065240 122 165 156 164 151 155 145 040 174 174 040 162 165 156 164 151
0065260 155 145 113 145 145 160 141 154 151 166 145 103 157 165 156 164
0065300 145 162 040 076 040 060 073 012 040 040 166 141 162 040 137 160
0065320 162 157 143 137 145 170 151 164 040 075 040 050 143 157 144 145
0065340 051 040 075 076 040 173 012 040 040 040 040 040 040 105 130 111
0065360 124 123 124 101 124 125 123 040 075 040 143 157 144 145 073 012
0065400 040 040 040 040 040 040 151 146 040 050 041 153 145 145 160 122
0065420 165 156 164 151 155 145 101 154 151 166 145 050 051 051 040 173
0065440 012 040 040 040 040 040 040 040 040 115 157 144 165 154 145 133
0065460 047 157 156 105 170 151 164 047 135 077 056 050 143 157 144 145
0065500 051 073 012 040 040 040 040 040 040 040 040 101 102 117 122 124
0065520 040 075 040 164 162 165 145 073 012 040 040 040 040 040 040 175
0065540 012 040 040 040 040 040 040 161 165 151 164 137 050 143 157 144
0065560 145 054 040 156 145 167 040 105 170 151 164 123 164 141 164 165
0065600 163 050 143 157 144 145 051 051 073 012 040 040 040 040 175 073
0065620 012 040 040 012 040 040 057 052 052 040 100 160 141 162 141 155
0065640 040 173 142 157 157 154 145 141 156 174 156 165 155 142 145 162
0065660 075 175 040 151 155 160 154 151 143 151 164 040 052 057 012 040
0065700 040 166 141 162 040 145 170 151 164 112 123 040 075 040 050 163
0065720 164 141 164 165 163 054 040 151 155 160 154 151 143 151 164 051
0065740 040 075 076 040 173 012 040 040 040 040 040 040 105 130 111 124
0065760 123 124 101 124 125 123 040 075 040 163 164 141 164 165 163 073
0066000 012 040 040 012 040 040 040 040 040 040 151 146 040 050 041 153
0066020 145 145 160 122 165 156 164 151 155 145 101 154 151 166 145 050
0066040 051 051 040 173 012 040 040 040 040 040 040 040 040 145 170 151
0066060 164 122 165 156 164 151 155 145 050 051 073 012 040 040 040 040
0066100 040 040 175 012 040 040 012 040 040 040 040 040 040 137 160 162
0066120 157 143 137 145 170 151 164 050 163 164 141 164 165 163 051 073
0066140 012 040 040 040 040 175 073 012 012 040 040 166 141 162 040 150
0066160 141 156 144 154 145 105 170 143 145 160 164 151 157 156 040 075
0066200 040 050 145 051 040 075 076 040 173 012 040 040 040 040 040 040
0066220 057 057 040 103 145 162 164 141 151 156 040 145 170 143 145 160
0066240 164 151 157 156 040 164 171 160 145 163 040 167 145 040 144 157
0066260 040 156 157 164 040 164 162 145 141 164 040 141 163 040 145 162
0066300 162 157 162 163 040 163 151 156 143 145 040 164 150 145 171 040
0066320 141 162 145 040 165 163 145 144 040 146 157 162 012 040 040 040
0066340 040 040 040 057 057 040 151 156 164 145 162 156 141 154 040 143
0066360 157 156 164 162 157 154 040 146 154 157 167 056 012 040 040 040
0066400 040 040 040 057 057 040 061 056 040 105 170 151 164 123 164 141
0066420 164 165 163 054 040 167 150 151 143 150 040 151 163 040 164 150
0066440 162 157 167 156 040 142 171 040 145 170 151 164 050 051 012 040
0066460 040 040 040 040 040 057 057 040 062 056 040 042 165 156 167 151
0066500 156 144 042 054 040 167 150 151 143 150 040 151 163 040 164 150
0066520 162 157 167 156 040 142 171 040 145 155 163 143 162 151 160 164
0066540 145 156 137 165 156 167 151 156 144 137 164 157 137 152 163 137
0066560 145 166 145 156 164 137 154 157 157 160 050 051 040 141 156 144
0066600 040 157 164 150 145 162 163 012 040 040 040 040 040 040 057 057
0066620 040 040 040 040 164 150 141 164 040 167 151 163 150 040 164 157
0066640 040 162 145 164 165 162 156 040 164 157 040 112 123 040 145 166
0066660 145 156 164 040 154 157 157 160 056 012 040 040 040 040 040 040
0066700 151 146 040 050 145 040 151 156 163 164 141 156 143 145 157 146
0066720 040 105 170 151 164 123 164 141 164 165 163 040 174 174 040 145
0066740 040 075 075 040 047 165 156 167 151 156 144 047 051 040 173 012
0066760 040 040 040 040 040 040 040 040 162 145 164 165 162 156 040 105
0067000 130 111 124 123 124 101 124 125 123 073 012 040 040 040 040 040
0067020 040 175 012 040 040 040 040 040 040 161 165 151 164 137 050 061
0067040 054 040 145 051 073 012 040 040 040 040 175 073 012 166 141 162
0067060 040 167 141 163 155 111 155 160 157 162 164 163 040 075 040 173
0067100 012 040 040 057 052 052 040 100 145 170 160 157 162 164 040 052
0067120 057 012 040 040 137 145 155 163 143 162 151 160 164 145 156 137
0067140 155 145 155 143 160 171 137 152 163 072 040 137 137 145 155 163
0067160 143 162 151 160 164 145 156 137 155 145 155 143 160 171 137 152
0067200 163 054 012 040 040 057 052 052 040 100 145 170 160 157 162 164
0067220 040 052 057 012 040 040 146 144 137 167 162 151 164 145 072 040
0067240 137 146 144 137 167 162 151 164 145 012 175 073 012 166 141 162
0067260 040 167 141 163 155 105 170 160 157 162 164 163 040 075 040 143
0067300 162 145 141 164 145 127 141 163 155 050 051 073 012 166 141 162
0067320 040 137 137 137 167 141 163 155 137 143 141 154 154 137 143 164
0067340 157 162 163 040 075 040 050 051 040 075 076 040 050 137 137 137
0067360 167 141 163 155 137 143 141 154 154 137 143 164 157 162 163 040
0067400 075 040 167 141 163 155 105 170 160 157 162 164 163 133 047 137
0067420 137 167 141 163 155 137 143 141 154 154 137 143 164 157 162 163
0067440 047 135 051 050 051 073 012 166 141 162 040 137 155 141 151 156
0067460 040 075 040 115 157 144 165 154 145 133 047 137 155 141 151 156
0067500 047 135 040 075 040 050 141 060 054 040 141 061 051 040 075 076
0067520 040 050 137 155 141 151 156 040 075 040 115 157 144 165 154 145
0067540 133 047 137 155 141 151 156 047 135 040 075 040 167 141 163 155
0067560 105 170 160 157 162 164 163 133 047 155 141 151 156 047 135 051
0067600 050 141 060 054 040 141 061 051 073 012 166 141 162 040 137 137
0067620 137 146 165 156 143 163 137 157 156 137 145 170 151 164 040 075
0067640 040 050 051 040 075 076 040 050 137 137 137 146 165 156 143 163
0067660 137 157 156 137 145 170 151 164 040 075 040 167 141 163 155 105
0067700 170 160 157 162 164 163 133 047 137 137 146 165 156 143 163 137
0067720 157 156 137 145 170 151 164 047 135 051 050 051 073 012 166 141
0067740 162 040 137 146 146 154 165 163 150 040 075 040 050 141 060 051
0067760 040 075 076 040 050 137 146 146 154 165 163 150 040 075 040 167
0070000 141 163 155 105 170 160 157 162 164 163 133 047 146 146 154 165
0070020 163 150 047 135 051 050 141 060 051 073 012 166 141 162 040 137
0070040 137 145 155 163 143 162 151 160 164 145 156 137 163 164 141 143
0070060 153 137 162 145 163 164 157 162 145 040 075 040 050 141 060 051
0070100 040 075 076 040 050 137 137 145 155 163 143 162 151 160 164 145
0070120 156 137 163 164 141 143 153 137 162 145 163 164 157 162 145 040
0070140 075 040 167 141 163 155 105 170 160 157 162 164 163 133 047 137
0070160 145 155 163 143 162 151 160 164 145 156 137 163 164 141 143 153
0070200 137 162 145 163 164 157 162 145 047 135 051 050 141 060 051 073
0070220 012 166 141 162 040 137 137 145 155 163 143 162 151 160 164 145
0070240 156 137 163 164 141 143 153 137 141 154 154 157 143 040 075 040
0070260 050 141 060 051 040 075 076 040 050 137 137 145 155 163 143 162
0070300 151 160 164 145 156 137 163 164 141 143 153 137 141 154 154 157
0070320 143 040 075 040 167 141 163 155 105 170 160 157 162 164 163 133
0070340 047 137 145 155 163 143 162 151 160 164 145 156 137 163 164 141
0070360 143 153 137 141 154 154 157 143 047 135 051 050 141 060 051 073
0070400 012 166 141 162 040 137 145 155 163 143 162 151 160 164 145 156
0070420 137 163 164 141 143 153 137 147 145 164 137 143 165 162 162 145
0070440 156 164 040 075 040 050 051 040 075 076 040 050 137 145 155 163
0070460 143 162 151 160 164 145 156 137 163 164 141 143 153 137 147 145
0070500 164 137 143 165 162 162 145 156 164 040 075 040 167 141 163 155
0070520 105 170 160 157 162 164 163 133 047 145 155 163 143 162 151 160
0070540 164 145 156 137 163 164 141 143 153 137 147 145 164 137 143 165
0070560 162 162 145 156 164 047 135 051 050 051 073 012 166 141 162 040
0070600 144 171 156 103 141 154 154 137 152 151 152 151 040 075 040 115
0070620 157 144 165 154 145 133 047 144 171 156 103 141 154 154 137 152
0070640 151 152 151 047 135 040 075 040 050 141 060 054 040 141 061 054
0070660 040 141 062 054 040 141 063 054 040 141 064 051 040 075 076 040
0070700 050 144 171 156 103 141 154 154 137 152 151 152 151 040 075 040
0070720 115 157 144 165 154 145 133 047 144 171 156 103 141 154 154 137
0070740 152 151 152 151 047 135 040 075 040 167 141 163 155 105 170 160
0070760 157 162 164 163 133 047 144 171 156 103 141 154 154 137 152 151
0071000 152 151 047 135 051 050 141 060 054 040 141 061 054 040 141 062
0071020 054 040 141 063 054 040 141 064 051 073 012 012 012 057 057 040
0071040 151 156 143 154 165 144 145 072 040 160 157 163 164 141 155 142
0071060 154 145 056 152 163 012 057 057 040 075 075 075 040 101 165 164
0071100 157 055 147 145 156 145 162 141 164 145 144 040 160 157 163 164
0071120 141 155 142 154 145 040 163 145 164 165 160 040 145 156 164 162
0071140 171 040 163 164 165 146 146 040 075 075 075 012 012 012 012 012
0071160 166 141 162 040 143 141 154 154 145 144 122 165 156 073 012 012
0071200 144 145 160 145 156 144 145 156 143 151 145 163 106 165 154 146
0071220 151 154 154 145 144 040 075 040 146 165 156 143 164 151 157 156
0071240 040 162 165 156 103 141 154 154 145 162 050 051 040 173 012 040
0071260 040 057 057 040 111 146 040 162 165 156 040 150 141 163 040 156
0071300 145 166 145 162 040 142 145 145 156 040 143 141 154 154 145 144
0071320 054 040 141 156 144 040 167 145 040 163 150 157 165 154 144 040
0071340 143 141 154 154 040 162 165 156 040 050 111 116 126 117 113 105
0071360 137 122 125 116 040 151 163 040 164 162 165 145 054 040 141 156
0071400 144 040 115 157 144 165 154 145 056 156 157 111 156 151 164 151
0071420 141 154 122 165 156 040 151 163 040 156 157 164 040 146 141 154
0071440 163 145 051 012 040 040 151 146 040 050 041 143 141 154 154 145
0071460 144 122 165 156 051 040 162 165 156 050 051 073 012 040 040 151
0071500 146 040 050 041 143 141 154 154 145 144 122 165 156 051 040 144
0071520 145 160 145 156 144 145 156 143 151 145 163 106 165 154 146 151
0071540 154 154 145 144 040 075 040 162 165 156 103 141 154 154 145 162
0071560 073 040 057 057 040 164 162 171 040 164 150 151 163 040 141 147
0071600 141 151 156 040 154 141 164 145 162 054 040 141 146 164 145 162
0071620 040 156 145 167 040 144 145 160 163 040 141 162 145 040 146 165
0071640 154 146 151 154 154 145 144 012 175 073 012 012 146 165 156 143
0071660 164 151 157 156 040 143 141 154 154 115 141 151 156 050 051 040
0071700 173 012 012 040 040 166 141 162 040 145 156 164 162 171 106 165
0071720 156 143 164 151 157 156 040 075 040 137 155 141 151 156 073 012
0071740 012 040 040 166 141 162 040 141 162 147 143 040 075 040 060 073
0071760 012 040 040 166 141 162 040 141 162 147 166 040 075 040 060 073
0072000 012 012 040 040 164 162 171 040 173 012 012 040 040 040 040 166
0072020 141 162 040 162 145 164 040 075 040 145 156 164 162 171 106 165
0072040 156 143 164 151 157 156 050 141 162 147 143 054 040 141 162 147
0072060 166 051 073 012 012 040 040 040 040 057 057 040 151 146 040 167
0072100 145 047 162 145 040 156 157 164 040 162 165 156 156 151 156 147
0072120 040 141 156 040 145 166 145 156 164 145 144 040 155 141 151 156
0072140 040 154 157 157 160 054 040 151 164 047 163 040 164 151 155 145
0072160 040 164 157 040 145 170 151 164 012 040 040 040 040 145 170 151
0072200 164 112 123 050 162 145 164 054 040 057 052 040 151 155 160 154
0072220 151 143 151 164 040 075 040 052 057 040 164 162 165 145 051 073
0072240 012 040 040 040 040 162 145 164 165 162 156 040 162 145 164 073
0072260 012 040 040 175 012 040 040 143 141 164 143 150 040 050 145 051
0072300 040 173 012 040 040 040 040 162 145 164 165 162 156 040 150 141
0072320 156 144 154 145 105 170 143 145 160 164 151 157 156 050 145 051
0072340 073 012 040 040 175 012 175 012 012 146 165 156 143 164 151 157
0072360 156 040 162 165 156 050 051 040 173 012 012 040 040 151 146 040
0072400 050 162 165 156 104 145 160 145 156 144 145 156 143 151 145 163
0072420 040 076 040 060 051 040 173 012 040 040 040 040 162 145 164 165
0072440 162 156 073 012 040 040 175 012 012 040 040 160 162 145 122 165
0072460 156 050 051 073 012 012 040 040 057 057 040 141 040 160 162 145
0072500 122 165 156 040 141 144 144 145 144 040 141 040 144 145 160 145
0072520 156 144 145 156 143 171 054 040 162 165 156 040 167 151 154 154
0072540 040 142 145 040 143 141 154 154 145 144 040 154 141 164 145 162
0072560 012 040 040 151 146 040 050 162 165 156 104 145 160 145 156 144
0072600 145 156 143 151 145 163 040 076 040 060 051 040 173 012 040 040
0072620 040 040 162 145 164 165 162 156 073 012 040 040 175 012 012 040
0072640 040 146 165 156 143 164 151 157 156 040 144 157 122 165 156 050
0072660 051 040 173 012 040 040 040 040 057 057 040 162 165 156 040 155
0072700 141 171 040 150 141 166 145 040 152 165 163 164 040 142 145 145
0072720 156 040 143 141 154 154 145 144 040 164 150 162 157 165 147 150
0072740 040 144 145 160 145 156 144 145 156 143 151 145 163 040 142 145
0072760 151 156 147 040 146 165 154 146 151 154 154 145 144 040 152 165
0073000 163 164 040 151 156 040 164 150 151 163 040 166 145 162 171 040
0073020 146 162 141 155 145 054 012 040 040 040 040 057 057 040 157 162
0073040 040 167 150 151 154 145 040 164 150 145 040 141 163 171 156 143
0073060 040 163 145 164 123 164 141 164 165 163 040 164 151 155 145 040
0073100 142 145 154 157 167 040 167 141 163 040 150 141 160 160 145 156
0073120 151 156 147 012 040 040 040 040 151 146 040 050 143 141 154 154
0073140 145 144 122 165 156 051 040 162 145 164 165 162 156 073 012 040
0073160 040 040 040 143 141 154 154 145 144 122 165 156 040 075 040 164
0073200 162 165 145 073 012 040 040 040 040 115 157 144 165 154 145 133
0073220 047 143 141 154 154 145 144 122 165 156 047 135 040 075 040 164
0073240 162 165 145 073 012 012 040 040 040 040 151 146 040 050 101 102
0073260 117 122 124 051 040 162 145 164 165 162 156 073 012 012 040 040
0073300 040 040 151 156 151 164 122 165 156 164 151 155 145 050 051 073
0073320 012 012 040 040 040 040 160 162 145 115 141 151 156 050 051 073
0073340 012 012 040 040 040 040 115 157 144 165 154 145 133 047 157 156
0073360 122 165 156 164 151 155 145 111 156 151 164 151 141 154 151 172
0073400 145 144 047 135 077 056 050 051 073 012 012 040 040 040 040 151
0073420 146 040 050 163 150 157 165 154 144 122 165 156 116 157 167 051
0073440 040 143 141 154 154 115 141 151 156 050 051 073 012 012 040 040
0073460 040 040 160 157 163 164 122 165 156 050 051 073 012 040 040 175
0073500 012 012 040 040 151 146 040 050 115 157 144 165 154 145 133 047
0073520 163 145 164 123 164 141 164 165 163 047 135 051 040 173 012 040
0073540 040 040 040 115 157 144 165 154 145 133 047 163 145 164 123 164
0073560 141 164 165 163 047 135 050 047 122 165 156 156 151 156 147 056
0073600 056 056 047 051 073 012 040 040 040 040 163 145 164 124 151 155
0073620 145 157 165 164 050 146 165 156 143 164 151 157 156 050 051 040
0073640 173 012 040 040 040 040 040 040 163 145 164 124 151 155 145 157
0073660 165 164 050 146 165 156 143 164 151 157 156 050 051 040 173 012
0073700 040 040 040 040 040 040 040 040 115 157 144 165 154 145 133 047
0073720 163 145 164 123 164 141 164 165 163 047 135 050 047 047 051 073
0073740 012 040 040 040 040 040 040 175 054 040 061 051 073 012 040 040
0073760 040 040 040 040 144 157 122 165 156 050 051 073 012 040 040 040
0074000 040 175 054 040 061 051 073 012 040 040 175 040 145 154 163 145
0074020 012 040 040 173 012 040 040 040 040 144 157 122 165 156 050 051
0074040 073 012 040 040 175 012 175 012 012 151 146 040 050 115 157 144
0074060 165 154 145 133 047 160 162 145 111 156 151 164 047 135 051 040
0074100 173 012 040 040 151 146 040 050 164 171 160 145 157 146 040 115
0074120 157 144 165 154 145 133 047 160 162 145 111 156 151 164 047 135
0074140 040 075 075 040 047 146 165 156 143 164 151 157 156 047 051 040
0074160 115 157 144 165 154 145 133 047 160 162 145 111 156 151 164 047
0074200 135 040 075 040 133 115 157 144 165 154 145 133 047 160 162 145
0074220 111 156 151 164 047 135 135 073 012 040 040 167 150 151 154 145
0074240 040 050 115 157 144 165 154 145 133 047 160 162 145 111 156 151
0074260 164 047 135 056 154 145 156 147 164 150 040 076 040 060 051 040
0074300 173 012 040 040 040 040 115 157 144 165 154 145 133 047 160 162
0074320 145 111 156 151 164 047 135 056 160 157 160 050 051 050 051 073
0074340 012 040 040 175 012 175 012 012 057 057 040 163 150 157 165 154
0074360 144 122 165 156 116 157 167 040 162 145 146 145 162 163 040 164
0074400 157 040 143 141 154 154 151 156 147 040 155 141 151 156 050 051
0074420 054 040 156 157 164 040 162 165 156 050 051 056 012 166 141 162
0074440 040 163 150 157 165 154 144 122 165 156 116 157 167 040 075 040
0074460 164 162 165 145 073 012 012 151 146 040 050 115 157 144 165 154
0074500 145 133 047 156 157 111 156 151 164 151 141 154 122 165 156 047
0074520 135 051 040 163 150 157 165 154 144 122 165 156 116 157 167 040
0074540 075 040 146 141 154 163 145 073 012 012 162 165 156 050 051 073
0074560 012 012 057 057 040 145 156 144 040 151 156 143 154 165 144 145
0074600 072 040 160 157 163 164 141 155 142 154 145 056 152 163 012 012
0074620
configure:17827: result: unknown 
configure:17883: checking for TLS support using C11
configure:17905: /usr/lib/emsdk/upstream/emscripten/emcc -o conftest -Wall -Wmissing-prototypes -Wpointer-arith -g -O2 -ffloat-store  -I/home/juli/Matlab/scctools/ports/c_symb/gmp-6.2.1/install/include -I./src  -L/home/juli/Matlab/scctools/ports/c_symb/gmp-6.2.1/install/lib conftest.c  >&5
clang: warning: optimization flag '-ffloat-store' is not supported [-Wignored-optimization-argument]
emcc: warning: running limited binaryen optimizations because DWARF info requested (or indirectly required) [-Wlimited-postlink-optimizations]
configure:17905: $? = 0
configure:17905: ./conftest
configure:17905: $? = 0
configure:17907: result: yes
configure:17988: checking if compiler knows _Decimal64
configure:18001: /usr/lib/emsdk/upstream/emscripten/emcc -c -Wall -Wmissing-prototypes -Wpointer-arith -g -O2 -ffloat-store  -I/home/juli/Matlab/scctools/ports/c_symb/gmp-6.2.1/install/include conftest.c >&5
clang: warning: optimization flag '-ffloat-store' is not supported [-Wignored-optimization-argument]
conftest.c:53:1: error: GNU decimal type extension not supported
   53 | _Decimal64 x;
      | ^
1 error generated.
configure:18001: $? = 1
configure: failed program was:
| /* confdefs.h */
| #define PACKAGE_NAME "MPFR"
| #define PACKAGE_TARNAME "mpfr"
| #define PACKAGE_VERSION "4.2.1"
| #define PACKAGE_STRING "MPFR 4.2.1"
| #define PACKAGE_BUGREPORT ""
| #define PACKAGE_URL ""
| #define HAVE_STDIO_H 1
| #define HAVE_STDLIB_H 1
| #define HAVE_STRING_H 1
| #define HAVE_INTTYPES_H 1
| #define HAVE_STDINT_H 1
| #define HAVE_STRINGS_H 1
| #define HAVE_SYS_STAT_H 1
| #define HAVE_SYS_TYPES_H 1
| #define HAVE_UNISTD_H 1
| #define STDC_HEADERS 1
| #define HAVE_DLFCN_H 1
| #define LT_OBJDIR ".libs/"
| #define HAVE_LITTLE_ENDIAN 1
| #define HAVE_CLOCK_GETTIME 1
| #define HAVE_LOCALE_H 1
| #define HAVE_WCHAR_H 1
| #define HAVE_STDARG 1
| #define HAVE_STRUCT_LCONV_DECIMAL_POINT 1
| #define HAVE_STRUCT_LCONV_THOUSANDS_SEP 1
| #define HAVE_ALLOCA_H 1
| #define HAVE_ALLOCA 1
| #define HAVE_UINTPTR_T 1
| #define HAVE_VA_COPY 1
| #define HAVE_SETLOCALE 1
| #define HAVE_GETTIMEOFDAY 1
| #define HAVE_SIGNAL 1
| #define HAVE_SIGACTION 1
| #define HAVE_LONG_LONG 1
| #define HAVE_INTMAX_T 1
| #define MPFR_HAVE_INTMAX_MAX 1
| #define MPFR_HAVE_NORETURN 1
| #define MPFR_HAVE_BUILTIN_UNREACHABLE 1
| #define MPFR_HAVE_CONSTRUCTOR_ATTR 1
| #define MPFR_HAVE_FESETROUND 1
| #define HAVE_SUBNORM_DBL 1
| #define HAVE_SUBNORM_FLT 1
| #define HAVE_SIGNEDZ 1
| #define HAVE_ROUND 1
| #define HAVE_TRUNC 1
| #define HAVE_FLOOR 1
| #define HAVE_CEIL 1
| #define HAVE_NEARBYINT 1
| #define MPFR_USE_THREAD_SAFE 1
| #define MPFR_USE_C11_THREAD_SAFE 1
| /* end confdefs.h.  */
| _Decimal64 x;
| int
| main (void)
| {
| 
|   ;
|   return 0;
| }
configure:18097: result: no
configure:18126: checking bit-field ordering for _Decimal128
configure:18169: /usr/lib/emsdk/upstream/emscripten/emcc -o conftest -Wall -Wmissing-prototypes -Wpointer-arith -g -O2 -ffloat-store  -I/home/juli/Matlab/scctools/ports/c_symb/gmp-6.2.1/install/include  -L/home/juli/Matlab/scctools/ports/c_symb/gmp-6.2.1/install/lib conftest.c  >&5
clang: warning: optimization flag '-ffloat-store' is not supported [-Wignored-optimization-argument]
conftest.c:70:7: error: GNU decimal type extension not supported
   70 |       _Decimal128 d128;
      |       ^
conftest.c:73:17: error: invalid suffix 'dl' on floating constant
   73 |     x.d128 = 1.0dl;
      |                 ^
2 errors generated.
emcc: error: '/usr/lib/emsdk/upstream/bin/clang -target wasm32-unknown-emscripten -fignore-exceptions -mllvm -combiner-global-alias-analysis=false -mllvm -enable-emscripten-sjlj -mllvm -disable-lsr --sysroot=/usr/lib/emsdk/upstream/emscripten/cache/sysroot -DEMSCRIPTEN -Werror=implicit-function-declaration -Xclang -iwithsysroot/include/fakesdl -Xclang -iwithsysroot/include/compat -Wall -Wmissing-prototypes -Wpointer-arith -g3 -O2 -ffloat-store -I/home/juli/Matlab/scctools/ports/c_symb/gmp-6.2.1/install/include conftest.c -c -o /tmp/emscripten_temp_h5dfvmsb/conftest_0.o' failed (returned 1)
configure:18169: $? = 1
configure: program exited with status 1
configure: failed program was:
| /* confdefs.h */
| #define PACKAGE_NAME "MPFR"
| #define PACKAGE_TARNAME "mpfr"
| #define PACKAGE_VERSION "4.2.1"
| #define PACKAGE_STRING "MPFR 4.2.1"
| #define PACKAGE_BUGREPORT ""
| #define PACKAGE_URL ""
| #define HAVE_STDIO_H 1
| #define HAVE_STDLIB_H 1
| #define HAVE_STRING_H 1
| #define HAVE_INTTYPES_H 1
| #define HAVE_STDINT_H 1
| #define HAVE_STRINGS_H 1
| #define HAVE_SYS_STAT_H 1
| #define HAVE_SYS_TYPES_H 1
| #define HAVE_UNISTD_H 1
| #define STDC_HEADERS 1
| #define HAVE_DLFCN_H 1
| #define LT_OBJDIR ".libs/"
| #define HAVE_LITTLE_ENDIAN 1
| #define HAVE_CLOCK_GETTIME 1
| #define HAVE_LOCALE_H 1
| #define HAVE_WCHAR_H 1
| #define HAVE_STDARG 1
| #define HAVE_STRUCT_LCONV_DECIMAL_POINT 1
| #define HAVE_STRUCT_LCONV_THOUSANDS_SEP 1
| #define HAVE_ALLOCA_H 1
| #define HAVE_ALLOCA 1
| #define HAVE_UINTPTR_T 1
| #define HAVE_VA_COPY 1
| #define HAVE_SETLOCALE 1
| #define HAVE_GETTIMEOFDAY 1
| #define HAVE_SIGNAL 1
| #define HAVE_SIGACTION 1
| #define HAVE_LONG_LONG 1
| #define HAVE_INTMAX_T 1
| #define MPFR_HAVE_INTMAX_MAX 1
| #define MPFR_HAVE_NORETURN 1
| #define MPFR_HAVE_BUILTIN_UNREACHABLE 1
| #define MPFR_HAVE_CONSTRUCTOR_ATTR 1
| #define MPFR_HAVE_FESETROUND 1
| #define HAVE_SUBNORM_DBL 1
| #define HAVE_SUBNORM_FLT 1
| #define HAVE_SIGNEDZ 1
| #define HAVE_ROUND 1
| #define HAVE_TRUNC 1
| #define HAVE_FLOOR 1
| #define HAVE_CEIL 1
| #define HAVE_NEARBYINT 1
| #define MPFR_USE_THREAD_SAFE 1
| #define MPFR_USE_C11_THREAD_SAFE 1
| /* end confdefs.h.  */
| 
| 
| int
| main (void)
| {
| 
|     union ieee_decimal128
|     {
|       struct
|       {
|         unsigned int t3:32;
|         unsigned int t2:32;
|         unsigned int t1:32;
|         unsigned int t0:14;
|         unsigned int comb:17;
|         unsigned int sig:1;
|       } s;
|       _Decimal128 d128;
|     } x;
| 
|     x.d128 = 1.0dl;
|     if (x.s.sig == 0 && x.s.comb == 49400 &&
|         x.s.t0 == 0 && x.s.t1 == 0 && x.s.t2 == 0 && x.s.t3 == 10)
|        return 80; /* little endian */
|     else if (x.s.sig == 0 && x.s.comb == 8 &&
|              x.s.t0 == 0 && x.s.t1 == 0 && x.s.t2 == 0 && x.s.t3 == 570933248)
|        return 81; /* big endian */
|     else
|        return 82; /* unknown encoding */
| 
|   ;
|   return 0;
| }
configure:18184: result: unavailable or unknown
configure:18197: checking if _Float128 with hex constants is supported
configure:18213: /usr/lib/emsdk/upstream/emscripten/emcc -o conftest -Wall -Wmissing-prototypes -Wpointer-arith -g -O2 -ffloat-store  -I/home/juli/Matlab/scctools/ports/c_symb/gmp-6.2.1/install/include  -L/home/juli/Matlab/scctools/ports/c_symb/gmp-6.2.1/install/lib conftest.c  >&5
clang: warning: optimization flag '-ffloat-store' is not supported [-Wignored-optimization-argument]
conftest.c:58:10: error: unknown type name '_Float128'
   58 | volatile _Float128 x = 0x1.fp+16383f128;
      |          ^
conftest.c:58:36: error: invalid suffix 'f128' on floating constant
   58 | volatile _Float128 x = 0x1.fp+16383f128;
      |                                    ^
2 errors generated.
emcc: error: '/usr/lib/emsdk/upstream/bin/clang -target wasm32-unknown-emscripten -fignore-exceptions -mllvm -combiner-global-alias-analysis=false -mllvm -enable-emscripten-sjlj -mllvm -disable-lsr --sysroot=/usr/lib/emsdk/upstream/emscripten/cache/sysroot -DEMSCRIPTEN -Werror=implicit-function-declaration -Xclang -iwithsysroot/include/fakesdl -Xclang -iwithsysroot/include/compat -Wall -Wmissing-prototypes -Wpointer-arith -g3 -O2 -ffloat-store -I/home/juli/Matlab/scctools/ports/c_symb/gmp-6.2.1/install/include conftest.c -c -o /tmp/emscripten_temp_88qspla0/conftest_0.o' failed (returned 1)
configure:18213: $? = 1
configure: failed program was:
| /* confdefs.h */
| #define PACKAGE_NAME "MPFR"
| #define PACKAGE_TARNAME "mpfr"
| #define PACKAGE_VERSION "4.2.1"
| #define PACKAGE_STRING "MPFR 4.2.1"
| #define PACKAGE_BUGREPORT ""
| #define PACKAGE_URL ""
| #define HAVE_STDIO_H 1
| #define HAVE_STDLIB_H 1
| #define HAVE_STRING_H 1
| #define HAVE_INTTYPES_H 1
| #define HAVE_STDINT_H 1
| #define HAVE_STRINGS_H 1
| #define HAVE_SYS_STAT_H 1
| #define HAVE_SYS_TYPES_H 1
| #define HAVE_UNISTD_H 1
| #define STDC_HEADERS 1
| #define HAVE_DLFCN_H 1
| #define LT_OBJDIR ".libs/"
| #define HAVE_LITTLE_ENDIAN 1
| #define HAVE_CLOCK_GETTIME 1
| #define HAVE_LOCALE_H 1
| #define HAVE_WCHAR_H 1
| #define HAVE_STDARG 1
| #define HAVE_STRUCT_LCONV_DECIMAL_POINT 1
| #define HAVE_STRUCT_LCONV_THOUSANDS_SEP 1
| #define HAVE_ALLOCA_H 1
| #define HAVE_ALLOCA 1
| #define HAVE_UINTPTR_T 1
| #define HAVE_VA_COPY 1
| #define HAVE_SETLOCALE 1
| #define HAVE_GETTIMEOFDAY 1
| #define HAVE_SIGNAL 1
| #define HAVE_SIGACTION 1
| #define HAVE_LONG_LONG 1
| #define HAVE_INTMAX_T 1
| #define MPFR_HAVE_INTMAX_MAX 1
| #define MPFR_HAVE_NORETURN 1
| #define MPFR_HAVE_BUILTIN_UNREACHABLE 1
| #define MPFR_HAVE_CONSTRUCTOR_ATTR 1
| #define MPFR_HAVE_FESETROUND 1
| #define HAVE_SUBNORM_DBL 1
| #define HAVE_SUBNORM_FLT 1
| #define HAVE_SIGNEDZ 1
| #define HAVE_ROUND 1
| #define HAVE_TRUNC 1
| #define HAVE_FLOOR 1
| #define HAVE_CEIL 1
| #define HAVE_NEARBYINT 1
| #define MPFR_USE_THREAD_SAFE 1
| #define MPFR_USE_C11_THREAD_SAFE 1
| /* end confdefs.h.  */
| 
| int
| main (void)
| {
| 
| volatile _Float128 x = 0x1.fp+16383f128;
| return x == 0;
| 
|   ;
|   return 0;
| }
configure:18221: result: no
configure:18223: checking if __float128 can be used as a fallback
configure:18241: /usr/lib/emsdk/upstream/emscripten/emcc -o conftest -Wall -Wmissing-prototypes -Wpointer-arith -g -O2 -ffloat-store  -I/home/juli/Matlab/scctools/ports/c_symb/gmp-6.2.1/install/include  -L/home/juli/Matlab/scctools/ports/c_symb/gmp-6.2.1/install/lib conftest.c  >&5
clang: warning: optimization flag '-ffloat-store' is not supported [-Wignored-optimization-argument]
emcc: warning: running limited binaryen optimizations because DWARF info requested (or indirectly required) [-Wlimited-postlink-optimizations]
configure:18241: $? = 0
configure:18243: result: yes
configure:18267: checking for Static Assertion support
configure:18288: /usr/lib/emsdk/upstream/emscripten/emcc -c -Wall -Wmissing-prototypes -Wpointer-arith -g -O2 -ffloat-store  -I/home/juli/Matlab/scctools/ports/c_symb/gmp-6.2.1/install/include -I./src conftest.c >&5
clang: warning: optimization flag '-ffloat-store' is not supported [-Wignored-optimization-argument]
configure:18288: $? = 0
configure:18290: result: yes
configure:18446: checking whether gcc __attribute__ ((mode (XX))) works
configure:18463: /usr/lib/emsdk/upstream/emscripten/emcc -c -Wall -Wmissing-prototypes -Wpointer-arith -g -O2 -ffloat-store  -I/home/juli/Matlab/scctools/ports/c_symb/gmp-6.2.1/install/include conftest.c >&5
clang: warning: optimization flag '-ffloat-store' is not supported [-Wignored-optimization-argument]
configure:18463: $? = 0
configure:18472: result: yes
configure:18486: checking for gmp.h
configure:18494: /usr/lib/emsdk/upstream/emscripten/emcc -c -Wall -Wmissing-prototypes -Wpointer-arith -g -O2 -ffloat-store  -I/home/juli/Matlab/scctools/ports/c_symb/gmp-6.2.1/install/include conftest.c >&5
clang: warning: optimization flag '-ffloat-store' is not supported [-Wignored-optimization-argument]
configure:18494: $? = 0
configure:18496: result: yes
configure:18577: checking for recent GMP
configure:18589: /usr/lib/emsdk/upstream/emscripten/emcc -c -Wall -Wmissing-prototypes -Wpointer-arith -g -O2 -ffloat-store  -I/home/juli/Matlab/scctools/ports/c_symb/gmp-6.2.1/install/include conftest.c >&5
clang: warning: optimization flag '-ffloat-store' is not supported [-Wignored-optimization-argument]
configure:18589: $? = 0
configure:18591: result: yes
configure:18602: checking usable gmp.h at link time
configure:18617: /usr/lib/emsdk/upstream/emscripten/emcc -o conftest -Wall -Wmissing-prototypes -Wpointer-arith -g -O2 -ffloat-store  -I/home/juli/Matlab/scctools/ports/c_symb/gmp-6.2.1/install/include  -L/home/juli/Matlab/scctools/ports/c_symb/gmp-6.2.1/install/lib conftest.c  >&5
clang: warning: optimization flag '-ffloat-store' is not supported [-Wignored-optimization-argument]
emcc: warning: running limited binaryen optimizations because DWARF info requested (or indirectly required) [-Wlimited-postlink-optimizations]
configure:18617: $? = 0
configure:18619: result: yes
configure:18660: checking for GMP_NUMB_BITS and sizeof(mp_limb_t) consistency
configure:18690: /usr/lib/emsdk/upstream/emscripten/emcc -o conftest -Wall -Wmissing-prototypes -Wpointer-arith -g -O2 -ffloat-store  -I/home/juli/Matlab/scctools/ports/c_symb/gmp-6.2.1/install/include  -L/home/juli/Matlab/scctools/ports/c_symb/gmp-6.2.1/install/lib conftest.c  >&5
clang: warning: optimization flag '-ffloat-store' is not supported [-Wignored-optimization-argument]
emcc: warning: running limited binaryen optimizations because DWARF info requested (or indirectly required) [-Wlimited-postlink-optimizations]
configure:18690: $? = 0
configure:18690: ./conftest
configure:18690: $? = 0
configure:18692: result: yes
configure:18709: checking for long to fit in mp_limb_t
configure:18738: /usr/lib/emsdk/upstream/emscripten/emcc -o conftest -Wall -Wmissing-prototypes -Wpointer-arith -g -O2 -ffloat-store  -I/home/juli/Matlab/scctools/ports/c_symb/gmp-6.2.1/install/include -I./src  -L/home/juli/Matlab/scctools/ports/c_symb/gmp-6.2.1/install/lib conftest.c  >&5
clang: warning: optimization flag '-ffloat-store' is not supported [-Wignored-optimization-argument]
emcc: warning: running limited binaryen optimizations because DWARF info requested (or indirectly required) [-Wlimited-postlink-optimizations]
configure:18738: $? = 0
configure:18748: result: yes
configure:18761: checking for intmax_t to fit in mp_limb_t
configure:18791: /usr/lib/emsdk/upstream/emscripten/emcc -o conftest -Wall -Wmissing-prototypes -Wpointer-arith -g -O2 -ffloat-store  -I/home/juli/Matlab/scctools/ports/c_symb/gmp-6.2.1/install/include -I./src -DMPFR_NEED_INTMAX_H  -L/home/juli/Matlab/scctools/ports/c_symb/gmp-6.2.1/install/lib conftest.c  >&5
clang: warning: optimization flag '-ffloat-store' is not supported [-Wignored-optimization-argument]
conftest.c:70:28: error: static assertion failed due to requirement '(unsigned long)-1 >= (unsigned long long)-1': (mp_limb_t) -1 >= (uintmax_t) -1
   70 |   MPFR_STAT_STATIC_ASSERT ((mp_limb_t) -1 >= (uintmax_t) -1);
      |                            ^~~~~~~~~~~~~~~~~~~~~~~~~~~~~~~~
./src/mpfr-sassert.h:44:55: note: expanded from macro 'MPFR_STAT_STATIC_ASSERT'
   44 | #   define MPFR_STAT_STATIC_ASSERT(c) _Static_assert((c), #c )
      |                                                       ^
conftest.c:70:43: note: expression evaluates to '4294967295 >= 18446744073709551615'
   70 |   MPFR_STAT_STATIC_ASSERT ((mp_limb_t) -1 >= (uintmax_t) -1);
      |                            ~~~~~~~~~~~~~~~^~~~~~~~~~~~~~~~~
./src/mpfr-sassert.h:44:55: note: expanded from macro 'MPFR_STAT_STATIC_ASSERT'
   44 | #   define MPFR_STAT_STATIC_ASSERT(c) _Static_assert((c), #c )
      |                                                       ^
1 error generated.
emcc: error: '/usr/lib/emsdk/upstream/bin/clang -target wasm32-unknown-emscripten -fignore-exceptions -mllvm -combiner-global-alias-analysis=false -mllvm -enable-emscripten-sjlj -mllvm -disable-lsr --sysroot=/usr/lib/emsdk/upstream/emscripten/cache/sysroot -DEMSCRIPTEN -Werror=implicit-function-declaration -Xclang -iwithsysroot/include/fakesdl -Xclang -iwithsysroot/include/compat -Wall -Wmissing-prototypes -Wpointer-arith -g3 -O2 -ffloat-store -I/home/juli/Matlab/scctools/ports/c_symb/gmp-6.2.1/install/include -I./src -DMPFR_NEED_INTMAX_H conftest.c -c -o /tmp/emscripten_temp_aaxc0iib/conftest_0.o' failed (returned 1)
configure:18791: $? = 1
configure: failed program was:
| /* confdefs.h */
| #define PACKAGE_NAME "MPFR"
| #define PACKAGE_TARNAME "mpfr"
| #define PACKAGE_VERSION "4.2.1"
| #define PACKAGE_STRING "MPFR 4.2.1"
| #define PACKAGE_BUGREPORT ""
| #define PACKAGE_URL ""
| #define HAVE_STDIO_H 1
| #define HAVE_STDLIB_H 1
| #define HAVE_STRING_H 1
| #define HAVE_INTTYPES_H 1
| #define HAVE_STDINT_H 1
| #define HAVE_STRINGS_H 1
| #define HAVE_SYS_STAT_H 1
| #define HAVE_SYS_TYPES_H 1
| #define HAVE_UNISTD_H 1
| #define STDC_HEADERS 1
| #define HAVE_DLFCN_H 1
| #define LT_OBJDIR ".libs/"
| #define HAVE_LITTLE_ENDIAN 1
| #define HAVE_CLOCK_GETTIME 1
| #define HAVE_LOCALE_H 1
| #define HAVE_WCHAR_H 1
| #define HAVE_STDARG 1
| #define HAVE_STRUCT_LCONV_DECIMAL_POINT 1
| #define HAVE_STRUCT_LCONV_THOUSANDS_SEP 1
| #define HAVE_ALLOCA_H 1
| #define HAVE_ALLOCA 1
| #define HAVE_UINTPTR_T 1
| #define HAVE_VA_COPY 1
| #define HAVE_SETLOCALE 1
| #define HAVE_GETTIMEOFDAY 1
| #define HAVE_SIGNAL 1
| #define HAVE_SIGACTION 1
| #define HAVE_LONG_LONG 1
| #define HAVE_INTMAX_T 1
| #define MPFR_HAVE_INTMAX_MAX 1
| #define MPFR_HAVE_NORETURN 1
| #define MPFR_HAVE_BUILTIN_UNREACHABLE 1
| #define MPFR_HAVE_CONSTRUCTOR_ATTR 1
| #define MPFR_HAVE_FESETROUND 1
| #define HAVE_SUBNORM_DBL 1
| #define HAVE_SUBNORM_FLT 1
| #define HAVE_SIGNEDZ 1
| #define HAVE_ROUND 1
| #define HAVE_TRUNC 1
| #define HAVE_FLOOR 1
| #define HAVE_CEIL 1
| #define HAVE_NEARBYINT 1
| #define MPFR_USE_THREAD_SAFE 1
| #define MPFR_USE_C11_THREAD_SAFE 1
| #define MPFR_WANT_FLOAT128 2
| #define _Float128 __float128
| #define MPFR_USE_STATIC_ASSERT 1
| #define HAVE_ATTRIBUTE_MODE 1
| #define MPFR_LONG_WITHIN_LIMB 1
| /* end confdefs.h.  */
| 
| #include "gmp.h"
| /* Make sure that a static assertion is used (not MPFR_ASSERTN). */
| #undef MPFR_USE_STATIC_ASSERT
| #define MPFR_USE_STATIC_ASSERT 1
| #include "mpfr-sassert.h"
| #include "mpfr-intmax.h"
| 
| int
| main (void)
| {
| 
|   MPFR_STAT_STATIC_ASSERT ((mp_limb_t) -1 >= (uintmax_t) -1);
|   return 0;
| 
|   ;
|   return 0;
| }
configure:18801: result: no
configure:18815: checking if we can link with GMP
configure:18833: /usr/lib/emsdk/upstream/emscripten/emcc -o conftest -Wall -Wmissing-prototypes -Wpointer-arith -g -O2 -ffloat-store  -I/home/juli/Matlab/scctools/ports/c_symb/gmp-6.2.1/install/include  -L/home/juli/Matlab/scctools/ports/c_symb/gmp-6.2.1/install/lib conftest.c -lgmp  >&5
clang: warning: optimization flag '-ffloat-store' is not supported [-Wignored-optimization-argument]
emcc: warning: running limited binaryen optimizations because DWARF info requested (or indirectly required) [-Wlimited-postlink-optimizations]
configure:18833: $? = 0
configure:18835: result: yes
configure:18848: checking if gmp.h version and libgmp version are the same
configure:18888: /usr/lib/emsdk/upstream/emscripten/emcc -o conftest -Wall -Wmissing-prototypes -Wpointer-arith -g -O2 -ffloat-store  -I/home/juli/Matlab/scctools/ports/c_symb/gmp-6.2.1/install/include  -L/home/juli/Matlab/scctools/ports/c_symb/gmp-6.2.1/install/lib conftest.c -lgmp  >&5
clang: warning: optimization flag '-ffloat-store' is not supported [-Wignored-optimization-argument]
emcc: warning: running limited binaryen optimizations because DWARF info requested (or indirectly required) [-Wlimited-postlink-optimizations]
configure:18888: $? = 0
configure:18888: ./conftest
gmp.h: 6.2.1 / libgmp: 6.2.1
configure:18888: $? = 0
configure:18890: result: yes
configure:18893: checking for GMP library vs header correctness
configure:18940: /usr/lib/emsdk/upstream/emscripten/emcc -o conftest -Wall -Wmissing-prototypes -Wpointer-arith -g -O2 -ffloat-store  -I/home/juli/Matlab/scctools/ports/c_symb/gmp-6.2.1/install/include  -L/home/juli/Matlab/scctools/ports/c_symb/gmp-6.2.1/install/lib conftest.c -lgmp  >&5
clang: warning: optimization flag '-ffloat-store' is not supported [-Wignored-optimization-argument]
emcc: warning: running limited binaryen optimizations because DWARF info requested (or indirectly required) [-Wlimited-postlink-optimizations]
configure:18940: $? = 0
configure:18940: ./conftest
GMP_NAIL_BITS     = 0
GMP_NUMB_BITS     = 32
mp_bits_per_limb  = 32
sizeof(mp_limb_t) = 4
configure:18940: $? = 0
configure:18952: result: yes
configure:18961: checking for double-to-integer conversion bug
configure:19006: /usr/lib/emsdk/upstream/emscripten/emcc -o conftest -Wall -Wmissing-prototypes -Wpointer-arith -g -O2 -ffloat-store  -I/home/juli/Matlab/scctools/ports/c_symb/gmp-6.2.1/install/include  -L/home/juli/Matlab/scctools/ports/c_symb/gmp-6.2.1/install/lib conftest.c -lgmp  >&5
clang: warning: optimization flag '-ffloat-store' is not supported [-Wignored-optimization-argument]
emcc: warning: running limited binaryen optimizations because DWARF info requested (or indirectly required) [-Wlimited-postlink-optimizations]
configure:19006: $? = 0
configure:19006: ./conftest
configure:19006: $? = 0
configure:19018: result: no
configure:19029: checking if gmp_printf supports "%jd"
configure:19077: /usr/lib/emsdk/upstream/emscripten/emcc -o conftest -Wall -Wmissing-prototypes -Wpointer-arith -g -O2 -ffloat-store  -I/home/juli/Matlab/scctools/ports/c_symb/gmp-6.2.1/install/include  -L/home/juli/Matlab/scctools/ports/c_symb/gmp-6.2.1/install/lib conftest.c -lgmp  >&5
clang: warning: optimization flag '-ffloat-store' is not supported [-Wignored-optimization-argument]
emcc: warning: running limited binaryen optimizations because DWARF info requested (or indirectly required) [-Wlimited-postlink-optimizations]
configure:19077: $? = 0
configure:19077: ./conftest
configure:19077: $? = 0
configure:19079: result: yes
configure:19097: checking if gmp_printf supports "%hhd"
configure:19140: /usr/lib/emsdk/upstream/emscripten/emcc -o conftest -Wall -Wmissing-prototypes -Wpointer-arith -g -O2 -ffloat-store  -I/home/juli/Matlab/scctools/ports/c_symb/gmp-6.2.1/install/include  -L/home/juli/Matlab/scctools/ports/c_symb/gmp-6.2.1/install/lib conftest.c -lgmp  >&5
clang: warning: optimization flag '-ffloat-store' is not supported [-Wignored-optimization-argument]
emcc: warning: running limited binaryen optimizations because DWARF info requested (or indirectly required) [-Wlimited-postlink-optimizations]
configure:19140: $? = 0
configure:19140: ./conftest
configure:19140: $? = 0
configure:19142: result: yes
configure:19159: checking if gmp_printf supports "%lld"
configure:19202: /usr/lib/emsdk/upstream/emscripten/emcc -o conftest -Wall -Wmissing-prototypes -Wpointer-arith -g -O2 -ffloat-store  -I/home/juli/Matlab/scctools/ports/c_symb/gmp-6.2.1/install/include  -L/home/juli/Matlab/scctools/ports/c_symb/gmp-6.2.1/install/lib conftest.c -lgmp  >&5
clang: warning: optimization flag '-ffloat-store' is not supported [-Wignored-optimization-argument]
emcc: warning: running limited binaryen optimizations because DWARF info requested (or indirectly required) [-Wlimited-postlink-optimizations]
configure:19202: $? = 0
configure:19202: ./conftest
configure:19202: $? = 0
configure:19204: result: yes
configure:19221: checking if gmp_printf supports "%Lf"
configure:19266: /usr/lib/emsdk/upstream/emscripten/emcc -o conftest -Wall -Wmissing-prototypes -Wpointer-arith -g -O2 -ffloat-store  -I/home/juli/Matlab/scctools/ports/c_symb/gmp-6.2.1/install/include  -L/home/juli/Matlab/scctools/ports/c_symb/gmp-6.2.1/install/lib conftest.c -lgmp  >&5
clang: warning: optimization flag '-ffloat-store' is not supported [-Wignored-optimization-argument]
emcc: warning: running limited binaryen optimizations because DWARF info requested (or indirectly required) [-Wlimited-postlink-optimizations]
configure:19266: $? = 0
configure:19266: ./conftest
configure:19266: $? = 0
configure:19268: result: yes
configure:19287: checking if gmp_printf supports "%td"
configure:19337: /usr/lib/emsdk/upstream/emscripten/emcc -o conftest -Wall -Wmissing-prototypes -Wpointer-arith -g -O2 -ffloat-store  -I/home/juli/Matlab/scctools/ports/c_symb/gmp-6.2.1/install/include  -L/home/juli/Matlab/scctools/ports/c_symb/gmp-6.2.1/install/lib conftest.c -lgmp  >&5
clang: warning: optimization flag '-ffloat-store' is not supported [-Wignored-optimization-argument]
emcc: warning: running limited binaryen optimizations because DWARF info requested (or indirectly required) [-Wlimited-postlink-optimizations]
configure:19337: $? = 0
configure:19337: ./conftest
configure:19337: $? = 0
configure:19339: result: yes
configure:19358: checking if gmp_printf supports the ' group flag
configure:19384: /usr/lib/emsdk/upstream/emscripten/emcc -o conftest -Wall -Wmissing-prototypes -Wpointer-arith -g -O2 -ffloat-store  -I/home/juli/Matlab/scctools/ports/c_symb/gmp-6.2.1/install/include  -L/home/juli/Matlab/scctools/ports/c_symb/gmp-6.2.1/install/lib conftest.c -lgmp  >&5
clang: warning: optimization flag '-ffloat-store' is not supported [-Wignored-optimization-argument]
emcc: warning: running limited binaryen optimizations because DWARF info requested (or indirectly required) [-Wlimited-postlink-optimizations]
configure:19384: $? = 0
configure:19384: ./conftest
configure:19384: $? = 0
configure:19386: result: yes
configure:19447: checking for __gmpn_sbpi1_divappr_q
configure:19447: /usr/lib/emsdk/upstream/emscripten/emcc -o conftest -Wall -Wmissing-prototypes -Wpointer-arith -g -O2 -ffloat-store  -I/home/juli/Matlab/scctools/ports/c_symb/gmp-6.2.1/install/include  -L/home/juli/Matlab/scctools/ports/c_symb/gmp-6.2.1/install/lib conftest.c -lgmp  >&5
clang: warning: optimization flag '-ffloat-store' is not supported [-Wignored-optimization-argument]
wasm-ld: warning: function signature mismatch: __gmpn_sbpi1_divappr_q
>>> defined as () -> i32 in /tmp/emscripten_temp_ahnreyzi/conftest_0.o
>>> defined as (i32, i32, i32, i32, i32, i32) -> i32 in /home/juli/Matlab/scctools/ports/c_symb/gmp-6.2.1/install/lib/libgmp.a(sbpi1_divappr_q.o)
emcc: warning: running limited binaryen optimizations because DWARF info requested (or indirectly required) [-Wlimited-postlink-optimizations]
configure:19447: $? = 0
configure:19447: result: yes
configure:19454: checking for __gmpn_invert_limb
configure:19454: /usr/lib/emsdk/upstream/emscripten/emcc -o conftest -Wall -Wmissing-prototypes -Wpointer-arith -g -O2 -ffloat-store  -I/home/juli/Matlab/scctools/ports/c_symb/gmp-6.2.1/install/include  -L/home/juli/Matlab/scctools/ports/c_symb/gmp-6.2.1/install/lib conftest.c -lgmp  >&5
clang: warning: optimization flag '-ffloat-store' is not supported [-Wignored-optimization-argument]
wasm-ld: error: /tmp/emscripten_temp_p44c3kmx/conftest_0.o: undefined symbol: __gmpn_invert_limb
emcc: error: '/usr/lib/emsdk/upstream/bin/wasm-ld -o conftest.wasm -L/home/juli/Matlab/scctools/ports/c_symb/gmp-6.2.1/install/lib /tmp/emscripten_temp_p44c3kmx/conftest_0.o /home/juli/Matlab/scctools/ports/c_symb/gmp-6.2.1/install/lib/libgmp.a -L/usr/lib/emsdk/upstream/emscripten/cache/sysroot/lib/wasm32-emscripten -lGL-getprocaddr -lal -lhtml5 -lstubs -lc -ldlmalloc -lcompiler_rt -lc++-noexcept -lc++abi-noexcept -lsockets -mllvm -combiner-global-alias-analysis=false -mllvm -enable-emscripten-sjlj -mllvm -disable-lsr /tmp/tmpd0r00adilibemscripten_js_symbols.so --export=_emscripten_stack_alloc --export=__get_temp_ret --export=__set_temp_ret --export=__funcs_on_exit --export=__wasm_call_ctors --export=emscripten_stack_get_current --export=_emscripten_stack_restore --export-if-defined=__start_em_asm --export-if-defined=__stop_em_asm --export-if-defined=__start_em_lib_deps --export-if-defined=__stop_em_lib_deps --export-if-defined=__start_em_js --export-if-defined=__stop_em_js --export-if-defined=main --export-if-defined=__main_argc_argv --export-if-defined=fflush --export-table -z stack-size=65536 --no-growable-memory --initial-heap=16777216 --no-entry --table-base=1 --global-base=1024' failed (returned 1)
configure:19454: $? = 1
configure: failed program was:
| /* confdefs.h */
| #define PACKAGE_NAME "MPFR"
| #define PACKAGE_TARNAME "mpfr"
| #define PACKAGE_VERSION "4.2.1"
| #define PACKAGE_STRING "MPFR 4.2.1"
| #define PACKAGE_BUGREPORT ""
| #define PACKAGE_URL ""
| #define HAVE_STDIO_H 1
| #define HAVE_STDLIB_H 1
| #define HAVE_STRING_H 1
| #define HAVE_INTTYPES_H 1
| #define HAVE_STDINT_H 1
| #define HAVE_STRINGS_H 1
| #define HAVE_SYS_STAT_H 1
| #define HAVE_SYS_TYPES_H 1
| #define HAVE_UNISTD_H 1
| #define STDC_HEADERS 1
| #define HAVE_DLFCN_H 1
| #define LT_OBJDIR ".libs/"
| #define HAVE_LITTLE_ENDIAN 1
| #define HAVE_CLOCK_GETTIME 1
| #define HAVE_LOCALE_H 1
| #define HAVE_WCHAR_H 1
| #define HAVE_STDARG 1
| #define HAVE_STRUCT_LCONV_DECIMAL_POINT 1
| #define HAVE_STRUCT_LCONV_THOUSANDS_SEP 1
| #define HAVE_ALLOCA_H 1
| #define HAVE_ALLOCA 1
| #define HAVE_UINTPTR_T 1
| #define HAVE_VA_COPY 1
| #define HAVE_SETLOCALE 1
| #define HAVE_GETTIMEOFDAY 1
| #define HAVE_SIGNAL 1
| #define HAVE_SIGACTION 1
| #define HAVE_LONG_LONG 1
| #define HAVE_INTMAX_T 1
| #define MPFR_HAVE_INTMAX_MAX 1
| #define MPFR_HAVE_NORETURN 1
| #define MPFR_HAVE_BUILTIN_UNREACHABLE 1
| #define MPFR_HAVE_CONSTRUCTOR_ATTR 1
| #define MPFR_HAVE_FESETROUND 1
| #define HAVE_SUBNORM_DBL 1
| #define HAVE_SUBNORM_FLT 1
| #define HAVE_SIGNEDZ 1
| #define HAVE_ROUND 1
| #define HAVE_TRUNC 1
| #define HAVE_FLOOR 1
| #define HAVE_CEIL 1
| #define HAVE_NEARBYINT 1
| #define MPFR_USE_THREAD_SAFE 1
| #define MPFR_USE_C11_THREAD_SAFE 1
| #define MPFR_WANT_FLOAT128 2
| #define _Float128 __float128
| #define MPFR_USE_STATIC_ASSERT 1
| #define HAVE_ATTRIBUTE_MODE 1
| #define MPFR_LONG_WITHIN_LIMB 1
| #define PRINTF_L 1
| #define PRINTF_T 1
| #define PRINTF_GROUPFLAG 1
| #define HAVE___GMPN_SBPI1_DIVAPPR_Q 1
| /* end confdefs.h.  */
| /* Define __gmpn_invert_limb to an innocuous variant, in case <limits.h> declares __gmpn_invert_limb.
|    For example, HP-UX 11i <limits.h> declares gettimeofday.  */
| #define __gmpn_invert_limb innocuous___gmpn_invert_limb
| 
| /* System header to define __stub macros and hopefully few prototypes,
|    which can conflict with char __gmpn_invert_limb (); below.  */
| 
| #include <limits.h>
| #undef __gmpn_invert_limb
| 
| /* Override any GCC internal prototype to avoid an error.
|    Use char because int might match the return type of a GCC
|    builtin and then its argument prototype would still apply.  */
| #ifdef __cplusplus
| extern "C"
| #endif
| char __gmpn_invert_limb ();
| /* The GNU C library defines this for functions which it implements
|     to always fail with ENOSYS.  Some functions are actually named
|     something starting with __ and the normal name is an alias.  */
| #if defined __stub___gmpn_invert_limb || defined __stub_____gmpn_invert_limb
| choke me
| #endif
| 
| int
| main (void)
| {
| return __gmpn_invert_limb ();
|   ;
|   return 0;
| }
configure:19454: result: no
configure:19461: checking for __gmpn_rsblsh1_n
configure:19461: /usr/lib/emsdk/upstream/emscripten/emcc -o conftest -Wall -Wmissing-prototypes -Wpointer-arith -g -O2 -ffloat-store  -I/home/juli/Matlab/scctools/ports/c_symb/gmp-6.2.1/install/include  -L/home/juli/Matlab/scctools/ports/c_symb/gmp-6.2.1/install/lib conftest.c -lgmp  >&5
clang: warning: optimization flag '-ffloat-store' is not supported [-Wignored-optimization-argument]
wasm-ld: error: /tmp/emscripten_temp_wnkp5kkp/conftest_0.o: undefined symbol: __gmpn_rsblsh1_n
emcc: error: '/usr/lib/emsdk/upstream/bin/wasm-ld -o conftest.wasm -L/home/juli/Matlab/scctools/ports/c_symb/gmp-6.2.1/install/lib /tmp/emscripten_temp_wnkp5kkp/conftest_0.o /home/juli/Matlab/scctools/ports/c_symb/gmp-6.2.1/install/lib/libgmp.a -L/usr/lib/emsdk/upstream/emscripten/cache/sysroot/lib/wasm32-emscripten -lGL-getprocaddr -lal -lhtml5 -lstubs -lc -ldlmalloc -lcompiler_rt -lc++-noexcept -lc++abi-noexcept -lsockets -mllvm -combiner-global-alias-analysis=false -mllvm -enable-emscripten-sjlj -mllvm -disable-lsr /tmp/tmprriwkql2libemscripten_js_symbols.so --export=_emscripten_stack_alloc --export=__get_temp_ret --export=__set_temp_ret --export=__funcs_on_exit --export=__wasm_call_ctors --export=emscripten_stack_get_current --export=_emscripten_stack_restore --export-if-defined=__start_em_asm --export-if-defined=__stop_em_asm --export-if-defined=__start_em_lib_deps --export-if-defined=__stop_em_lib_deps --export-if-defined=__start_em_js --export-if-defined=__stop_em_js --export-if-defined=main --export-if-defined=__main_argc_argv --export-if-defined=fflush --export-table -z stack-size=65536 --no-growable-memory --initial-heap=16777216 --no-entry --table-base=1 --global-base=1024' failed (returned 1)
configure:19461: $? = 1
configure: failed program was:
| /* confdefs.h */
| #define PACKAGE_NAME "MPFR"
| #define PACKAGE_TARNAME "mpfr"
| #define PACKAGE_VERSION "4.2.1"
| #define PACKAGE_STRING "MPFR 4.2.1"
| #define PACKAGE_BUGREPORT ""
| #define PACKAGE_URL ""
| #define HAVE_STDIO_H 1
| #define HAVE_STDLIB_H 1
| #define HAVE_STRING_H 1
| #define HAVE_INTTYPES_H 1
| #define HAVE_STDINT_H 1
| #define HAVE_STRINGS_H 1
| #define HAVE_SYS_STAT_H 1
| #define HAVE_SYS_TYPES_H 1
| #define HAVE_UNISTD_H 1
| #define STDC_HEADERS 1
| #define HAVE_DLFCN_H 1
| #define LT_OBJDIR ".libs/"
| #define HAVE_LITTLE_ENDIAN 1
| #define HAVE_CLOCK_GETTIME 1
| #define HAVE_LOCALE_H 1
| #define HAVE_WCHAR_H 1
| #define HAVE_STDARG 1
| #define HAVE_STRUCT_LCONV_DECIMAL_POINT 1
| #define HAVE_STRUCT_LCONV_THOUSANDS_SEP 1
| #define HAVE_ALLOCA_H 1
| #define HAVE_ALLOCA 1
| #define HAVE_UINTPTR_T 1
| #define HAVE_VA_COPY 1
| #define HAVE_SETLOCALE 1
| #define HAVE_GETTIMEOFDAY 1
| #define HAVE_SIGNAL 1
| #define HAVE_SIGACTION 1
| #define HAVE_LONG_LONG 1
| #define HAVE_INTMAX_T 1
| #define MPFR_HAVE_INTMAX_MAX 1
| #define MPFR_HAVE_NORETURN 1
| #define MPFR_HAVE_BUILTIN_UNREACHABLE 1
| #define MPFR_HAVE_CONSTRUCTOR_ATTR 1
| #define MPFR_HAVE_FESETROUND 1
| #define HAVE_SUBNORM_DBL 1
| #define HAVE_SUBNORM_FLT 1
| #define HAVE_SIGNEDZ 1
| #define HAVE_ROUND 1
| #define HAVE_TRUNC 1
| #define HAVE_FLOOR 1
| #define HAVE_CEIL 1
| #define HAVE_NEARBYINT 1
| #define MPFR_USE_THREAD_SAFE 1
| #define MPFR_USE_C11_THREAD_SAFE 1
| #define MPFR_WANT_FLOAT128 2
| #define _Float128 __float128
| #define MPFR_USE_STATIC_ASSERT 1
| #define HAVE_ATTRIBUTE_MODE 1
| #define MPFR_LONG_WITHIN_LIMB 1
| #define PRINTF_L 1
| #define PRINTF_T 1
| #define PRINTF_GROUPFLAG 1
| #define HAVE___GMPN_SBPI1_DIVAPPR_Q 1
| /* end confdefs.h.  */
| /* Define __gmpn_rsblsh1_n to an innocuous variant, in case <limits.h> declares __gmpn_rsblsh1_n.
|    For example, HP-UX 11i <limits.h> declares gettimeofday.  */
| #define __gmpn_rsblsh1_n innocuous___gmpn_rsblsh1_n
| 
| /* System header to define __stub macros and hopefully few prototypes,
|    which can conflict with char __gmpn_rsblsh1_n (); below.  */
| 
| #include <limits.h>
| #undef __gmpn_rsblsh1_n
| 
| /* Override any GCC internal prototype to avoid an error.
|    Use char because int might match the return type of a GCC
|    builtin and then its argument prototype would still apply.  */
| #ifdef __cplusplus
| extern "C"
| #endif
| char __gmpn_rsblsh1_n ();
| /* The GNU C library defines this for functions which it implements
|     to always fail with ENOSYS.  Some functions are actually named
|     something starting with __ and the normal name is an alias.  */
| #if defined __stub___gmpn_rsblsh1_n || defined __stub_____gmpn_rsblsh1_n
| choke me
| #endif
| 
| int
| main (void)
| {
| return __gmpn_rsblsh1_n ();
|   ;
|   return 0;
| }
configure:19461: result: no
configure:19514: checking for getrusage
configure:19514: /usr/lib/emsdk/upstream/emscripten/emcc -o conftest -Wall -Wmissing-prototypes -Wpointer-arith -g -O2 -ffloat-store  -I/home/juli/Matlab/scctools/ports/c_symb/gmp-6.2.1/install/include  -L/home/juli/Matlab/scctools/ports/c_symb/gmp-6.2.1/install/lib conftest.c -lgmp  >&5
clang: warning: optimization flag '-ffloat-store' is not supported [-Wignored-optimization-argument]
wasm-ld: warning: function signature mismatch: getrusage
>>> defined as () -> i32 in /tmp/emscripten_temp_ou02_pfi/conftest_0.o
>>> defined as (i32, i32) -> i32 in /usr/lib/emsdk/upstream/emscripten/cache/sysroot/lib/wasm32-emscripten/libc.a(getrusage.o)
emcc: warning: running limited binaryen optimizations because DWARF info requested (or indirectly required) [-Wlimited-postlink-optimizations]
configure:19514: $? = 0
configure:19514: result: yes
configure:19677: checking that generated files are newer than configure
configure:19683: result: done
configure:19714: creating ./config.status

## ---------------------- ##
## Running config.status. ##
## ---------------------- ##

This file was extended by MPFR config.status 4.2.1, which was
generated by GNU Autoconf 2.71.  Invocation command line was

  CONFIG_FILES    = 
  CONFIG_HEADERS  = 
  CONFIG_LINKS    = 
  CONFIG_COMMANDS = 
  $ ./config.status 

on cape-town

config.status:1033: creating Makefile
config.status:1033: creating mpfr.pc
config.status:1033: creating doc/Makefile
config.status:1033: creating src/Makefile
config.status:1033: creating tests/Makefile
config.status:1033: creating tune/Makefile
config.status:1033: creating src/mparam.h
config.status:1033: creating tools/bench/Makefile
config.status:1205: executing depfiles commands
config.status:1282: cd src       && sed -e '/# am--include-marker/d' Makefile         | make -f - am--depfiles
config.status:1287: $? = 0
config.status:1282: cd tests       && sed -e '/# am--include-marker/d' Makefile         | make -f - am--depfiles
config.status:1287: $? = 0
config.status:1282: cd tune       && sed -e '/# am--include-marker/d' Makefile         | make -f - am--depfiles
config.status:1287: $? = 0
config.status:1282: cd tools/bench       && sed -e '/# am--include-marker/d' Makefile         | make -f - am--depfiles
config.status:1287: $? = 0
config.status:1205: executing libtool commands

## ---------------- ##
## Cache variables. ##
## ---------------- ##

ac_cv_build=x86_64-pc-linux-gnu
ac_cv_c_bigendian=no
ac_cv_c_compiler_gnu=yes
ac_cv_c_const=yes
ac_cv_c_volatile=yes
ac_cv_env_CC_set=set
ac_cv_env_CC_value=/usr/lib/emsdk/upstream/emscripten/emcc
ac_cv_env_CFLAGS_set=
ac_cv_env_CFLAGS_value=
ac_cv_env_CPPFLAGS_set=
ac_cv_env_CPPFLAGS_value=
ac_cv_env_CPP_set=
ac_cv_env_CPP_value=
ac_cv_env_LDFLAGS_set=
ac_cv_env_LDFLAGS_value=
ac_cv_env_LIBS_set=
ac_cv_env_LIBS_value=
ac_cv_env_LT_SYS_LIBRARY_PATH_set=
ac_cv_env_LT_SYS_LIBRARY_PATH_value=
ac_cv_env_build_alias_set=
ac_cv_env_build_alias_value=
ac_cv_env_host_alias_set=set
ac_cv_env_host_alias_value=none
ac_cv_env_target_alias_set=
ac_cv_env_target_alias_value=
ac_cv_func___gmpn_invert_limb=no
ac_cv_func___gmpn_rsblsh1_n=no
ac_cv_func___gmpn_sbpi1_divappr_q=yes
ac_cv_func_alloca_works=yes
ac_cv_func_getrusage=yes
ac_cv_func_gettimeofday=yes
ac_cv_func_setlocale=yes
ac_cv_func_signal=yes
ac_cv_header_dlfcn_h=yes
ac_cv_header_float_h=yes
ac_cv_header_inttypes_h=yes
ac_cv_header_limits_h=yes
ac_cv_header_locale_h=yes
ac_cv_header_stdarg_h=yes
ac_cv_header_stdint_h=yes
ac_cv_header_stdio_h=yes
ac_cv_header_stdlib_h=yes
ac_cv_header_string_h=yes
ac_cv_header_strings_h=yes
ac_cv_header_sys_fpu_h=no
ac_cv_header_sys_stat_h=yes
ac_cv_header_sys_types_h=yes
ac_cv_header_unistd_h=yes
ac_cv_header_wchar_h=yes
ac_cv_host=none-none-none
ac_cv_member_struct_lconv_decimal_point=yes
ac_cv_member_struct_lconv_thousands_sep=yes
ac_cv_objext=o
ac_cv_path_EGREP='/usr/bin/grep -E'
ac_cv_path_FGREP='/usr/bin/grep -F'
ac_cv_path_GREP=/usr/bin/grep
ac_cv_path_SED=/usr/bin/sed
ac_cv_path_install='/usr/bin/install -c'
ac_cv_path_lt_DD=/usr/bin/dd
ac_cv_path_mkdir=/usr/bin/mkdir
ac_cv_prog_AR=/usr/lib/emsdk/upstream/emscripten/emar
ac_cv_prog_AWK=gawk
ac_cv_prog_CC=/usr/lib/emsdk/upstream/emscripten/emcc
ac_cv_prog_CPP='/usr/lib/emsdk/upstream/emscripten/emcc -E'
ac_cv_prog_RANLIB=/usr/lib/emsdk/upstream/emscripten/emranlib
ac_cv_prog_STRIP=strip
ac_cv_prog_ac_ct_FILECMD=file
ac_cv_prog_ac_ct_OBJDUMP=objdump
ac_cv_prog_ac_ct_STRIP=strip
ac_cv_prog_cc_c11=
ac_cv_prog_cc_g=yes
ac_cv_prog_cc_stdc=
ac_cv_prog_make_make_set=yes
ac_cv_search_clock_gettime='none required'
ac_cv_type_intmax_t=yes
ac_cv_type_long_long_int=yes
ac_cv_type_size_t=yes
ac_cv_type_uintptr_t=yes
ac_cv_type_union_fpc_csr=no
ac_cv_working_alloca_h=yes
am_cv_CC_dependencies_compiler_type=gcc3
am_cv_ar_interface=ar
am_cv_make_support_nested_variables=yes
am_cv_prog_cc_c_o=yes
gmp_cv_c_attribute_mode=yes
lt_cv_ar_at_file=@
lt_cv_deplibs_check_method=unknown
lt_cv_file_magic_cmd='$MAGIC_CMD'
lt_cv_file_magic_test_file=
lt_cv_ld_reload_flag=-r
lt_cv_nm_interface='BSD nm'
lt_cv_objdir=.libs
lt_cv_path_LD=/usr/lib/emsdk/upstream/emscripten/emcc
lt_cv_path_NM=/usr/lib/emsdk/upstream/bin/llvm-nm
lt_cv_path_mainfest_tool=no
lt_cv_prog_compiler_c_o=yes
lt_cv_prog_compiler_pic='-fPIC -DPIC'
lt_cv_prog_compiler_pic_works=yes
lt_cv_prog_compiler_rtti_exceptions=yes
lt_cv_prog_compiler_static_works=yes
lt_cv_prog_gnu_ld=yes
lt_cv_sharedlib_from_linklib_cmd='printf %s\n'
lt_cv_sys_global_symbol_pipe='/usr/bin/sed -n -e '\''s/^.*[	 ]\([ABCDGIRSTW][ABCDGIRSTW]*\)[	 ][	 ]*\([_A-Za-z][_A-Za-z0-9]*\)$/\1 \2 \2/p'\'' | /usr/bin/sed '\''/ __gnu_lto/d'\'''
lt_cv_sys_global_symbol_to_c_name_address='/usr/bin/sed -n -e '\''s/^: \(.*\) .*$/  {"\1", (void *) 0},/p'\'' -e '\''s/^[ABCDGIRSTW][ABCDGIRSTW]* .* \(.*\)$/  {"\1", (void *) \&\1},/p'\'''
lt_cv_sys_global_symbol_to_c_name_address_lib_prefix='/usr/bin/sed -n -e '\''s/^: \(.*\) .*$/  {"\1", (void *) 0},/p'\'' -e '\''s/^[ABCDGIRSTW][ABCDGIRSTW]* .* \(lib.*\)$/  {"\1", (void *) \&\1},/p'\'' -e '\''s/^[ABCDGIRSTW][ABCDGIRSTW]* .* \(.*\)$/  {"lib\1", (void *) \&\1},/p'\'''
lt_cv_sys_global_symbol_to_cdecl='/usr/bin/sed -n -e '\''s/^T .* \(.*\)$/extern int \1();/p'\'' -e '\''s/^[ABCDGIRSTW][ABCDGIRSTW]* .* \(.*\)$/extern char \1;/p'\'''
lt_cv_sys_global_symbol_to_import=
lt_cv_sys_max_cmd_len=1572864
lt_cv_to_host_file_cmd=func_convert_file_noop
lt_cv_to_tool_file_cmd=func_convert_file_noop
lt_cv_truncate_bin='/usr/bin/dd bs=4096 count=1'
mpfr_cv_c_double_format='unknown '
mpfr_cv_c_long_double_format='unknown '
mpfr_cv_check_gmp=yes
mpfr_cv_dbl_int_bug=no
mpfr_cv_errdivzero=no
mpfr_cv_gcc_floatconv_bug='yes, use -ffloat-store'
mpfr_cv_have_builtin_unreachable=yes
mpfr_cv_have_fesetround=yes
mpfr_cv_have_intmax_max=yes
mpfr_cv_have_noreturn=yes
mpfr_cv_have_signedz=yes
mpfr_cv_have_subnorm_dbl=yes
mpfr_cv_have_subnorm_flt=yes
mpfr_cv_intmax_within_limb=no
mpfr_cv_long_within_limb=yes
mpfr_cv_nanisnan=no

## ----------------- ##
## Output variables. ##
## ----------------- ##

ACLOCAL='${SHELL} '\''/home/juli/Matlab/scctools/ports/c_symb/mpfr-4.2.1/missing'\'' aclocal-1.16'
ALLOCA=''
AMDEPBACKSLASH='\'
AMDEP_FALSE='#'
AMDEP_TRUE=''
AMTAR='$${TAR-tar}'
AM_BACKSLASH='\'
AM_DEFAULT_V='$(AM_DEFAULT_VERBOSITY)'
AM_DEFAULT_VERBOSITY='1'
AM_V='$(V)'
AR='/usr/lib/emsdk/upstream/emscripten/emar'
AS='as'
AUTOCONF='${SHELL} '\''/home/juli/Matlab/scctools/ports/c_symb/mpfr-4.2.1/missing'\'' autoconf'
AUTOHEADER='${SHELL} '\''/home/juli/Matlab/scctools/ports/c_symb/mpfr-4.2.1/missing'\'' autoheader'
AUTOMAKE='${SHELL} '\''/home/juli/Matlab/scctools/ports/c_symb/mpfr-4.2.1/missing'\'' automake-1.16'
AWK='gawk'
CC='/usr/lib/emsdk/upstream/emscripten/emcc'
CCDEPMODE='depmode=gcc3'
CFLAGS='-Wall -Wmissing-prototypes -Wpointer-arith -g -O2 -ffloat-store'
CPP='/usr/lib/emsdk/upstream/emscripten/emcc -E'
CPPFLAGS=' -I/home/juli/Matlab/scctools/ports/c_symb/gmp-6.2.1/install/include'
CSCOPE='cscope'
CTAGS='ctags'
CYGPATH_W='echo'
DATAFILES=''
DEFS='-DHAVE_STDIO_H=1 -DHAVE_INTTYPES_H=1 -DHAVE_STDINT_H=1 -DLT_OBJDIR=\".libs/\" -DHAVE_LITTLE_ENDIAN=1 -DHAVE_CLOCK_GETTIME=1 -DHAVE_LOCALE_H=1 -DHAVE_WCHAR_H=1 -DHAVE_STDARG=1 -DHAVE_STRUCT_LCONV_DECIMAL_POINT=1 -DHAVE_STRUCT_LCONV_THOUSANDS_SEP=1 -DHAVE_ALLOCA_H=1 -DHAVE_ALLOCA=1 -DHAVE_UINTPTR_T=1 -DHAVE_VA_COPY=1 -DHAVE_SETLOCALE=1 -DHAVE_GETTIMEOFDAY=1 -DHAVE_SIGNAL=1 -DHAVE_SIGACTION=1 -DHAVE_LONG_LONG=1 -DHAVE_INTMAX_T=1 -DMPFR_HAVE_INTMAX_MAX=1 -DMPFR_HAVE_NORETURN=1 -DMPFR_HAVE_BUILTIN_UNREACHABLE=1 -DMPFR_HAVE_CONSTRUCTOR_ATTR=1 -DMPFR_HAVE_FESETROUND=1 -DHAVE_SUBNORM_DBL=1 -DHAVE_SUBNORM_FLT=1 -DHAVE_SIGNEDZ=1 -DHAVE_ROUND=1 -DHAVE_TRUNC=1 -DHAVE_FLOOR=1 -DHAVE_CEIL=1 -DHAVE_NEARBYINT=1 -DMPFR_USE_THREAD_SAFE=1 -DMPFR_USE_C11_THREAD_SAFE=1 -DMPFR_WANT_FLOAT128=2 -D_Float128=__float128 -DMPFR_USE_STATIC_ASSERT=1 -DHAVE_ATTRIBUTE_MODE=1 -DMPFR_LONG_WITHIN_LIMB=1 -DPRINTF_L=1 -DPRINTF_T=1 -DPRINTF_GROUPFLAG=1 -DHAVE___GMPN_SBPI1_DIVAPPR_Q=1 -DHAVE_GETRUSAGE=1'
DEPDIR='.deps'
DLLTOOL='false'
DSYMUTIL=''
DUMPBIN=''
ECHO_C=''
ECHO_N='-n'
ECHO_T=''
EGREP='/usr/bin/grep -E'
ETAGS='etags'
EXEEXT=''
FGREP='/usr/bin/grep -F'
FILECMD='file'
GREP='/usr/bin/grep'
INSTALL_DATA='${INSTALL} -m 644'
INSTALL_PROGRAM='${INSTALL}'
INSTALL_SCRIPT='${INSTALL}'
INSTALL_STRIP_PROGRAM='$(install_sh) -c -s'
LD='/usr/lib/emsdk/upstream/emscripten/emcc'
LDFLAGS=' -L/home/juli/Matlab/scctools/ports/c_symb/gmp-6.2.1/install/lib'
LIBMPFR_LDFLAGS=''
LIBOBJS=''
LIBS='-lgmp '
LIBTOOL='$(SHELL) $(top_builddir)/libtool'
LIPO=''
LN_S='ln -s'
LTLIBOBJS=''
LT_SYS_LIBRARY_PATH=''
MAINT=''
MAINTAINER_MODE_FALSE='#'
MAINTAINER_MODE_TRUE=''
MAKEINFO='${SHELL} '\''/home/juli/Matlab/scctools/ports/c_symb/mpfr-4.2.1/missing'\'' makeinfo'
MANIFEST_TOOL=':'
MINI_GMP_FALSE=''
MINI_GMP_TRUE='#'
MKDIR_P='/usr/bin/mkdir -p'
MPFR_LDFLAGS=''
MPFR_LIBM='-lm'
MPFR_LIBQUADMATH=''
NM='/usr/lib/emsdk/upstream/bin/llvm-nm'
NMEDIT=''
OBJDUMP='objdump'
OBJEXT='o'
OTOOL64=''
OTOOL=''
PACKAGE='mpfr'
PACKAGE_BUGREPORT=''
PACKAGE_NAME='MPFR'
PACKAGE_STRING='MPFR 4.2.1'
PACKAGE_TARNAME='mpfr'
PACKAGE_URL=''
PACKAGE_VERSION='4.2.1'
PATH_SEPARATOR=':'
PTHREAD_CC=''
PTHREAD_CFLAGS=''
PTHREAD_CXX=''
PTHREAD_LIBS=''
RANLIB='/usr/lib/emsdk/upstream/emscripten/emranlib'
SED='/usr/bin/sed'
SET_MAKE=''
SHELL='/bin/sh'
STRIP='strip'
TUNE_LIBS=''
VERSION='4.2.1'
ac_ct_AR=''
ac_ct_CC=''
ac_ct_DUMPBIN=''
am__EXEEXT_FALSE=''
am__EXEEXT_TRUE='#'
am__fastdepCC_FALSE='#'
am__fastdepCC_TRUE=''
am__include='include'
am__isrc=''
am__leading_dot='.'
am__nodep='_no'
am__quote=''
am__tar='$${TAR-tar} chof - "$$tardir"'
am__untar='$${TAR-tar} xf -'
ax_pthread_config=''
bindir='${exec_prefix}/bin'
build='x86_64-pc-linux-gnu'
build_alias=''
build_cpu='x86_64'
build_os='linux-gnu'
build_vendor='pc'
datadir='${datarootdir}'
datarootdir='${prefix}/share'
docdir='${datarootdir}/doc/${PACKAGE_TARNAME}'
dvidir='${docdir}'
exec_prefix='${prefix}'
host='none-none-none'
host_alias='none'
host_cpu='none'
host_os='none'
host_vendor='none'
htmldir='${docdir}'
includedir='${prefix}/include'
infodir='${datarootdir}/info'
install_sh='${SHELL} /home/juli/Matlab/scctools/ports/c_symb/mpfr-4.2.1/install-sh'
libdir='${exec_prefix}/lib'
libexecdir='${exec_prefix}/libexec'
localedir='${datarootdir}/locale'
localstatedir='${prefix}/var'
mandir='${datarootdir}/man'
mini_gmp_path=''
mkdir_p='$(MKDIR_P)'
oldincludedir='/usr/include'
pdfdir='${docdir}'
prefix='/home/juli/Matlab/scctools/ports/c_symb/mpfr-4.2.1/install'
program_transform_name='s,x,x,'
psdir='${docdir}'
runstatedir='${localstatedir}/run'
sbindir='${exec_prefix}/sbin'
sharedstatedir='${prefix}/com'
sysconfdir='${prefix}/etc'
target_alias=''

## ----------- ##
## confdefs.h. ##
## ----------- ##

/* confdefs.h */
#define HAVE_STDIO_H 1
#define HAVE_INTTYPES_H 1
#define HAVE_STDINT_H 1
#define LT_OBJDIR ".libs/"
#define HAVE_LITTLE_ENDIAN 1
#define HAVE_CLOCK_GETTIME 1
#define HAVE_LOCALE_H 1
#define HAVE_WCHAR_H 1
#define HAVE_STDARG 1
#define HAVE_STRUCT_LCONV_DECIMAL_POINT 1
#define HAVE_STRUCT_LCONV_THOUSANDS_SEP 1
#define HAVE_ALLOCA_H 1
#define HAVE_ALLOCA 1
#define HAVE_UINTPTR_T 1
#define HAVE_VA_COPY 1
#define HAVE_SETLOCALE 1
#define HAVE_GETTIMEOFDAY 1
#define HAVE_SIGNAL 1
#define HAVE_SIGACTION 1
#define HAVE_LONG_LONG 1
#define HAVE_INTMAX_T 1
#define MPFR_HAVE_INTMAX_MAX 1
#define MPFR_HAVE_NORETURN 1
#define MPFR_HAVE_BUILTIN_UNREACHABLE 1
#define MPFR_HAVE_CONSTRUCTOR_ATTR 1
#define MPFR_HAVE_FESETROUND 1
#define HAVE_SUBNORM_DBL 1
#define HAVE_SUBNORM_FLT 1
#define HAVE_SIGNEDZ 1
#define HAVE_ROUND 1
#define HAVE_TRUNC 1
#define HAVE_FLOOR 1
#define HAVE_CEIL 1
#define HAVE_NEARBYINT 1
#define MPFR_USE_THREAD_SAFE 1
#define MPFR_USE_C11_THREAD_SAFE 1
#define MPFR_WANT_FLOAT128 2
#define _Float128 __float128
#define MPFR_USE_STATIC_ASSERT 1
#define HAVE_ATTRIBUTE_MODE 1
#define MPFR_LONG_WITHIN_LIMB 1
#define PRINTF_L 1
#define PRINTF_T 1
#define PRINTF_GROUPFLAG 1
#define HAVE___GMPN_SBPI1_DIVAPPR_Q 1
#define HAVE_GETRUSAGE 1

configure: exit 0
